Customer_ID,Gender,Age,City,Tenure_Months,Contract_Type,Plan_Type,Internet_Service,Payment_Method,Monthly_Charges,Total_Charges,Data_Usage_GB,Support_Calls,Late_Payments,Satisfaction_Score,Discount_Percent,Churn
CUST10001,Female,56,Bengaluru,4,Monthly,Standard,Fiber,Debit Card,1180.2,3966.47,161.2,3.0,0.0,6.0,15.0,Yes
CUST10002,Male,69,Bengaluru,12,Monthly,Premium,Fiber,Debit Card,1641.19,16612.79,174.8,5.0,0.0,8.0,15.0,No
CUST10003,Female,46,Jaipur,10,Monthly,Basic,Fiber,UPI,926.51,9375.61,211.0,3.0,0.0,6.0,0.0,No
CUST10004,Male,32,Chennai,20,Monthly,Basic,Fiber,UPI,843.23,15423.29,232.0,5.0,2.0,5.0,10.0,Yes
CUST10005,Male,60,Hyderabad,26,Monthly,Premium,Fiber,Bank Transfer,1589.7,37865.52,45.8,5.0,0.0,5.0,10.0,Yes
CUST10006,Female,25,Bengaluru,24,Monthly,Standard,DSL,Debit Card,930.25,22955.01,112.3,0.0,0.0,8.0,0.0,No
CUST10007,Female,38,Pune,16,Monthly,Standard,Fiber,Debit Card,1074.28,14774.92,163.8,0.0,0.0,7.0,15.0,No
CUST10008,Female,56,,34,Quarterly,Standard,,Debit Card,755.54,24704.65,0.5,0.0,,7.0,0.0,No
CUST10009,Male,36,Ahmedabad,50,Yearly,Standard,Fiber,Bank Transfer,,49420.57,199.8,1.0,1.0,7.0,15.0,No
CUST10010,Female,40,Pune,4,Monthly,Standard,DSL,UPI,1098.9,4880.45,162.1,0.0,2.0,7.0,0.0,Yes
CUST10011,Male,28,Bengaluru,10,Monthly,Basic,DSL,Debit Card,687.4,5871.83,62.4,5.0,0.0,3.0,10.0,Yes
CUST10012,Female,28,Bengaluru,22,Monthly,Standard,Fiber,Credit Card,1189.91,26699.59,195.7,2.0,1.0,9.0,0.0,No
CUST10013,Female,41,Bengaluru,35,Yearly,Standard,DSL,Bank Transfer,1067.5,35906.76,91.6,6.0,1.0,7.0,5.0,No
CUST10014,Female,70,Mumbai,29,Yearly,Standard,DSL,Credit Card,1172.88,33920.96,,2.0,1.0,5.0,0.0,No
CUST10015,Male,53,Bengaluru,59,Monthly,Standard,Fiber,Cash,1204.47,70651.25,125.7,0.0,0.0,7.0,0.0,No
CUST10016,Female,57,Mumbai,45,Monthly,Premium,,Credit Card,1258.03,42373.8,0.7,4.0,2.0,5.0,25.0,No
CUST10017,Female,41,Delhi,34,Quarterly,Standard,Fiber,Cash,1151.57,39254.68,70.5,3.0,1.0,7.0,0.0,No
CUST10018,Male,20,Kochi,18,Quarterly,Premium,Fiber,Bank Transfer,1746.94,29181.15,195.8,2.0,1.0,7.0,5.0,No
CUST10019,Male,39,Pune,17,Monthly,Standard,DSL,Debit Card,1111.17,17465.2,78.3,4.0,1.0,5.0,10.0,No
CUST10020,Female,70,Ahmedabad,44,Quarterly,Standard,Fiber,Credit Card,1111.11,49239.62,100.3,2.0,1.0,9.0,0.0,No
CUST10021,Female,19,Kolkata,49,Quarterly,Basic,DSL,Credit Card,869.84,42715.71,117.3,2.0,0.0,7.0,0.0,No
CUST10022,Female,41,Bengaluru,72,Yearly,Basic,DSL,Bank Transfer,807.34,58223.85,44.5,1.0,0.0,10.0,0.0,No
CUST10023,Male,61,Kolkata,22,Monthly,Standard,,Debit Card,868.72,17911.71,3.6,4.0,0.0,6.0,10.0,No
CUST10024,Male,47,Mumbai,23,Yearly,Standard,Fiber,Credit Card,1252.83,22685.91,174.7,3.0,0.0,8.0,20.0,No
CUST10025,Male,55,Pune,7,Monthly,Standard,,Debit Card,940.87,5419.99,5.2,4.0,0.0,7.0,15.0,No
CUST10026,Male,19,Delhi,59,Quarterly,Standard,Fiber,Bank Transfer,1139.76,50465.61,176.1,3.0,1.0,5.0,25.0,No
CUST10027,Female,38,Kochi,28,Quarterly,Premium,Fiber,UPI,1568.83,39244.59,188.3,2.0,1.0,7.0,10.0,No
CUST10028,Male,50,Mumbai,61,Monthly,Premium,Fiber,UPI,1596.93,72995.74,248.0,1.0,0.0,8.0,25.0,No
CUST10029,Male,29,Mumbai,6,Quarterly,Basic,DSL,UPI,650.8,3117.05,38.8,2.0,1.0,8.0,0.0,No
CUST10030,Male,39,Jaipur,19,Monthly,Standard,Fiber,UPI,1258.35,22522.86,104.6,0.0,1.0,7.0,5.0,No
CUST10031,,61,Bengaluru,19,Monthly,Standard,DSL,Credit Card,1027.96,18494.44,55.6,4.0,0.0,6.0,5.0,Yes
CUST10032,,42,Pune,35,,Basic,Fiber,Bank Transfer,869.15,30045.92,158.8,2.0,1.0,8.0,0.0,No
CUST10033,Male,66,Kolkata,27,Monthly,Basic,Fiber,Credit Card,,20121.55,118.4,2.0,0.0,5.0,15.0,Yes
CUST10034,Male,44,Ahmedabad,30,Monthly,Premium,,UPI,1247.28,37636.97,1.8,2.0,1.0,5.0,0.0,No
CUST10035,Female,59,Kochi,14,Yearly,Premium,Fiber,Credit Card,1612.46,20262.25,173.9,1.0,0.0,8.0,10.0,No
CUST10036,Female,45,Kochi,28,Monthly,Standard,Fiber,Cash,1279.68,33740.59,214.5,2.0,0.0,7.0,5.0,No
CUST10037,Female,33,Bengaluru,35,Monthly,Standard,DSL,Credit Card,1131.93,38847.71,127.7,1.0,0.0,7.0,0.0,No
CUST10038,Female,32,Ahmedabad,21,Monthly,Standard,Fiber,Cash,1109.31,22954.3,246.3,0.0,2.0,8.0,0.0,Yes
CUST10039,Female,64,Pune,15,Monthly,Standard,DSL,UPI,1086.84,16335.77,80.8,3.0,0.0,7.0,0.0,No
CUST10040,Female,68,Pune,9,Monthly,Standard,Fiber,UPI,1298.39,,159.7,1.0,1.0,8.0,25.0,Yes
CUST10041,Female,61,Bengaluru,39,Monthly,Standard,Fiber,Bank Transfer,1182.19,41119.87,215.0,0.0,0.0,8.0,10.0,No
CUST10042,Female,69,Pune,29,Monthly,Basic,Fiber,Credit Card,886.4,25256.08,219.6,0.0,1.0,6.0,5.0,No
CUST10043,Male,20,Kochi,72,Monthly,Premium,Fiber,Bank Transfer,1568.26,113462.8,151.3,4.0,0.0,6.0,0.0,No
CUST10044,Male,54,Jaipur,44,Quarterly,Standard,DSL,Bank Transfer,1093.06,45470.96,69.9,1.0,0.0,7.0,5.0,No
CUST10045,Male,68,Hyderabad,6,Quarterly,Standard,Fiber,UPI,1222.99,7630.31,205.9,6.0,1.0,4.0,0.0,No
CUST10046,Male,24,Bengaluru,7,Monthly,Premium,DSL,Debit Card,1528.37,9742.04,110.4,2.0,1.0,5.0,15.0,No
CUST10047,Male,38,Delhi,35,Monthly,Basic,Fiber,Debit Card,891.1,31362.35,166.9,1.0,1.0,6.0,0.0,No
CUST10048,Male,26,Ahmedabad,36,Yearly,,Fiber,Bank Transfer,1000.8,32342.93,205.3,3.0,1.0,5.0,10.0,No
CUST10049,Female,56,Pune,20,Monthly,Premium,DSL,Credit Card,1497.8,26053.77,117.1,1.0,0.0,9.0,10.0,No
CUST10050,Female,35,Hyderabad,39,Yearly,Premium,DSL,UPI,1544.11,57175.67,79.2,3.0,0.0,6.0,5.0,No
CUST10051,Male,21,Bengaluru,28,Monthly,Standard,DSL,Debit Card,1002.33,24880.11,133.9,3.0,0.0,8.0,10.0,No
CUST10052,Male,42,Hyderabad,24,Monthly,Basic,DSL,Cash,875.41,17561.29,47.1,2.0,4.0,5.0,15.0,Yes
CUST10053,Female,31,Hyderabad,43,Quarterly,Standard,Fiber,UPI,1155.56,49528.96,96.6,4.0,0.0,5.0,0.0,No
CUST10054,Female,67,Jaipur,2,Yearly,Basic,DSL,UPI,709.31,1166.46,92.0,3.0,0.0,6.0,10.0,No
CUST10055,Female,26,Pune,56,Monthly,Standard,Fiber,Credit Card,1168.51,58704.52,56.3,2.0,1.0,6.0,10.0,No
CUST10056,Male,43,Delhi,70,Monthly,Basic,Fiber,Bank Transfer,859.98,56521.57,328.7,1.0,0.0,8.0,5.0,No
CUST10057,Female,70,Chennai,7,Monthly,Premium,,Credit Card,1401.48,8935.93,1.3,2.0,0.0,8.0,0.0,Yes
CUST10058,Male,19,Bengaluru,36,Yearly,Standard,Fiber,UPI,1241.75,45114.77,107.4,5.0,0.0,7.0,0.0,No
CUST10059,Male,37,Kochi,9,Quarterly,Premium,DSL,Debit Card,1489.67,11575.07,90.7,0.0,1.0,5.0,20.0,No
CUST10060,Female,45,Delhi,13,Monthly,Basic,Fiber,UPI,748.68,9298.36,192.4,2.0,1.0,9.0,5.0,No
CUST10061,Female,64,Hyderabad,13,Monthly,Standard,Fiber,UPI,1302.84,16389.32,268.0,5.0,0.0,5.0,0.0,No
CUST10062,Male,24,Delhi,28,Monthly,Premium,Fiber,Credit Card,1516.92,42968.75,219.8,1.0,1.0,7.0,0.0,No
CUST10063,Female,61,Pune,26,Monthly,Basic,DSL,Credit Card,747.09,20459.86,125.4,1.0,0.0,9.0,0.0,No
CUST10064,Female,25,Pune,18,Monthly,Standard,Fiber,Credit Card,1143.66,21192.63,147.6,5.0,,6.0,0.0,No
CUST10065,Male,64,Kolkata,4,Quarterly,Standard,Fiber,UPI,1219.17,5305.62,206.3,3.0,0.0,8.0,5.0,No
CUST10066,Female,52,Mumbai,15,Monthly,Standard,DSL,Credit Card,1172.72,17006.89,120.0,3.0,0.0,8.0,0.0,No
CUST10067,Male,31,Delhi,56,Monthly,Basic,Fiber,Bank Transfer,823.09,38897.16,181.9,0.0,0.0,8.0,15.0,No
CUST10068,Male,34,Bengaluru,36,Quarterly,Standard,Fiber,Credit Card,1142.48,33506.93,175.6,1.0,1.0,8.0,20.0,Yes
CUST10069,Female,53,Pune,10,Monthly,Standard,DSL,Debit Card,1061.17,9477.35,149.2,0.0,3.0,6.0,5.0,No
CUST10070,Male,67,Bengaluru,24,Monthly,Standard,,UPI,975.6,18454.7,9.0,3.0,2.0,5.0,20.0,No
CUST10071,Male,57,Chennai,19,Monthly,Basic,Fiber,UPI,866.03,15726.37,87.0,1.0,0.0,6.0,5.0,No
CUST10072,Female,21,Ahmedabad,59,Monthly,Standard,DSL,Bank Transfer,992.7,52981.4,122.3,0.0,2.0,5.0,10.0,No
CUST10073,Female,19,Jaipur,19,Yearly,Standard,Fiber,Credit Card,1213.11,22911.57,180.9,1.0,1.0,6.0,0.0,Yes
CUST10074,Female,23,Hyderabad,8,Quarterly,Basic,Fiber,Credit Card,900.6,7209.95,71.7,0.0,0.0,7.0,0.0,No
CUST10075,Male,59,Hyderabad,18,,Standard,DSL,Bank Transfer,968.0,17506.61,111.8,1.0,1.0,6.0,0.0,No
CUST10076,Male,21,Bengaluru,59,Monthly,Premium,,Bank Transfer,1217.57,71723.13,0.5,2.0,0.0,8.0,0.0,No
CUST10077,Female,46,Pune,45,Monthly,Basic,Fiber,Bank Transfer,742.56,28151.74,123.2,5.0,0.0,5.0,15.0,No
CUST10078,,35,Ahmedabad,23,Quarterly,Standard,Fiber,Debit Card,1197.57,27483.18,136.9,5.0,2.0,6.0,0.0,No
CUST10079,Female,43,Mumbai,10,Monthly,Standard,Fiber,UPI,1100.32,10732.55,248.5,6.0,0.0,4.0,0.0,Yes
CUST10080,Female,61,Hyderabad,35,Monthly,Basic,Fiber,Cash,1097.52,31177.02,176.7,0.0,1.0,7.0,20.0,No
CUST10081,Male,51,Ahmedabad,8,Monthly,Basic,DSL,Cash,794.39,5872.41,74.8,2.0,0.0,7.0,10.0,Yes
CUST10082,Female,27,Jaipur,27,Monthly,Standard,Fiber,UPI,1220.3,31264.07,113.9,1.0,3.0,8.0,5.0,No
CUST10083,Male,53,Mumbai,33,Quarterly,Standard,Fiber,Bank Transfer,1242.16,40871.95,145.9,0.0,0.0,8.0,0.0,No
CUST10084,Male,31,Chennai,7,Yearly,Basic,DSL,Credit Card,710.69,4750.15,147.6,3.0,1.0,7.0,15.0,Yes
CUST10085,Female,48,Mumbai,19,Yearly,Premium,DSL,Debit Card,1438.63,27150.08,136.8,1.0,0.0,6.0,0.0,No
CUST10086,Male,65,Bengaluru,28,Monthly,Standard,Fiber,UPI,1240.43,31621.38,209.2,0.0,0.0,9.0,10.0,No
CUST10087,Female,32,Jaipur,31,Quarterly,Basic,DSL,Debit Card,671.93,19339.4,102.3,3.0,0.0,7.0,10.0,No
CUST10088,Male,25,Ahmedabad,32,Quarterly,Standard,,UPI,904.65,27747.54,5.9,2.0,1.0,5.0,5.0,No
CUST10089,Male,31,Kolkata,13,Yearly,Premium,Fiber,Debit Card,1768.57,17586.8,220.7,3.0,0.0,7.0,20.0,No
CUST10090,Male,40,Bengaluru,15,Monthly,Basic,DSL,UPI,631.61,9262.27,17.4,2.0,1.0,7.0,0.0,No
CUST10091,Female,57,Ahmedabad,15,Quarterly,Standard,DSL,Credit Card,1092.62,13503.68,90.0,4.0,1.0,5.0,15.0,Yes
CUST10092,Male,38,Hyderabad,1,Monthly,Standard,Fiber,Debit Card,1134.52,423.17,104.4,2.0,0.0,7.0,10.0,No
CUST10093,,33,Delhi,50,Quarterly,Basic,Fiber,Bank Transfer,955.28,43533.32,165.9,5.0,1.0,4.0,10.0,Yes
CUST10094,Male,62,Chennai,19,Monthly,Basic,DSL,UPI,777.11,11263.07,114.6,2.0,0.0,8.0,25.0,Yes
CUST10095,Male,35,Bengaluru,41,Quarterly,Basic,Fiber,Bank Transfer,1050.37,37476.28,185.7,2.0,2.0,7.0,10.0,No
CUST10096,Female,64,Kolkata,43,Yearly,Basic,Fiber,Credit Card,1036.12,37864.58,135.0,3.0,0.0,5.0,15.0,No
CUST10097,Female,70,Chennai,69,Monthly,Basic,Fiber,Bank Transfer,784.15,,209.8,2.0,2.0,6.0,0.0,No
CUST10098,Female,41,Mumbai,9,Monthly,Premium,DSL,Credit Card,1511.14,12023.59,133.9,,1.0,7.0,15.0,No
CUST10099,Female,43,Mumbai,29,Monthly,Premium,Fiber,Bank Transfer,1659.77,40582.93,83.9,5.0,0.0,4.0,15.0,Yes
CUST10100,Female,42,Mumbai,20,Monthly,Basic,Fiber,Debit Card,995.11,15085.09,236.8,2.0,1.0,8.0,25.0,No
CUST10101,Male,62,Bengaluru,22,Monthly,Standard,Fiber,Credit Card,1237.79,21937.98,124.8,2.0,1.0,6.0,20.0,No
CUST10102,Male,58,Chennai,33,Monthly,Basic,DSL,Credit Card,797.72,25914.31,99.5,0.0,0.0,7.0,0.0,No
CUST10103,Female,46,Ahmedabad,13,Yearly,Basic,Fiber,Cash,817.39,9591.13,167.0,4.0,0.0,5.0,5.0,No
CUST10104,Male,32,Bengaluru,18,Monthly,Basic,Fiber,Bank Transfer,,14459.74,215.5,6.0,0.0,5.0,20.0,No
CUST10105,Male,62,Bengaluru,2,Quarterly,Standard,Fiber,Credit Card,1182.67,2324.73,136.8,1.0,0.0,5.0,10.0,No
CUST10106,Male,18,Chennai,14,Yearly,Premium,Fiber,UPI,1654.69,22032.56,227.0,3.0,1.0,6.0,5.0,Yes
CUST10107,Female,42,Ahmedabad,59,Yearly,Standard,Fiber,Bank Transfer,1192.44,70958.92,,2.0,0.0,8.0,0.0,No
CUST10108,Male,24,Delhi,35,Quarterly,Standard,DSL,Cash,1085.78,36980.9,90.7,2.0,1.0,8.0,5.0,No
CUST10109,Male,26,Delhi,32,Monthly,Basic,DSL,UPI,799.29,23770.1,75.5,2.0,0.0,8.0,10.0,No
CUST10110,Male,41,Chennai,36,Yearly,Basic,DSL,Cash,800.8,23817.11,113.1,4.0,1.0,8.0,15.0,No
CUST10111,Female,18,Mumbai,21,Monthly,Premium,Fiber,UPI,1540.5,30749.28,221.7,2.0,0.0,7.0,5.0,No
CUST10112,Male,61,Bengaluru,43,Yearly,Basic,Fiber,Cash,1093.5,46881.94,143.3,3.0,0.0,6.0,0.0,No
CUST10113,Male,25,Kolkata,13,Quarterly,Premium,,Bank Transfer,1270.31,15810.27,8.8,3.0,2.0,7.0,10.0,Yes
CUST10114,Female,41,Pune,19,Quarterly,Basic,Fiber,Credit Card,950.54,14804.36,145.7,2.0,1.0,7.0,20.0,No
CUST10115,Female,28,Chennai,19,Monthly,Standard,DSL,Credit Card,1054.72,18390.18,55.5,4.0,0.0,6.0,5.0,No
CUST10116,Male,68,Kolkata,45,Quarterly,,,Debit Card,1161.34,40887.53,6.2,2.0,2.0,7.0,20.0,No
CUST10117,Male,34,Pune,12,Yearly,Basic,DSL,Debit Card,812.63,10074.8,91.6,4.0,1.0,5.0,5.0,Yes
CUST10118,Female,25,Mumbai,18,Yearly,Standard,Fiber,Cash,1221.47,17582.98,149.7,1.0,1.0,9.0,20.0,No
CUST10119,Female,52,Delhi,15,Monthly,Standard,Fiber,Bank Transfer,1271.11,16187.79,158.8,2.0,1.0,5.0,15.0,No
CUST10120,,52,Bengaluru,57,Yearly,Basic,Fiber,Debit Card,846.81,36029.22,137.4,4.0,0.0,7.0,25.0,No
CUST10121,Female,50,Bengaluru,43,Monthly,Standard,DSL,,1023.42,,136.0,2.0,0.0,7.0,15.0,No
CUST10122,Female,22,Pune,30,Quarterly,Basic,DSL,Debit Card,771.43,23162.53,84.6,1.0,1.0,8.0,0.0,No
CUST10123,Female,59,Ahmedabad,36,Quarterly,Basic,DSL,Bank Transfer,753.86,22114.55,150.8,3.0,0.0,6.0,20.0,No
CUST10124,Female,56,Kochi,10,Monthly,Basic,Fiber,Bank Transfer,877.11,7879.94,199.7,4.0,,8.0,10.0,No
CUST10125,Male,58,Pune,32,Monthly,Premium,DSL,Cash,1471.51,47612.04,118.2,2.0,0.0,8.0,0.0,No
CUST10126,Female,45,Mumbai,27,Quarterly,Basic,DSL,UPI,864.38,23682.16,114.7,,1.0,7.0,0.0,No
CUST10127,Female,24,Bengaluru,12,Monthly,Basic,Fiber,Debit Card,936.63,11128.95,273.1,2.0,0.0,8.0,5.0,No
CUST10128,Male,26,Ahmedabad,5,Monthly,Standard,Fiber,Credit Card,1293.84,5590.39,188.8,0.0,0.0,8.0,15.0,Yes
CUST10129,Female,25,Chennai,23,Quarterly,Basic,DSL,Credit Card,736.57,15165.18,128.2,1.0,1.0,7.0,10.0,No
CUST10130,Female,29,Pune,22,Yearly,Standard,Fiber,Credit Card,1204.36,24595.74,236.6,2.0,1.0,5.0,5.0,No
CUST10131,Male,51,Kolkata,5,Quarterly,Basic,Fiber,Bank Transfer,919.45,5089.91,125.1,1.0,3.0,,0.0,No
CUST10132,Female,50,Pune,26,Monthly,Standard,Fiber,Credit Card,1164.44,28889.67,116.1,0.0,1.0,7.0,5.0,No
CUST10133,Male,65,Ahmedabad,35,Monthly,Standard,DSL,Credit Card,1070.13,37327.17,126.1,0.0,1.0,8.0,0.0,No
CUST10134,Male,40,Bengaluru,42,Quarterly,Standard,Fiber,UPI,1325.43,52316.59,277.4,2.0,1.0,8.0,5.0,No
CUST10135,Male,41,Kolkata,20,Quarterly,Basic,Fiber,UPI,1039.55,16227.26,100.8,1.0,1.0,6.0,25.0,No
CUST10136,Male,54,Ahmedabad,25,Quarterly,,DSL,Debit Card,1160.02,23193.52,83.8,2.0,0.0,9.0,20.0,No
CUST10137,Female,52,Delhi,41,Yearly,Standard,DSL,UPI,1074.46,44994.21,126.0,1.0,0.0,6.0,0.0,No
CUST10138,Male,61,Pune,21,Monthly,Basic,DSL,UPI,692.47,12052.0,89.4,2.0,1.0,8.0,10.0,No
CUST10139,Male,57,Delhi,13,Monthly,Basic,Fiber,Debit Card,1095.76,13689.07,,2.0,1.0,9.0,5.0,No
CUST10140,Female,39,Kochi,13,Yearly,Basic,DSL,UPI,708.89,8536.99,141.1,0.0,3.0,8.0,0.0,No
CUST10141,Male,44,Bengaluru,37,Monthly,Standard,DSL,UPI,1171.95,32155.41,138.5,1.0,2.0,7.0,25.0,No
CUST10142,Male,52,Chennai,25,Quarterly,Premium,,Bank Transfer,1279.28,30244.53,5.3,2.0,0.0,8.0,5.0,No
CUST10143,Male,18,Mumbai,17,Yearly,Basic,Fiber,Bank Transfer,817.36,13512.51,265.0,2.0,1.0,6.0,5.0,No
CUST10144,Male,52,Kolkata,12,Yearly,Basic,Fiber,Credit Card,781.45,8575.68,140.3,2.0,1.0,5.0,10.0,No
CUST10145,Female,54,Mumbai,17,Quarterly,Basic,Fiber,Credit Card,1011.24,16917.04,177.6,2.0,1.0,6.0,0.0,No
CUST10146,Male,64,Mumbai,24,Monthly,Basic,DSL,Cash,704.06,16563.02,86.4,2.0,0.0,10.0,0.0,No
CUST10147,Female,31,Hyderabad,55,Yearly,Standard,Fiber,UPI,1099.2,59598.25,160.1,2.0,2.0,5.0,0.0,No
CUST10148,Female,20,Jaipur,45,Quarterly,Premium,Fiber,Debit Card,1578.5,67174.94,168.6,0.0,0.0,9.0,5.0,No
CUST10149,Male,18,Mumbai,60,Monthly,Basic,Fiber,Debit Card,899.59,53603.4,109.6,3.0,1.0,6.0,0.0,No
CUST10150,Male,22,Bengaluru,15,Quarterly,Standard,Fiber,Bank Transfer,1229.68,15351.54,172.5,1.0,3.0,6.0,20.0,No
CUST10151,Male,43,Kolkata,4,Monthly,Standard,Fiber,Cash,1225.54,4212.99,182.7,0.0,2.0,9.0,10.0,No
CUST10152,Male,31,Hyderabad,19,Yearly,Premium,,Credit Card,1191.4,17914.5,1.6,3.0,0.0,7.0,20.0,Yes
CUST10153,Female,56,Jaipur,32,Monthly,Standard,DSL,,1050.13,28668.45,155.2,1.0,0.0,9.0,15.0,No
CUST10154,Female,44,Bengaluru,27,Yearly,Basic,Fiber,Debit Card,1037.4,25892.18,99.2,3.0,2.0,9.0,10.0,Yes
CUST10155,Female,26,Pune,72,Yearly,Premium,Fiber,Cash,1515.8,109810.75,118.9,2.0,0.0,7.0,0.0,No
CUST10156,Male,32,Mumbai,36,Yearly,Basic,Fiber,Bank Transfer,937.68,31576.41,163.4,3.0,1.0,7.0,10.0,No
CUST10157,Female,32,Bengaluru,14,Quarterly,Standard,DSL,Debit Card,965.68,12819.31,117.5,3.0,1.0,7.0,0.0,No
CUST10158,Male,43,Pune,46,Yearly,Premium,Fiber,Bank Transfer,1567.07,72167.14,168.4,3.0,1.0,6.0,0.0,No
CUST10159,Male,59,Chennai,5,Monthly,Basic,,UPI,640.59,2830.59,8.7,4.0,1.0,6.0,10.0,No
CUST10160,Male,30,Kolkata,16,Monthly,Standard,DSL,Credit Card,887.33,11865.85,,2.0,0.0,8.0,10.0,No
CUST10161,Male,68,Delhi,17,Yearly,Premium,Fiber,UPI,1767.85,29469.97,198.0,4.0,0.0,7.0,0.0,No
CUST10162,Male,49,Hyderabad,48,Monthly,Premium,DSL,UPI,1346.53,61856.8,154.9,1.0,1.0,7.0,5.0,No
CUST10163,Female,56,Hyderabad,28,Monthly,Standard,DSL,Debit Card,889.25,25162.35,94.2,4.0,0.0,3.0,0.0,Yes
CUST10164,Female,66,Kochi,12,Monthly,Basic,Fiber,Bank Transfer,901.55,9996.31,170.2,3.0,0.0,5.0,10.0,No
CUST10165,Male,69,Delhi,8,Monthly,Standard,Fiber,Debit Card,1165.68,7217.81,177.3,4.0,0.0,8.0,25.0,No
CUST10166,Female,49,Delhi,31,Quarterly,Standard,DSL,Debit Card,1000.52,27072.25,79.4,5.0,1.0,4.0,10.0,No
CUST10167,Male,21,Delhi,72,Quarterly,Standard,Fiber,UPI,1251.32,76031.8,116.2,1.0,2.0,8.0,15.0,No
CUST10168,Male,47,Chennai,20,Monthly,Premium,Fiber,Debit Card,1525.95,28724.91,145.9,1.0,2.0,6.0,5.0,No
CUST10169,Male,54,Mumbai,5,Yearly,Basic,Fiber,Credit Card,945.58,5142.73,117.4,2.0,0.0,6.0,0.0,No
CUST10170,Female,40,Jaipur,38,Monthly,Basic,Fiber,Debit Card,966.18,33109.22,140.4,3.0,1.0,7.0,10.0,No
CUST10171,Male,56,Mumbai,30,Quarterly,Standard,Fiber,Credit Card,1090.22,33158.69,160.9,3.0,0.0,8.0,0.0,No
CUST10172,Male,62,Jaipur,15,Monthly,Premium,,Debit Card,1332.12,19960.65,2.8,2.0,0.0,8.0,5.0,No
CUST10173,Female,32,Bengaluru,8,Quarterly,Standard,DSL,Credit Card,1111.86,7210.91,128.4,3.0,2.0,6.0,10.0,Yes
CUST10174,Female,60,Pune,14,Monthly,Premium,DSL,Debit Card,1574.2,17571.35,64.1,3.0,0.0,5.0,20.0,Yes
CUST10175,Female,46,Jaipur,22,Monthly,,DSL,UPI,1450.43,30256.51,109.5,2.0,1.0,4.0,5.0,No
CUST10176,Male,53,Mumbai,18,Yearly,Premium,DSL,Credit Card,1383.22,18259.1,156.2,3.0,0.0,6.0,25.0,No
CUST10177,Male,30,Kochi,8,Monthly,Premium,,Credit Card,1350.32,10482.49,5.8,1.0,1.0,7.0,5.0,No
CUST10178,Female,49,Hyderabad,7,Yearly,Premium,Fiber,Bank Transfer,1603.89,12654.99,224.5,2.0,1.0,7.0,0.0,No
CUST10179,Male,24,Kochi,12,Quarterly,Premium,DSL,Bank Transfer,1595.83,17718.43,89.4,1.0,0.0,10.0,5.0,No
CUST10180,Female,68,Pune,33,Monthly,Standard,Fiber,Cash,1256.75,35552.93,203.1,3.0,0.0,5.0,15.0,No
CUST10181,Female,39,Delhi,17,Quarterly,Basic,DSL,Debit Card,747.93,11556.39,110.2,2.0,0.0,7.0,5.0,No
CUST10182,Male,45,Mumbai,41,Monthly,Basic,DSL,Credit Card,679.48,24170.26,49.9,3.0,1.0,8.0,10.0,No
CUST10183,Male,19,Delhi,15,Monthly,Basic,,Bank Transfer,541.65,7411.68,5.2,3.0,1.0,7.0,5.0,No
CUST10184,Female,59,Bengaluru,36,Yearly,Basic,Fiber,Credit Card,974.98,33480.77,163.7,1.0,0.0,6.0,5.0,No
CUST10185,Female,62,Bengaluru,35,Monthly,Basic,Fiber,UPI,779.35,27476.83,125.2,3.0,2.0,4.0,0.0,No
CUST10186,Female,70,Bengaluru,17,Quarterly,Premium,Fiber,Bank Transfer,1567.6,27537.93,111.5,2.0,0.0,7.0,,Yes
CUST10187,Female,23,Hyderabad,61,Monthly,Standard,Fiber,UPI,1070.84,65460.53,161.6,,2.0,6.0,0.0,Yes
CUST10188,Male,45,Ahmedabad,37,Quarterly,Basic,Fiber,UPI,816.72,28714.52,118.0,0.0,0.0,8.0,5.0,No
CUST10189,Female,45,Bengaluru,44,Monthly,Standard,Fiber,Bank Transfer,1151.1,43467.6,165.9,5.0,0.0,8.0,15.0,No
CUST10190,Female,61,Bengaluru,36,Monthly,Standard,DSL,Bank Transfer,1028.34,31591.28,180.0,1.0,3.0,5.0,15.0,Yes
CUST10191,Female,61,Pune,17,Yearly,Basic,Fiber,Bank Transfer,928.27,15768.72,104.5,2.0,0.0,6.0,0.0,No
CUST10192,Male,37,Mumbai,57,Monthly,Premium,DSL,UPI,1506.14,,63.8,4.0,0.0,7.0,10.0,Yes
CUST10193,Male,47,Bengaluru,39,Quarterly,Basic,Fiber,Bank Transfer,1010.68,37763.71,182.8,3.0,1.0,7.0,5.0,No
CUST10194,,28,Mumbai,25,Quarterly,Standard,Fiber,Bank Transfer,1328.26,30150.0,127.9,0.0,1.0,9.0,10.0,No
CUST10195,Male,45,Jaipur,43,Quarterly,Basic,DSL,Bank Transfer,844.82,32562.39,115.8,1.0,,8.0,10.0,No
CUST10196,Male,42,Ahmedabad,46,Quarterly,Standard,DSL,Bank Transfer,1019.65,47624.6,74.5,0.0,1.0,,0.0,No
CUST10197,Male,56,Delhi,42,Monthly,Premium,Fiber,Debit Card,1618.7,54809.48,136.8,2.0,0.0,8.0,20.0,No
CUST10198,Female,50,Pune,20,Monthly,Basic,DSL,UPI,705.02,11761.52,120.4,3.0,0.0,7.0,20.0,Yes
CUST10199,Female,18,Chennai,9,Yearly,Premium,DSL,Bank Transfer,1470.05,12773.79,84.5,3.0,1.0,4.0,0.0,No
CUST10200,Male,44,Pune,37,Yearly,Basic,DSL,Debit Card,737.15,24290.45,100.3,2.0,1.0,9.0,10.0,No
CUST10201,Female,69,Pune,25,Monthly,Standard,DSL,Credit Card,958.62,24723.78,103.0,2.0,1.0,6.0,0.0,No
CUST10202,Female,30,Pune,9,Monthly,Premium,Fiber,Bank Transfer,1716.16,15965.35,141.2,3.0,0.0,,0.0,Yes
CUST10203,Male,58,Mumbai,23,Quarterly,Premium,,Debit Card,1386.65,23212.37,3.0,0.0,1.0,7.0,25.0,No
CUST10204,Male,20,Bengaluru,29,Yearly,Basic,DSL,Debit Card,689.35,18159.66,155.6,2.0,2.0,7.0,10.0,No
CUST10205,Female,56,Hyderabad,24,Yearly,Basic,,Credit Card,591.66,14678.79,5.3,2.0,0.0,7.0,0.0,No
CUST10206,Male,23,Jaipur,30,Yearly,Standard,DSL,UPI,992.81,26292.83,53.0,2.0,2.0,7.0,,No
CUST10207,Female,25,Chennai,16,Monthly,Basic,DSL,UPI,743.66,10619.12,64.7,5.0,0.0,5.0,15.0,No
CUST10208,Female,44,Ahmedabad,19,Yearly,Standard,Fiber,Bank Transfer,1157.47,17619.24,278.3,2.0,0.0,8.0,20.0,No
CUST10209,Male,26,Kochi,33,Yearly,Standard,Fiber,UPI,1149.83,38697.21,225.1,1.0,0.0,7.0,0.0,No
CUST10210,Female,54,Mumbai,8,Monthly,Standard,,UPI,865.21,5819.65,4.8,1.0,0.0,7.0,15.0,No
CUST10211,Female,50,Pune,46,Monthly,Basic,DSL,Cash,604.77,22923.83,135.2,5.0,1.0,4.0,15.0,No
CUST10212,Male,68,Pune,19,Monthly,Standard,Fiber,UPI,1158.17,20068.94,176.0,1.0,1.0,7.0,10.0,No
CUST10213,Male,59,Kochi,36,Quarterly,Premium,Fiber,Debit Card,1921.25,65144.89,188.9,1.0,3.0,8.0,5.0,No
CUST10214,Male,61,Kochi,32,Monthly,Standard,DSL,Cash,926.71,29368.44,,2.0,1.0,6.0,0.0,No
CUST10215,Female,41,Pune,25,Monthly,Standard,Fiber,Debit Card,1169.58,28330.98,85.1,5.0,1.0,7.0,0.0,Yes
CUST10216,Male,32,Mumbai,19,Monthly,Basic,Fiber,Bank Transfer,923.05,16257.05,83.0,,1.0,6.0,5.0,No
CUST10217,Male,49,Ahmedabad,29,Monthly,Basic,Fiber,Cash,885.63,22502.59,177.4,3.0,0.0,5.0,15.0,Yes
CUST10218,Male,49,Bengaluru,25,Monthly,Basic,DSL,Bank Transfer,688.89,14712.55,53.0,1.0,0.0,9.0,15.0,No
CUST10219,Male,41,Kolkata,6,Quarterly,Standard,Fiber,Debit Card,1277.44,7165.2,249.9,3.0,1.0,6.0,5.0,No
CUST10220,Female,58,Jaipur,5,Monthly,Basic,Fiber,Credit Card,911.95,3437.52,180.1,3.0,2.0,5.0,15.0,No
CUST10221,Female,69,Delhi,27,Yearly,Standard,DSL,,1000.12,23056.45,77.9,4.0,0.0,6.0,15.0,No
CUST10222,Male,66,Pune,11,Yearly,Standard,DSL,Bank Transfer,1118.58,10963.36,47.8,2.0,2.0,7.0,10.0,No
CUST10223,Female,66,Hyderabad,41,Yearly,Standard,Fiber,Bank Transfer,1157.81,48664.89,176.1,,0.0,9.0,0.0,No
CUST10224,Male,69,Hyderabad,5,Quarterly,Basic,Fiber,Bank Transfer,830.01,4161.25,240.6,1.0,1.0,7.0,0.0,Yes
CUST10225,Male,29,Delhi,39,Monthly,Standard,DSL,,,43010.6,116.8,1.0,0.0,6.0,0.0,Yes
CUST10226,Female,56,Kolkata,36,Monthly,Standard,DSL,Credit Card,945.44,33718.36,,2.0,0.0,7.0,0.0,No
CUST10227,Female,19,Jaipur,23,Monthly,Basic,Fiber,Credit Card,1040.63,23925.89,183.7,1.0,0.0,8.0,0.0,No
CUST10228,Male,20,Kochi,3,Yearly,Basic,Fiber,UPI,1021.29,2835.63,133.4,1.0,2.0,8.0,15.0,Yes
CUST10229,Male,66,Mumbai,18,Monthly,Standard,DSL,Bank Transfer,1093.75,19226.35,132.3,1.0,2.0,5.0,0.0,No
CUST10230,Female,54,Jaipur,34,Quarterly,Standard,,UPI,803.43,26247.45,6.4,3.0,1.0,6.0,5.0,No
CUST10231,Male,66,Kolkata,1,Quarterly,Basic,Fiber,Credit Card,814.58,675.75,122.4,2.0,2.0,7.0,25.0,No
CUST10232,Female,34,Mumbai,36,Yearly,Basic,Fiber,Bank Transfer,694.18,20103.83,172.4,2.0,0.0,9.0,15.0,No
CUST10233,Male,66,Bengaluru,9,Quarterly,Basic,Fiber,UPI,1029.28,8285.96,196.8,1.0,2.0,6.0,15.0,Yes
CUST10234,Male,19,Mumbai,5,Quarterly,Premium,Fiber,Cash,1522.45,7856.33,110.7,3.0,0.0,6.0,0.0,No
CUST10235,Female,19,Jaipur,35,Monthly,Standard,Fiber,UPI,1228.33,38811.44,182.9,3.0,1.0,7.0,10.0,No
CUST10236,Female,45,Pune,18,Quarterly,Standard,Fiber,Cash,1215.92,20474.93,165.9,2.0,0.0,5.0,5.0,No
CUST10237,Female,40,Kolkata,28,Monthly,Premium,DSL,Credit Card,1316.2,34400.86,139.9,5.0,0.0,5.0,10.0,Yes
CUST10238,Female,54,Mumbai,23,Yearly,Standard,Fiber,UPI,1151.65,24869.5,152.2,2.0,2.0,7.0,5.0,No
CUST10239,Female,49,Kolkata,16,Monthly,Standard,DSL,Debit Card,959.36,,165.4,2.0,0.0,7.0,5.0,No
CUST10240,Female,50,Bengaluru,3,Monthly,Basic,DSL,Bank Transfer,813.45,2088.93,77.5,1.0,0.0,8.0,25.0,Yes
CUST10241,Female,18,Delhi,30,Yearly,Standard,DSL,Credit Card,1116.97,33441.33,,1.0,1.0,5.0,0.0,No
CUST10242,Male,36,Pune,35,Monthly,Basic,,Debit Card,530.48,17845.42,3.4,4.0,1.0,4.0,0.0,No
CUST10243,Male,19,Bengaluru,26,Yearly,Standard,DSL,Cash,982.58,24143.29,73.6,3.0,0.0,8.0,5.0,Yes
CUST10244,Male,70,Ahmedabad,29,Yearly,Basic,,UPI,565.04,15533.27,6.9,3.0,0.0,7.0,5.0,No
CUST10245,,61,Mumbai,24,Yearly,Basic,Fiber,Bank Transfer,988.57,23347.84,182.1,1.0,2.0,7.0,,No
CUST10246,Female,43,Pune,18,Monthly,Basic,Fiber,UPI,781.48,12011.91,151.9,4.0,2.0,5.0,15.0,No
CUST10247,Female,49,Hyderabad,45,Monthly,Standard,Fiber,Credit Card,1369.01,58702.95,149.4,4.0,2.0,6.0,5.0,No
CUST10248,Male,23,Chennai,48,Yearly,Premium,Fiber,UPI,1580.5,72047.68,112.7,0.0,0.0,7.0,5.0,Yes
CUST10249,Female,49,Bengaluru,62,Yearly,Standard,Fiber,Credit Card,1190.49,65968.05,255.3,0.0,0.0,9.0,10.0,No
CUST10250,Female,21,Bengaluru,4,Monthly,Premium,DSL,UPI,1578.21,5600.24,105.7,3.0,0.0,5.0,15.0,No
CUST10251,Male,28,Jaipur,55,Monthly,Standard,Fiber,Credit Card,1195.54,48506.96,,0.0,0.0,9.0,25.0,No
CUST10252,Female,34,Mumbai,24,Monthly,Standard,DSL,Credit Card,1041.59,25201.37,162.4,1.0,0.0,9.0,0.0,No
CUST10253,Male,55,Ahmedabad,14,Yearly,Basic,Fiber,Debit Card,826.92,,254.6,4.0,0.0,7.0,0.0,No
CUST10254,Male,41,Kochi,8,Monthly,Premium,DSL,Debit Card,1403.83,11122.41,120.7,3.0,0.0,5.0,0.0,No
CUST10255,Female,22,Mumbai,35,Monthly,Basic,Fiber,Debit Card,843.51,23362.9,53.3,5.0,0.0,7.0,20.0,No
CUST10256,Female,69,Mumbai,30,Quarterly,Standard,,UPI,708.75,19585.55,2.1,0.0,1.0,7.0,5.0,No
CUST10257,Female,51,Pune,28,Monthly,Standard,Fiber,Cash,1033.58,24333.16,207.5,0.0,0.0,7.0,15.0,Yes
CUST10258,Male,23,Kochi,30,Yearly,Standard,,Credit Card,831.47,18301.33,6.0,2.0,1.0,7.0,25.0,No
CUST10259,Male,39,Jaipur,32,Monthly,Basic,Fiber,UPI,789.52,22234.0,210.2,5.0,1.0,5.0,10.0,No
CUST10260,Male,28,Hyderabad,62,Monthly,Standard,DSL,Debit Card,1102.21,67734.86,99.0,0.0,2.0,7.0,0.0,No
CUST10261,Female,65,Ahmedabad,26,Monthly,Premium,Fiber,Bank Transfer,1582.34,39740.79,160.7,1.0,1.0,8.0,5.0,No
CUST10262,Female,33,Bengaluru,32,Monthly,Premium,DSL,UPI,1322.34,42696.92,64.1,3.0,0.0,7.0,0.0,No
CUST10263,Female,50,Kochi,16,Monthly,Premium,DSL,UPI,1571.98,,106.3,1.0,2.0,5.0,15.0,No
CUST10264,Female,26,Kochi,67,Monthly,Basic,DSL,Bank Transfer,715.89,48082.57,74.0,2.0,0.0,8.0,0.0,No
CUST10265,Male,23,Mumbai,5,Monthly,Standard,Fiber,Credit Card,1241.21,5945.64,181.8,3.0,0.0,8.0,10.0,No
CUST10266,Male,33,Delhi,47,Yearly,Basic,DSL,Credit Card,881.53,41396.01,64.1,3.0,1.0,7.0,0.0,No
CUST10267,Male,46,Bengaluru,27,Monthly,Premium,Fiber,Cash,1597.29,43882.77,75.2,2.0,1.0,7.0,0.0,Yes
CUST10268,Male,20,Mumbai,19,Yearly,Basic,Fiber,UPI,901.12,17095.47,245.5,2.0,3.0,6.0,0.0,No
CUST10269,Female,37,Ahmedabad,8,Quarterly,Standard,Fiber,Debit Card,1315.05,9955.58,232.5,2.0,2.0,5.0,10.0,Yes
CUST10270,Female,53,Delhi,35,Monthly,Premium,Fiber,Credit Card,1576.49,55270.05,,0.0,1.0,8.0,0.0,No
CUST10271,Female,36,Bengaluru,12,Monthly,Standard,DSL,UPI,1135.85,13187.06,120.4,1.0,0.0,9.0,10.0,Yes
CUST10272,Male,43,Delhi,43,Monthly,Standard,Fiber,UPI,1194.07,45969.53,278.8,5.0,2.0,5.0,10.0,No
CUST10273,Male,20,Kochi,20,Monthly,Basic,Fiber,Debit Card,913.63,14278.41,62.3,1.0,0.0,9.0,25.0,No
CUST10274,Female,36,Pune,6,Monthly,Standard,DSL,UPI,1062.51,5045.9,125.3,2.0,2.0,8.0,20.0,No
CUST10275,Female,37,Hyderabad,24,Monthly,Premium,,Debit Card,1220.42,25942.96,5.2,1.0,3.0,6.0,10.0,No
CUST10276,Male,49,Mumbai,23,Quarterly,Standard,DSL,Cash,1007.22,19665.53,124.6,0.0,0.0,7.0,15.0,Yes
CUST10277,Female,24,Kochi,43,Quarterly,Basic,DSL,Bank Transfer,697.79,27380.65,130.8,1.0,0.0,7.0,5.0,No
CUST10278,Male,69,Ahmedabad,37,Monthly,Basic,DSL,Credit Card,646.35,21990.87,78.4,2.0,1.0,7.0,10.0,No
CUST10279,Male,58,Delhi,8,Monthly,Basic,DSL,UPI,714.27,5761.5,68.3,1.0,0.0,6.0,5.0,No
CUST10280,Male,50,Bengaluru,38,Quarterly,Standard,,Credit Card,828.77,32442.56,,0.0,2.0,8.0,0.0,No
CUST10281,Female,57,Bengaluru,16,Monthly,Basic,Fiber,Credit Card,932.6,12948.42,174.6,3.0,0.0,8.0,10.0,No
CUST10282,Female,56,Bengaluru,15,Yearly,Standard,Fiber,Cash,1192.62,17517.55,166.0,4.0,0.0,4.0,0.0,No
CUST10283,Male,35,Chennai,34,Quarterly,Standard,DSL,Cash,1136.19,36067.43,102.2,4.0,0.0,8.0,5.0,No
CUST10284,Female,57,Jaipur,14,Yearly,Standard,,Credit Card,932.59,12586.25,10.1,2.0,1.0,6.0,5.0,No
CUST10285,Male,18,Hyderabad,52,Monthly,Basic,Fiber,UPI,1007.62,41709.35,179.5,1.0,1.0,7.0,20.0,No
CUST10286,Male,28,Ahmedabad,5,Yearly,Standard,DSL,Cash,1033.81,4756.51,86.4,3.0,0.0,7.0,0.0,No
CUST10287,Male,45,Hyderabad,22,Quarterly,Standard,DSL,Bank Transfer,1009.12,21290.67,122.9,4.0,0.0,5.0,5.0,No
CUST10288,Male,42,Pune,22,Quarterly,Standard,Fiber,Credit Card,1090.6,19745.7,217.7,4.0,0.0,6.0,20.0,Yes
CUST10289,Female,67,Kolkata,9,Monthly,Premium,Fiber,Credit Card,1704.67,15395.18,119.3,1.0,1.0,6.0,0.0,Yes
CUST10290,Male,40,Mumbai,17,Monthly,Basic,DSL,Credit Card,657.64,8704.5,51.9,0.0,0.0,,20.0,No
CUST10291,Male,48,Delhi,16,Yearly,Standard,Fiber,Cash,1127.91,15023.1,161.5,2.0,0.0,6.0,20.0,No
CUST10292,Female,47,Pune,5,Quarterly,Basic,Fiber,UPI,918.06,4233.73,222.0,2.0,1.0,7.0,5.0,No
CUST10293,Male,59,Bengaluru,12,Monthly,Standard,,Bank Transfer,825.29,8778.65,0.5,0.0,0.0,7.0,10.0,Yes
CUST10294,Male,52,Delhi,20,Monthly,Standard,DSL,UPI,1165.78,17743.18,119.2,,0.0,8.0,25.0,No
CUST10295,Female,24,Chennai,19,Monthly,Basic,DSL,Cash,688.6,11432.2,146.7,0.0,0.0,7.0,10.0,No
CUST10296,Female,33,Kochi,35,Quarterly,Standard,DSL,Credit Card,1052.33,37343.8,18.9,2.0,0.0,8.0,0.0,No
CUST10297,Female,43,Hyderabad,49,Quarterly,Standard,DSL,UPI,901.78,37100.35,95.9,2.0,0.0,8.0,15.0,No
CUST10298,Male,65,Ahmedabad,17,Monthly,Standard,DSL,UPI,1148.57,19220.64,75.7,4.0,0.0,4.0,0.0,Yes
CUST10299,Female,69,Hyderabad,8,Monthly,Basic,Fiber,Debit Card,765.94,5551.25,173.4,3.0,2.0,7.0,0.0,No
CUST10300,Female,66,Ahmedabad,29,Monthly,Basic,DSL,UPI,949.02,22448.87,58.0,0.0,1.0,5.0,20.0,No
CUST10301,Male,19,Chennai,20,Monthly,Standard,DSL,Debit Card,1040.61,21489.75,53.0,2.0,0.0,6.0,0.0,No
CUST10302,Male,18,Jaipur,41,Monthly,Basic,DSL,UPI,727.01,26750.39,78.1,5.0,1.0,7.0,10.0,No
CUST10303,Male,65,Hyderabad,20,Monthly,Standard,Fiber,UPI,1197.47,22975.23,247.1,5.0,0.0,5.0,5.0,No
CUST10304,Male,29,Chennai,22,Monthly,Basic,Fiber,Credit Card,,,129.9,3.0,2.0,8.0,15.0,No
CUST10305,Male,22,Pune,19,Yearly,Basic,Fiber,Debit Card,952.63,18248.34,182.2,7.0,1.0,5.0,0.0,Yes
CUST10306,Female,54,Hyderabad,53,Quarterly,Premium,DSL,Credit Card,1417.32,70783.31,151.9,0.0,1.0,7.0,5.0,No
CUST10307,Female,49,Bengaluru,24,Yearly,Standard,,Credit Card,824.99,19472.34,2.0,1.0,0.0,7.0,0.0,No
CUST10308,Female,26,Bengaluru,43,Monthly,Standard,,Debit Card,952.81,41350.85,7.2,2.0,1.0,8.0,0.0,No
CUST10309,Male,58,Bengaluru,17,Yearly,Premium,Fiber,Debit Card,1462.42,25469.28,157.7,2.0,1.0,6.0,0.0,No
CUST10310,Male,52,Jaipur,33,Quarterly,Standard,Fiber,UPI,1184.34,39557.79,210.6,2.0,0.0,5.0,0.0,No
CUST10311,Male,36,Mumbai,36,Monthly,Standard,Fiber,UPI,1191.25,32172.04,25.3,3.0,2.0,5.0,,No
CUST10312,Female,65,Mumbai,18,Monthly,Premium,Fiber,UPI,1611.04,27949.86,110.0,3.0,1.0,6.0,5.0,No
CUST10313,Female,33,Kolkata,37,Quarterly,Standard,DSL,Debit Card,1005.5,34574.6,59.5,4.0,1.0,5.0,5.0,No
CUST10314,Male,20,Delhi,5,Yearly,Standard,,Debit Card,824.48,2906.36,6.0,1.0,0.0,10.0,5.0,No
CUST10315,Female,37,Hyderabad,26,Monthly,Standard,Fiber,Credit Card,1347.94,25597.14,244.6,2.0,1.0,6.0,25.0,No
CUST10316,Male,41,Mumbai,33,Monthly,Premium,Fiber,Bank Transfer,1639.96,50117.56,226.0,3.0,1.0,6.0,10.0,Yes
CUST10317,Female,50,Kochi,13,Quarterly,Basic,Fiber,Credit Card,837.67,10839.8,255.0,3.0,0.0,6.0,10.0,Yes
CUST10318,Female,41,Ahmedabad,15,Yearly,Basic,Fiber,Debit Card,952.17,13483.84,185.4,2.0,2.0,7.0,0.0,No
CUST10319,Female,69,Ahmedabad,9,Quarterly,Basic,DSL,UPI,753.65,6332.42,,3.0,1.0,6.0,5.0,No
CUST10320,Male,28,Hyderabad,10,Monthly,Basic,DSL,Bank Transfer,809.36,7877.69,39.3,3.0,,8.0,0.0,No
CUST10321,Female,66,Kolkata,11,Monthly,Basic,DSL,Debit Card,733.68,7910.78,87.4,1.0,0.0,9.0,10.0,No
CUST10322,Female,25,Bengaluru,37,Monthly,Premium,DSL,Bank Transfer,1385.38,51586.43,70.1,1.0,0.0,8.0,0.0,Yes
CUST10323,Male,53,Bengaluru,12,,Standard,Fiber,Bank Transfer,1066.52,11329.56,202.4,4.0,0.0,7.0,10.0,Yes
CUST10324,Female,55,Bengaluru,3,Quarterly,Basic,Fiber,Bank Transfer,992.19,3257.79,141.2,2.0,1.0,5.0,0.0,No
CUST10325,Male,57,Chennai,30,Quarterly,Standard,Fiber,Bank Transfer,1254.73,36146.39,311.4,4.0,0.0,5.0,5.0,No
CUST10326,Male,37,Hyderabad,4,Monthly,Standard,DSL,Credit Card,1078.54,3167.42,115.3,1.0,1.0,6.0,5.0,No
CUST10327,Male,52,Chennai,21,Yearly,Standard,DSL,Credit Card,1101.91,23406.09,94.4,1.0,0.0,8.0,0.0,No
CUST10328,Male,65,Bengaluru,17,Quarterly,Standard,DSL,Cash,1148.94,19522.43,80.3,2.0,2.0,9.0,0.0,No
CUST10329,Male,42,Hyderabad,17,Yearly,Premium,Fiber,Cash,1465.35,24338.25,269.8,1.0,1.0,7.0,0.0,No
CUST10330,Female,52,Kolkata,6,Quarterly,Basic,DSL,Debit Card,756.67,4017.29,156.4,4.0,0.0,7.0,5.0,No
CUST10331,Male,42,Hyderabad,28,Yearly,Basic,Fiber,Credit Card,755.14,19171.31,250.4,2.0,0.0,8.0,10.0,No
CUST10332,Male,46,Kolkata,12,Yearly,Basic,Fiber,Bank Transfer,868.48,9963.05,110.6,2.0,,6.0,5.0,No
CUST10333,Male,35,Mumbai,35,Monthly,Standard,Fiber,Credit Card,1226.39,40682.65,179.5,2.0,0.0,7.0,5.0,No
CUST10334,Male,63,Ahmedabad,29,Yearly,Standard,Fiber,UPI,1171.84,32133.34,189.6,2.0,0.0,7.0,5.0,Yes
CUST10335,Female,35,Chennai,48,Monthly,Basic,DSL,Debit Card,890.99,40656.93,145.8,3.0,2.0,5.0,5.0,No
CUST10336,Male,19,Mumbai,23,Quarterly,Basic,DSL,UPI,726.71,15911.52,107.4,1.0,0.0,8.0,0.0,No
CUST10337,Female,52,Mumbai,31,Yearly,Standard,Fiber,Credit Card,1138.38,34382.9,132.9,3.0,0.0,8.0,5.0,No
CUST10338,Male,33,Pune,14,Monthly,Standard,Fiber,Bank Transfer,1202.56,16654.49,150.3,3.0,0.0,6.0,0.0,Yes
CUST10339,Female,58,Ahmedabad,4,Quarterly,Standard,Fiber,UPI,1117.13,4498.11,125.3,2.0,2.0,6.0,5.0,No
CUST10340,Male,53,Hyderabad,12,Quarterly,Premium,Fiber,Cash,1529.88,16413.78,241.2,2.0,0.0,6.0,15.0,No
CUST10341,Male,50,Mumbai,30,Quarterly,Premium,Fiber,Cash,1674.92,45790.25,99.1,0.0,0.0,9.0,10.0,No
CUST10342,Female,21,Ahmedabad,26,Yearly,Basic,DSL,Bank Transfer,829.22,21710.59,113.7,2.0,0.0,8.0,0.0,No
CUST10343,Male,50,Pune,18,Quarterly,Standard,Fiber,Cash,1212.57,21771.38,172.7,2.0,4.0,7.0,0.0,Yes
CUST10344,Female,31,Hyderabad,16,Yearly,Basic,DSL,Debit Card,798.82,,195.4,1.0,0.0,,0.0,No
CUST10345,Male,38,Hyderabad,8,Monthly,Standard,Fiber,Debit Card,1367.07,9575.57,222.5,4.0,1.0,5.0,5.0,Yes
CUST10346,Female,65,Mumbai,17,Monthly,Standard,Fiber,Bank Transfer,1195.33,18694.64,158.6,,1.0,8.0,5.0,No
CUST10347,Male,37,Pune,17,Monthly,Basic,Fiber,Credit Card,830.65,14241.16,114.4,1.0,1.0,9.0,0.0,No
CUST10348,Male,25,Delhi,46,Quarterly,Standard,DSL,Credit Card,1092.86,42541.79,46.1,2.0,1.0,6.0,15.0,No
CUST10349,Female,24,Kochi,28,Monthly,Premium,Fiber,Debit Card,1666.82,43588.39,137.4,4.0,2.0,5.0,5.0,No
CUST10350,Male,20,Hyderabad,23,Quarterly,Basic,Fiber,Debit Card,974.7,20321.18,250.8,2.0,0.0,7.0,10.0,No
CUST10351,Male,34,Hyderabad,25,Monthly,Basic,,Bank Transfer,641.53,14811.99,4.0,2.0,0.0,8.0,10.0,No
CUST10352,Male,50,Chennai,52,Quarterly,Basic,Fiber,Debit Card,979.59,46427.41,107.2,2.0,2.0,,10.0,No
CUST10353,Male,65,Jaipur,16,Monthly,Standard,,Bank Transfer,891.6,11678.25,1.8,0.0,1.0,8.0,20.0,Yes
CUST10354,Male,29,Ahmedabad,14,Quarterly,Standard,Fiber,Debit Card,1250.87,17196.65,125.4,5.0,1.0,7.0,0.0,Yes
CUST10355,Male,68,Hyderabad,54,Quarterly,Standard,DSL,Credit Card,1082.86,58816.56,160.6,2.0,0.0,7.0,0.0,No
CUST10356,Female,39,Kolkata,34,Yearly,Standard,Fiber,UPI,1072.85,32969.83,191.1,3.0,1.0,6.0,10.0,No
CUST10357,Female,39,Chennai,13,Quarterly,Standard,Fiber,Bank Transfer,1062.52,12659.59,99.3,3.0,0.0,8.0,5.0,No
CUST10358,Female,63,Hyderabad,55,Quarterly,Standard,Fiber,UPI,1115.74,45545.09,121.9,1.0,0.0,7.0,,No
CUST10359,Male,47,Mumbai,17,Yearly,Standard,Fiber,Cash,1265.58,21939.44,155.5,1.0,1.0,9.0,0.0,No
CUST10360,Female,55,Hyderabad,17,Quarterly,Standard,DSL,Bank Transfer,1014.99,17411.67,64.7,2.0,0.0,7.0,0.0,No
CUST10361,,55,Mumbai,7,Monthly,Premium,DSL,Debit Card,1460.9,9332.5,102.2,5.0,0.0,5.0,10.0,No
CUST10362,Male,62,Jaipur,8,Yearly,Basic,Fiber,Cash,1025.06,8232.18,197.8,0.0,0.0,9.0,0.0,No
CUST10363,Male,68,Delhi,39,Quarterly,Basic,Fiber,Debit Card,986.69,38781.85,279.8,0.0,0.0,7.0,0.0,No
CUST10364,Male,25,Kochi,19,Monthly,Basic,Fiber,UPI,726.16,10781.74,78.9,2.0,2.0,5.0,20.0,Yes
CUST10365,Female,44,Chennai,21,Quarterly,Premium,DSL,Debit Card,1508.41,31612.97,143.8,2.0,0.0,9.0,0.0,No
CUST10366,Male,44,Pune,46,Yearly,Standard,Fiber,UPI,1204.49,53008.73,200.6,3.0,2.0,6.0,5.0,No
CUST10367,Female,51,Chennai,29,Yearly,Basic,Fiber,Credit Card,847.53,24596.79,117.6,1.0,0.0,7.0,0.0,No
CUST10368,Male,38,Bengaluru,9,Yearly,Premium,DSL,Credit Card,1423.8,12439.56,51.2,0.0,1.0,7.0,0.0,No
CUST10369,Female,47,Delhi,44,Monthly,Premium,Fiber,Bank Transfer,1574.92,68952.44,203.0,1.0,1.0,9.0,0.0,No
CUST10370,Female,50,Bengaluru,40,Monthly,Premium,Fiber,Credit Card,1495.07,59825.2,226.5,4.0,0.0,8.0,0.0,Yes
CUST10371,Female,45,Pune,19,Monthly,Basic,Fiber,Credit Card,919.56,16179.08,225.4,1.0,1.0,7.0,0.0,No
CUST10372,Female,64,Hyderabad,7,Monthly,Premium,DSL,Credit Card,1624.13,9402.17,111.8,8.0,2.0,4.0,25.0,Yes
CUST10373,Female,50,Kolkata,27,Yearly,Basic,Fiber,Debit Card,981.28,23758.19,111.2,0.0,0.0,8.0,10.0,No
CUST10374,Female,22,Mumbai,10,Monthly,Basic,DSL,UPI,587.9,5239.91,110.3,2.0,1.0,8.0,15.0,No
CUST10375,Male,65,Mumbai,18,Quarterly,Standard,Fiber,UPI,1223.31,22338.16,182.9,4.0,1.0,5.0,0.0,Yes
CUST10376,Female,36,Hyderabad,19,Quarterly,Standard,Fiber,Bank Transfer,1223.3,23368.71,211.9,2.0,0.0,5.0,0.0,No
CUST10377,Male,21,,11,Quarterly,Basic,DSL,Credit Card,670.41,5954.07,83.0,2.0,1.0,6.0,10.0,No
CUST10378,Female,52,Kolkata,48,Monthly,Standard,Fiber,UPI,1103.13,47121.77,,0.0,0.0,9.0,10.0,No
CUST10379,Male,66,Hyderabad,13,Monthly,Premium,Fiber,Credit Card,1671.81,19902.12,148.1,0.0,0.0,7.0,5.0,Yes
CUST10380,Female,34,Chennai,46,Monthly,Standard,Fiber,Debit Card,1208.39,53354.09,220.2,3.0,0.0,8.0,5.0,No
CUST10381,Female,61,Bengaluru,23,Monthly,Standard,Fiber,Bank Transfer,1161.82,24614.27,175.4,1.0,0.0,8.0,5.0,No
CUST10382,Male,45,Kochi,6,Yearly,Basic,DSL,Cash,798.2,4457.38,90.6,4.0,0.0,5.0,0.0,No
CUST10383,Female,47,Pune,20,Yearly,Premium,Fiber,Bank Transfer,1769.39,30732.94,161.5,1.0,0.0,7.0,15.0,No
CUST10384,Female,46,Delhi,47,Monthly,Basic,DSL,Credit Card,770.64,35655.25,83.8,3.0,0.0,6.0,0.0,No
CUST10385,Female,63,Chennai,19,Yearly,Standard,DSL,UPI,1073.31,20467.6,114.3,0.0,1.0,7.0,0.0,No
CUST10386,Male,70,Bengaluru,13,Monthly,Basic,DSL,UPI,748.28,9134.53,79.9,3.0,0.0,5.0,10.0,No
CUST10387,Female,23,Kochi,39,Quarterly,Premium,DSL,Debit Card,1418.62,55296.78,142.0,2.0,0.0,7.0,0.0,No
CUST10388,Male,52,Mumbai,11,,Basic,DSL,Credit Card,815.53,7703.05,52.0,1.0,0.0,7.0,15.0,No
CUST10389,Female,58,Pune,17,Quarterly,Standard,Fiber,Debit Card,1184.59,16376.93,121.8,1.0,0.0,8.0,20.0,Yes
CUST10390,Female,54,,20,Monthly,Standard,Fiber,UPI,1239.99,25692.88,,1.0,0.0,8.0,0.0,Yes
CUST10391,Male,41,Kolkata,17,Monthly,Premium,Fiber,Credit Card,1720.05,25849.62,184.2,0.0,2.0,8.0,10.0,No
CUST10392,Female,46,Kolkata,22,Monthly,Basic,DSL,UPI,809.58,16700.64,115.0,5.0,1.0,5.0,5.0,Yes
CUST10393,Female,66,Pune,19,Monthly,Standard,DSL,Bank Transfer,948.11,18330.46,76.9,3.0,0.0,6.0,0.0,Yes
CUST10394,Male,63,Pune,10,Quarterly,Basic,Fiber,UPI,793.42,7042.36,164.9,3.0,,6.0,10.0,No
CUST10395,Female,70,Jaipur,16,Monthly,Premium,DSL,Debit Card,1550.26,22043.3,83.1,1.0,1.0,8.0,10.0,No
CUST10396,Male,48,Bengaluru,30,Quarterly,Standard,DSL,UPI,1041.03,28623.31,27.7,2.0,0.0,7.0,10.0,No
CUST10397,Male,52,Delhi,45,Quarterly,Standard,Fiber,,1220.87,45585.5,117.9,3.0,0.0,6.0,15.0,No
CUST10398,Male,50,Mumbai,8,Quarterly,Standard,Fiber,UPI,1136.65,9657.35,274.5,4.0,0.0,5.0,0.0,No
CUST10399,Female,69,Kochi,9,Quarterly,Basic,Fiber,UPI,949.28,8483.19,87.6,2.0,1.0,7.0,10.0,No
CUST10400,Male,38,Delhi,33,Monthly,Basic,DSL,UPI,901.03,26657.96,100.8,1.0,0.0,7.0,10.0,No
CUST10401,Male,49,Kolkata,59,Quarterly,Standard,Fiber,Credit Card,1212.13,70857.88,288.4,1.0,1.0,6.0,0.0,No
CUST10402,Female,40,Pune,14,Yearly,Premium,Fiber,Credit Card,1651.83,17432.91,98.3,3.0,3.0,5.0,25.0,No
CUST10403,Male,50,Mumbai,10,Quarterly,Standard,,Bank Transfer,949.64,9737.2,4.1,2.0,0.0,8.0,0.0,No
CUST10404,Female,20,Mumbai,42,Quarterly,Premium,DSL,UPI,1584.41,59070.31,138.7,0.0,0.0,8.0,10.0,No
CUST10405,Female,35,Delhi,41,Quarterly,Basic,Fiber,UPI,845.66,29512.3,46.9,2.0,1.0,6.0,15.0,No
CUST10406,Female,42,Hyderabad,3,Monthly,Premium,,Debit Card,1633.09,5629.13,173.9,1.0,0.0,8.0,5.0,No
CUST10407,Female,59,Mumbai,5,Quarterly,Standard,Fiber,Debit Card,1302.01,7141.33,204.4,4.0,1.0,7.0,0.0,No
CUST10408,Male,48,Bengaluru,9,Yearly,Standard,,UPI,974.33,9031.21,4.5,4.0,1.0,7.0,0.0,No
CUST10409,Male,20,Jaipur,33,Monthly,Standard,,Debit Card,816.11,27136.1,1.1,6.0,1.0,5.0,0.0,No
CUST10410,Male,57,Kochi,21,Yearly,Standard,DSL,Bank Transfer,996.39,19897.43,110.3,2.0,2.0,8.0,5.0,No
CUST10411,Male,63,Delhi,25,Monthly,Standard,Fiber,Credit Card,1187.6,29765.38,141.3,3.0,0.0,8.0,0.0,No
CUST10412,Male,41,Delhi,50,Monthly,Standard,Fiber,Debit Card,1174.34,55733.65,130.0,2.0,2.0,6.0,5.0,Yes
CUST10413,Female,67,Bengaluru,13,Yearly,Standard,Fiber,UPI,1177.71,15412.54,193.6,4.0,1.0,7.0,0.0,No
CUST10414,Male,49,Pune,27,Yearly,Basic,Fiber,UPI,932.96,24374.1,148.2,2.0,0.0,8.0,0.0,No
CUST10415,Male,64,Ahmedabad,34,Yearly,Basic,Fiber,Cash,856.73,26589.92,201.4,0.0,1.0,7.0,5.0,No
CUST10416,Male,39,,15,Yearly,Basic,DSL,UPI,874.73,11433.38,53.4,3.0,1.0,8.0,10.0,No
CUST10417,Female,40,Bengaluru,10,Monthly,Standard,Fiber,UPI,1167.63,10440.98,213.4,0.0,1.0,10.0,15.0,No
CUST10418,Female,19,Ahmedabad,41,,Standard,Fiber,Cash,1151.91,47525.13,206.7,1.0,0.0,9.0,0.0,No
CUST10419,,44,Pune,26,Monthly,Standard,DSL,Bank Transfer,956.41,25289.74,101.3,2.0,1.0,7.0,0.0,No
CUST10420,Female,59,Bengaluru,6,Monthly,Standard,Fiber,Debit Card,1300.58,5900.22,138.7,2.0,0.0,8.0,25.0,No
CUST10421,Male,19,Pune,50,Monthly,Basic,DSL,Debit Card,646.53,32933.99,72.3,2.0,2.0,6.0,0.0,No
CUST10422,Male,43,Delhi,28,Quarterly,Standard,Fiber,Bank Transfer,1236.59,30097.09,237.6,2.0,0.0,8.0,15.0,No
CUST10423,Female,34,Delhi,36,Monthly,Basic,Fiber,Bank Transfer,955.57,33277.86,161.9,2.0,3.0,5.0,5.0,No
CUST10424,Female,57,Kolkata,23,Yearly,Standard,Fiber,UPI,966.68,21892.75,196.6,2.0,2.0,6.0,0.0,No
CUST10425,Male,50,Ahmedabad,12,Quarterly,Basic,,Credit Card,445.3,4836.74,0.7,1.0,3.0,4.0,10.0,Yes
CUST10426,Male,26,Hyderabad,24,Monthly,Standard,DSL,UPI,1019.77,18124.2,36.9,2.0,0.0,8.0,25.0,No
CUST10427,,60,Kochi,44,Quarterly,Standard,Fiber,UPI,1351.56,48312.45,187.4,4.0,0.0,7.0,20.0,No
CUST10428,Male,65,Hyderabad,17,Monthly,Standard,Fiber,Credit Card,,18459.16,109.9,1.0,1.0,9.0,10.0,No
CUST10429,Female,56,Kolkata,10,Monthly,Standard,DSL,Debit Card,1009.72,9820.99,113.6,2.0,3.0,6.0,5.0,Yes
CUST10430,Male,46,Hyderabad,72,Yearly,Basic,Fiber,UPI,840.01,60825.24,233.6,1.0,2.0,7.0,0.0,No
CUST10431,Female,59,Jaipur,24,Monthly,Basic,,Credit Card,488.76,11289.62,2.7,4.0,0.0,6.0,5.0,No
CUST10432,Male,43,Jaipur,24,Yearly,Standard,,Debit Card,799.19,18714.09,9.1,3.0,2.0,8.0,0.0,No
CUST10433,Male,52,Bengaluru,18,Quarterly,Premium,DSL,Debit Card,1396.23,20641.8,116.3,1.0,0.0,8.0,20.0,No
CUST10434,Female,67,Jaipur,26,Quarterly,Standard,,Bank Transfer,792.81,21621.9,6.0,6.0,1.0,7.0,0.0,No
CUST10435,Male,42,Ahmedabad,1,Quarterly,Basic,Fiber,Bank Transfer,842.72,1053.29,229.7,2.0,1.0,8.0,5.0,Yes
CUST10436,Male,41,Ahmedabad,36,Monthly,Standard,Fiber,Cash,1169.51,39937.01,256.6,2.0,0.0,8.0,5.0,No
CUST10437,Female,30,Mumbai,31,Monthly,Standard,Fiber,Debit Card,1276.06,37216.49,237.2,1.0,0.0,7.0,5.0,No
CUST10438,Male,24,Ahmedabad,42,Monthly,Standard,Fiber,Debit Card,1110.31,46504.56,130.6,1.0,2.0,6.0,0.0,No
CUST10439,Male,53,Ahmedabad,24,Monthly,Premium,,Bank Transfer,1198.24,28120.41,4.4,1.0,3.0,7.0,0.0,No
CUST10440,Male,62,Delhi,17,Monthly,Standard,Fiber,,,18250.99,192.6,1.0,1.0,7.0,5.0,No
CUST10441,Female,37,Kochi,42,Yearly,Basic,DSL,Bank Transfer,750.0,26691.3,146.9,3.0,1.0,5.0,15.0,No
CUST10442,Female,18,Bengaluru,47,Monthly,Basic,DSL,Credit Card,688.97,29301.63,67.6,2.0,1.0,8.0,10.0,No
CUST10443,Female,25,Bengaluru,17,Quarterly,Standard,Fiber,UPI,1366.03,21323.63,124.8,4.0,1.0,6.0,5.0,No
CUST10444,Male,63,Chennai,10,Monthly,Standard,Fiber,Bank Transfer,1246.66,11316.11,201.3,1.0,0.0,8.0,10.0,No
CUST10445,Male,33,Chennai,21,Monthly,Basic,Fiber,Bank Transfer,977.95,19274.52,223.2,3.0,0.0,9.0,10.0,No
CUST10446,Male,31,Pune,11,Monthly,Premium,Fiber,Bank Transfer,1619.09,18027.69,241.7,2.0,0.0,6.0,0.0,Yes
CUST10447,Male,29,Bengaluru,20,Quarterly,Basic,Fiber,UPI,1012.35,20494.66,175.6,4.0,2.0,3.0,0.0,Yes
CUST10448,Female,68,Kochi,28,Monthly,Standard,Fiber,Credit Card,1108.55,26586.42,129.4,2.0,3.0,5.0,15.0,Yes
CUST10449,Male,40,Bengaluru,10,Monthly,Basic,DSL,Credit Card,705.4,5901.12,140.6,3.0,1.0,,5.0,No
CUST10450,Male,32,,21,Quarterly,Premium,DSL,Bank Transfer,1384.67,28322.06,103.8,2.0,2.0,6.0,0.0,No
CUST10451,Male,45,Bengaluru,22,Quarterly,Standard,Fiber,Bank Transfer,1186.29,26397.43,233.4,2.0,1.0,7.0,0.0,No
CUST10452,Female,51,Chennai,37,Monthly,Basic,Fiber,UPI,1026.7,32644.83,210.0,3.0,0.0,6.0,15.0,No
CUST10453,Male,19,Jaipur,48,Quarterly,Premium,DSL,Debit Card,1625.95,70763.44,140.8,1.0,0.0,8.0,10.0,No
CUST10454,Male,49,Pune,17,Quarterly,Basic,Fiber,UPI,976.37,13953.76,144.7,6.0,1.0,4.0,20.0,Yes
CUST10455,Male,40,Ahmedabad,66,Quarterly,Standard,Fiber,Credit Card,1192.16,74490.18,148.4,0.0,1.0,7.0,5.0,No
CUST10456,Male,39,Bengaluru,33,Monthly,Premium,DSL,Credit Card,1539.6,51292.21,52.2,1.0,0.0,,0.0,No
CUST10457,Male,68,Chennai,16,Monthly,Standard,,Bank Transfer,968.65,14427.02,12.4,3.0,2.0,9.0,10.0,Yes
CUST10458,Female,42,Hyderabad,17,Monthly,Premium,,Bank Transfer,1344.12,23618.15,8.3,1.0,1.0,6.0,0.0,No
CUST10459,Male,39,Hyderabad,16,Yearly,Premium,Fiber,Credit Card,1589.31,26230.52,258.6,2.0,1.0,6.0,0.0,No
CUST10460,Male,39,Bengaluru,15,Monthly,Premium,Fiber,Debit Card,1591.44,23676.76,126.4,1.0,0.0,7.0,0.0,No
CUST10461,Male,66,Pune,44,Yearly,Basic,Fiber,Debit Card,847.34,37243.18,171.9,1.0,2.0,9.0,0.0,No
CUST10462,Male,69,Hyderabad,35,Monthly,Basic,,Credit Card,530.38,15882.74,6.1,3.0,0.0,7.0,15.0,No
CUST10463,Male,59,Kolkata,18,Monthly,Standard,Fiber,Cash,1136.06,17990.6,159.0,2.0,0.0,7.0,10.0,No
CUST10464,Male,23,Hyderabad,13,Monthly,Standard,Fiber,Bank Transfer,1194.85,16087.04,223.4,1.0,1.0,7.0,0.0,No
CUST10465,Male,32,Bengaluru,41,Monthly,Standard,DSL,UPI,1048.15,38570.65,43.8,4.0,0.0,8.0,10.0,No
CUST10466,Male,60,Pune,24,Yearly,Basic,,Credit Card,480.91,10972.22,3.7,2.0,0.0,7.0,10.0,No
CUST10467,Male,54,Mumbai,9,Yearly,Premium,DSL,UPI,1664.83,12743.22,,1.0,1.0,7.0,20.0,Yes
CUST10468,Male,50,Jaipur,2,Quarterly,Premium,Fiber,Credit Card,1623.69,2619.12,161.6,2.0,1.0,4.0,15.0,Yes
CUST10469,Female,25,Pune,18,Quarterly,Standard,Fiber,Debit Card,1303.4,22588.44,191.3,4.0,1.0,7.0,0.0,No
CUST10470,Female,70,Bengaluru,25,Quarterly,Basic,DSL,,846.05,17964.24,82.8,0.0,1.0,8.0,15.0,No
CUST10471,Female,61,,29,Yearly,Basic,DSL,Bank Transfer,,26926.35,93.8,2.0,0.0,7.0,0.0,No
CUST10472,Female,61,Chennai,50,Monthly,Basic,Fiber,Debit Card,,42034.06,137.5,4.0,0.0,6.0,0.0,Yes
CUST10473,Male,22,Bengaluru,6,Quarterly,Standard,Fiber,Cash,1156.38,6888.04,296.8,3.0,2.0,7.0,0.0,No
CUST10474,Female,56,Pune,24,Quarterly,Premium,DSL,UPI,1304.88,31378.05,74.7,3.0,2.0,3.0,0.0,Yes
CUST10475,Female,21,Mumbai,21,Yearly,Basic,Fiber,Bank Transfer,770.59,13678.75,232.5,2.0,1.0,5.0,15.0,No
CUST10476,Male,23,Ahmedabad,10,Yearly,Standard,DSL,Bank Transfer,969.22,8426.15,87.4,3.0,1.0,8.0,10.0,Yes
CUST10477,Female,62,Ahmedabad,38,Yearly,Standard,Fiber,UPI,1187.85,39766.63,197.7,1.0,2.0,6.0,10.0,No
CUST10478,Female,49,Kochi,18,Quarterly,Basic,Fiber,Credit Card,892.47,13111.39,220.6,3.0,0.0,6.0,20.0,Yes
CUST10479,Male,69,Hyderabad,20,Monthly,Standard,,Bank Transfer,1104.0,20734.22,9.1,2.0,2.0,8.0,5.0,No
CUST10480,Male,47,Hyderabad,12,Monthly,Standard,Fiber,,1240.26,14990.48,84.3,2.0,0.0,7.0,0.0,Yes
CUST10481,Male,64,Kolkata,23,Quarterly,Premium,DSL,,1527.62,31960.7,28.2,3.0,0.0,7.0,10.0,Yes
CUST10482,Female,52,Bengaluru,30,Quarterly,Standard,Fiber,Cash,1211.37,31341.77,200.2,1.0,3.0,8.0,15.0,No
CUST10483,Female,57,Chennai,23,Monthly,Standard,Fiber,UPI,1094.98,18544.32,92.1,2.0,0.0,6.0,25.0,No
CUST10484,Male,69,Chennai,35,Monthly,Basic,DSL,Credit Card,773.74,25238.5,114.1,4.0,0.0,6.0,5.0,No
CUST10485,Male,33,Bengaluru,15,Monthly,Basic,DSL,Debit Card,620.86,8210.28,85.5,1.0,1.0,8.0,15.0,No
CUST10486,Female,30,Hyderabad,32,Yearly,Basic,DSL,Debit Card,735.56,20337.79,130.7,2.0,0.0,7.0,15.0,No
CUST10487,Male,67,Ahmedabad,32,Monthly,Standard,Fiber,UPI,1251.84,39777.1,194.4,2.0,0.0,8.0,0.0,No
CUST10488,Female,59,Ahmedabad,30,Quarterly,Basic,Fiber,Debit Card,853.02,23528.92,184.2,6.0,2.0,4.0,10.0,No
CUST10489,Male,47,Bengaluru,37,Monthly,Basic,,Bank Transfer,565.43,20901.88,0.5,1.0,1.0,7.0,0.0,No
CUST10490,Male,36,Bengaluru,16,Monthly,Standard,Fiber,Debit Card,1151.84,17136.41,42.7,3.0,0.0,7.0,5.0,Yes
CUST10491,Female,34,Mumbai,14,Yearly,Standard,DSL,Debit Card,961.56,10277.91,122.2,2.0,2.0,,20.0,No
CUST10492,Male,36,Jaipur,12,Monthly,Basic,Fiber,UPI,939.03,9822.21,113.9,1.0,1.0,6.0,15.0,No
CUST10493,Male,45,Bengaluru,9,Monthly,Basic,,Bank Transfer,633.57,5252.02,4.8,3.0,1.0,6.0,10.0,No
CUST10494,Male,43,Kolkata,14,Monthly,Standard,,Credit Card,933.36,11296.88,2.5,2.0,0.0,7.0,15.0,No
CUST10495,Female,54,,15,Monthly,Basic,Fiber,Cash,880.7,12657.5,255.3,4.0,1.0,7.0,0.0,No
CUST10496,Male,43,Pune,12,,Standard,DSL,,875.94,9398.66,123.0,1.0,0.0,8.0,0.0,No
CUST10497,Male,70,Delhi,20,Monthly,Standard,Fiber,Credit Card,1207.07,24446.78,80.9,0.0,0.0,8.0,0.0,No
CUST10498,Male,40,Kolkata,7,Quarterly,Basic,Fiber,UPI,1001.55,6559.62,39.7,4.0,0.0,6.0,15.0,No
CUST10499,Male,26,Mumbai,37,,Basic,Fiber,Debit Card,794.82,22717.07,207.4,2.0,2.0,5.0,20.0,No
CUST10500,Male,29,Pune,19,Yearly,Basic,DSL,UPI,892.47,15050.83,77.2,0.0,1.0,8.0,10.0,No
CUST10501,Male,70,Mumbai,25,Yearly,Basic,Fiber,Bank Transfer,735.28,15106.1,211.6,5.0,1.0,7.0,25.0,No
CUST10502,Female,18,Kolkata,10,Yearly,Premium,DSL,Bank Transfer,1481.76,13617.42,0.5,2.0,0.0,6.0,10.0,No
CUST10503,Female,18,Jaipur,21,Yearly,Standard,Fiber,UPI,1266.38,24588.4,246.2,0.0,1.0,8.0,10.0,No
CUST10504,Male,64,Bengaluru,29,Monthly,Standard,Fiber,UPI,1317.46,35200.51,235.5,0.0,0.0,8.0,10.0,No
CUST10505,Female,51,Ahmedabad,23,Monthly,Standard,DSL,Bank Transfer,1086.72,21003.26,25.2,4.0,1.0,6.0,15.0,No
CUST10506,Female,49,Chennai,41,Quarterly,Basic,Fiber,Credit Card,873.98,37003.77,130.5,3.0,2.0,6.0,0.0,No
CUST10507,Male,65,Bengaluru,26,Monthly,Basic,DSL,Credit Card,763.45,18980.7,29.4,0.0,0.0,8.0,0.0,Yes
CUST10508,Female,42,Hyderabad,7,Monthly,Premium,DSL,UPI,1395.41,10022.32,74.7,,1.0,6.0,0.0,Yes
CUST10509,Female,57,Mumbai,16,Monthly,Premium,DSL,Credit Card,1290.83,16695.31,114.3,2.0,1.0,6.0,20.0,No
CUST10510,Female,62,Pune,9,Monthly,Standard,Fiber,UPI,1180.64,7948.94,216.4,3.0,1.0,5.0,20.0,No
CUST10511,Female,70,Kolkata,36,Quarterly,Standard,Fiber,Debit Card,1239.29,42012.72,162.1,4.0,1.0,6.0,5.0,No
CUST10512,Female,18,Bengaluru,21,Monthly,Standard,DSL,Credit Card,1132.06,18711.92,99.8,2.0,0.0,8.0,20.0,No
CUST10513,Female,33,Hyderabad,42,Monthly,Basic,DSL,Bank Transfer,711.14,,118.7,4.0,0.0,6.0,5.0,No
CUST10514,Female,56,Ahmedabad,7,Quarterly,Basic,Fiber,Credit Card,1018.17,6064.16,179.0,1.0,2.0,7.0,5.0,Yes
CUST10515,Female,22,Jaipur,16,Monthly,Basic,DSL,Credit Card,736.56,9856.67,132.4,0.0,1.0,9.0,15.0,Yes
CUST10516,Male,39,Chennai,26,Yearly,Standard,Fiber,UPI,1238.29,,149.9,3.0,0.0,8.0,5.0,No
CUST10517,Male,46,Kochi,14,Monthly,Basic,Fiber,Cash,959.67,12435.38,167.0,5.0,2.0,6.0,5.0,No
CUST10518,Female,20,Chennai,7,Quarterly,Standard,DSL,Debit Card,1054.27,,91.0,2.0,1.0,7.0,0.0,No
CUST10519,Female,29,Delhi,48,Monthly,Standard,Fiber,UPI,1192.75,56876.6,154.5,5.0,2.0,5.0,0.0,Yes
CUST10520,Male,43,Ahmedabad,37,Monthly,Standard,Fiber,UPI,1324.57,44242.13,181.1,0.0,0.0,7.0,,No
CUST10521,Female,33,Hyderabad,14,Monthly,Basic,Fiber,UPI,764.08,10696.6,39.3,2.0,0.0,5.0,0.0,No
CUST10522,Female,68,Hyderabad,22,Monthly,Standard,Fiber,UPI,1203.39,23669.42,257.1,1.0,2.0,8.0,10.0,No
CUST10523,Male,54,Hyderabad,9,Yearly,Standard,DSL,Debit Card,903.24,6632.2,143.7,1.0,1.0,7.0,10.0,No
CUST10524,Male,39,Ahmedabad,15,Quarterly,Basic,Fiber,Credit Card,756.2,10690.44,188.8,,1.0,10.0,5.0,No
CUST10525,Male,46,Ahmedabad,7,Monthly,Basic,,Cash,545.75,3117.42,0.5,1.0,1.0,7.0,10.0,No
CUST10526,Female,31,Hyderabad,64,Monthly,Standard,DSL,UPI,1007.93,48861.4,115.2,1.0,1.0,8.0,25.0,No
CUST10527,Female,45,Delhi,23,Monthly,Basic,Fiber,Bank Transfer,1066.32,24844.64,83.9,2.0,1.0,8.0,0.0,No
CUST10528,Male,22,Hyderabad,16,Monthly,Premium,Fiber,Credit Card,1579.73,22454.11,76.1,1.0,0.0,7.0,10.0,No
CUST10529,Male,64,Chennai,5,Monthly,Standard,Fiber,UPI,1290.81,,203.8,4.0,0.0,6.0,15.0,No
CUST10530,Female,66,Mumbai,17,Yearly,Basic,DSL,Cash,754.13,12373.13,100.2,1.0,1.0,7.0,0.0,No
CUST10531,Male,47,Ahmedabad,16,Monthly,Standard,Fiber,Bank Transfer,1103.87,17538.77,199.8,0.0,0.0,8.0,0.0,No
CUST10532,Female,63,Hyderabad,12,Quarterly,Standard,Fiber,Debit Card,1058.99,12596.94,231.5,2.0,0.0,8.0,5.0,No
CUST10533,Female,69,Delhi,16,Quarterly,Basic,Fiber,Debit Card,790.9,11979.13,49.4,3.0,0.0,7.0,10.0,Yes
CUST10534,Male,22,Bengaluru,8,Yearly,Basic,DSL,Cash,776.23,4876.63,121.7,3.0,2.0,4.0,0.0,Yes
CUST10535,Male,29,Mumbai,40,Monthly,Standard,DSL,Debit Card,1177.77,45514.49,66.9,2.0,1.0,7.0,5.0,No
CUST10536,Female,33,Kochi,37,Quarterly,Basic,DSL,UPI,676.91,23734.41,94.4,1.0,0.0,8.0,5.0,No
CUST10537,Male,43,Delhi,45,Yearly,Basic,DSL,UPI,817.03,34240.35,89.9,2.0,0.0,7.0,5.0,No
CUST10538,Male,43,Mumbai,5,Monthly,Basic,Fiber,,885.46,3958.98,324.8,2.0,0.0,9.0,10.0,No
CUST10539,Male,65,Hyderabad,62,Monthly,Basic,DSL,Debit Card,664.81,34622.17,102.0,2.0,0.0,7.0,15.0,No
CUST10540,Male,38,Delhi,19,Yearly,Standard,Fiber,Bank Transfer,1228.37,22998.24,208.7,2.0,1.0,7.0,5.0,No
CUST10541,Female,56,Bengaluru,7,Quarterly,Premium,Fiber,UPI,1727.31,11196.88,232.3,5.0,0.0,7.0,5.0,Yes
CUST10542,Female,53,Delhi,9,Monthly,Standard,DSL,Cash,1043.96,7977.84,121.1,3.0,0.0,9.0,10.0,No
CUST10543,Female,50,Chennai,20,Quarterly,Standard,Fiber,Debit Card,1266.36,23844.02,168.7,1.0,2.0,7.0,10.0,No
CUST10544,Female,47,Chennai,27,Monthly,Premium,Fiber,Debit Card,1624.69,35293.2,108.4,1.0,2.0,8.0,20.0,No
CUST10545,Male,54,Delhi,14,Monthly,Basic,DSL,UPI,774.83,10050.22,79.2,1.0,1.0,9.0,5.0,No
CUST10546,Male,40,Hyderabad,15,Monthly,Basic,Fiber,Cash,835.75,12209.07,196.0,4.0,2.0,5.0,10.0,Yes
CUST10547,Female,27,Kochi,13,Monthly,Standard,Fiber,Debit Card,1239.27,16764.94,211.7,4.0,0.0,5.0,0.0,No
CUST10548,Female,22,Delhi,33,Quarterly,Standard,,Debit Card,733.06,20254.95,5.4,2.0,0.0,8.0,15.0,No
CUST10549,Male,53,,12,Quarterly,Standard,,Cash,1228.91,13606.93,166.9,2.0,2.0,8.0,5.0,No
CUST10550,Female,51,Mumbai,12,Yearly,Basic,DSL,Cash,859.8,9335.21,108.1,3.0,0.0,6.0,10.0,No
CUST10551,Female,69,Hyderabad,64,Monthly,Basic,DSL,UPI,894.31,54292.96,92.4,1.0,0.0,9.0,5.0,No
CUST10552,Male,48,Kolkata,10,Yearly,Standard,Fiber,Cash,1116.62,10810.37,196.9,5.0,2.0,4.0,0.0,Yes
CUST10553,Female,27,Mumbai,7,Monthly,Premium,Fiber,Bank Transfer,1635.34,10865.04,162.5,4.0,0.0,6.0,5.0,No
CUST10554,Male,36,Pune,20,Monthly,Standard,DSL,UPI,993.58,20745.69,92.8,1.0,1.0,7.0,0.0,No
CUST10555,Male,49,Bengaluru,14,Yearly,Basic,DSL,UPI,761.24,10647.75,50.5,2.0,1.0,7.0,5.0,No
CUST10556,Female,18,Hyderabad,22,Monthly,Standard,Fiber,Credit Card,1353.77,29977.05,227.1,1.0,0.0,7.0,0.0,No
CUST10557,Male,22,Kolkata,36,Monthly,Basic,Fiber,Debit Card,970.22,34757.53,92.5,4.0,0.0,6.0,0.0,No
CUST10558,Female,62,Delhi,18,Monthly,Basic,Fiber,Bank Transfer,847.8,15196.82,182.4,3.0,1.0,4.0,0.0,Yes
CUST10559,Male,21,Chennai,23,Monthly,Basic,DSL,UPI,693.29,14693.2,143.3,2.0,0.0,8.0,10.0,No
CUST10560,Female,33,Mumbai,38,Quarterly,Standard,Fiber,,1201.36,39105.7,279.0,3.0,2.0,6.0,15.0,Yes
CUST10561,Female,41,Kolkata,25,Yearly,Premium,,Bank Transfer,1256.8,31452.7,5.7,0.0,1.0,9.0,0.0,No
CUST10562,Female,33,Bengaluru,14,Quarterly,Standard,,Debit Card,860.63,11989.24,7.9,1.0,0.0,7.0,5.0,Yes
CUST10563,Male,19,Ahmedabad,39,Yearly,Basic,DSL,Cash,630.86,22791.03,143.0,2.0,3.0,4.0,5.0,No
CUST10564,Male,66,Mumbai,27,Quarterly,Basic,DSL,Bank Transfer,909.93,23831.82,78.4,1.0,1.0,8.0,5.0,No
CUST10565,Female,45,Jaipur,53,Yearly,Basic,Fiber,UPI,1067.83,56905.46,135.7,0.0,1.0,7.0,0.0,No
CUST10566,Male,49,Delhi,44,Monthly,Premium,Fiber,Bank Transfer,1638.35,71374.09,316.2,4.0,1.0,7.0,0.0,No
CUST10567,Female,44,Kolkata,14,Yearly,Standard,DSL,Cash,980.39,,102.6,4.0,0.0,6.0,20.0,No
CUST10568,Female,37,Delhi,22,Monthly,Basic,Fiber,UPI,849.84,16640.98,191.2,1.0,0.0,10.0,15.0,No
CUST10569,Male,41,Jaipur,19,Yearly,Standard,Fiber,Cash,1124.65,20562.87,181.1,2.0,1.0,6.0,5.0,No
CUST10570,Female,29,Bengaluru,5,Monthly,Standard,DSL,UPI,967.43,4295.72,74.6,3.0,0.0,7.0,10.0,No
CUST10571,Male,67,Mumbai,10,Quarterly,Premium,Fiber,Debit Card,1549.28,14882.65,287.7,2.0,3.0,7.0,5.0,Yes
CUST10572,Female,52,Hyderabad,63,Quarterly,Premium,DSL,Bank Transfer,1483.79,93485.01,117.9,0.0,0.0,8.0,0.0,No
CUST10573,Male,50,,9,Yearly,Basic,Fiber,Bank Transfer,910.28,7143.81,158.9,2.0,0.0,6.0,15.0,No
CUST10574,Female,50,Mumbai,14,Quarterly,Standard,Fiber,Bank Transfer,1321.94,18975.25,273.4,2.0,1.0,7.0,0.0,Yes
CUST10575,Female,68,Kochi,15,Monthly,Standard,Fiber,Debit Card,1078.14,15460.31,110.6,4.0,2.0,3.0,10.0,Yes
CUST10576,Male,60,Kochi,17,Quarterly,Basic,,Debit Card,479.53,7256.45,2.4,1.0,2.0,6.0,5.0,No
CUST10577,Female,54,Delhi,15,Monthly,Standard,DSL,Debit Card,889.99,12597.36,161.6,5.0,2.0,5.0,10.0,Yes
CUST10578,Female,29,Jaipur,55,Monthly,Standard,Fiber,Credit Card,1211.57,63118.89,159.8,2.0,2.0,8.0,5.0,Yes
CUST10579,Male,20,Chennai,10,Monthly,Basic,Fiber,Debit Card,,8638.28,235.2,3.0,1.0,7.0,10.0,No
CUST10580,Female,18,,3,Monthly,Standard,,Bank Transfer,812.2,3091.22,3.7,4.0,0.0,6.0,0.0,No
CUST10581,Male,50,Pune,21,Monthly,Standard,Fiber,Credit Card,1309.23,27148.38,183.2,2.0,0.0,7.0,0.0,Yes
CUST10582,Female,57,Pune,26,Yearly,Basic,Fiber,Debit Card,955.5,20373.4,200.0,3.0,0.0,6.0,20.0,No
CUST10583,Male,27,Kochi,32,Yearly,Basic,Fiber,UPI,969.34,28456.47,167.4,1.0,2.0,8.0,10.0,No
CUST10584,Female,60,Mumbai,57,Monthly,Standard,DSL,Debit Card,1096.87,54115.05,84.7,0.0,1.0,6.0,15.0,No
CUST10585,Female,61,Pune,13,Monthly,Basic,Fiber,UPI,1044.26,13514.29,89.0,1.0,0.0,7.0,5.0,Yes
CUST10586,Female,46,Bengaluru,1,Monthly,Premium,Fiber,Credit Card,1583.98,2156.45,251.9,0.0,0.0,6.0,5.0,No
CUST10587,Male,30,Bengaluru,11,Monthly,Basic,DSL,UPI,804.94,9001.45,116.3,1.0,0.0,8.0,5.0,Yes
CUST10588,Male,29,Bengaluru,7,Monthly,Basic,Fiber,UPI,1047.64,7446.31,142.3,3.0,3.0,7.0,0.0,No
CUST10589,Male,48,Kochi,28,Monthly,Basic,DSL,Credit Card,668.14,17514.82,97.0,4.0,1.0,6.0,10.0,No
CUST10590,Male,63,Ahmedabad,27,Quarterly,Standard,Fiber,Credit Card,1182.79,27013.74,172.4,2.0,1.0,7.0,15.0,No
CUST10591,Female,19,Kolkata,27,Quarterly,Standard,Fiber,Credit Card,1245.98,26601.38,209.8,2.0,2.0,6.0,20.0,No
CUST10592,Female,68,Hyderabad,21,Monthly,Standard,Fiber,UPI,1131.3,22866.84,160.0,3.0,1.0,7.0,5.0,No
CUST10593,Male,67,Delhi,16,Monthly,Basic,DSL,Cash,677.94,10924.3,75.7,2.0,0.0,6.0,5.0,Yes
CUST10594,Male,52,Bengaluru,12,Quarterly,Premium,Fiber,UPI,1762.4,17890.94,71.3,0.0,0.0,7.0,15.0,No
CUST10595,Male,40,Delhi,23,Yearly,Basic,Fiber,Bank Transfer,835.04,16127.7,189.4,2.0,1.0,7.0,15.0,No
CUST10596,Female,34,Delhi,30,Monthly,Basic,DSL,Bank Transfer,720.69,17659.67,93.2,3.0,0.0,7.0,15.0,No
CUST10597,Male,43,Kolkata,14,Monthly,Basic,DSL,UPI,767.27,9256.42,81.4,2.0,2.0,8.0,10.0,No
CUST10598,Male,25,Chennai,10,Monthly,Basic,Fiber,Credit Card,934.3,7126.22,91.0,3.0,0.0,8.0,20.0,Yes
CUST10599,Female,46,Bengaluru,21,Monthly,Standard,Fiber,Cash,1156.38,24896.92,132.7,1.0,1.0,7.0,0.0,Yes
CUST10600,Female,43,Bengaluru,15,Monthly,Basic,Fiber,Debit Card,883.37,11723.13,113.2,2.0,2.0,8.0,10.0,Yes
CUST10601,Male,27,Bengaluru,39,Monthly,Basic,DSL,UPI,669.85,26364.8,143.6,6.0,1.0,8.0,0.0,Yes
CUST10602,Female,43,Hyderabad,37,Monthly,Premium,DSL,Credit Card,1405.7,46059.47,36.5,4.0,1.0,6.0,,No
CUST10603,,51,Jaipur,30,Monthly,Basic,DSL,Credit Card,805.63,22402.23,174.9,0.0,0.0,8.0,10.0,No
CUST10604,Female,68,Pune,21,Quarterly,Standard,DSL,Bank Transfer,1122.52,23690.68,101.4,2.0,3.0,5.0,0.0,No
CUST10605,Male,58,Ahmedabad,32,Monthly,Standard,,Cash,1131.45,31909.84,78.2,2.0,2.0,7.0,10.0,No
CUST10606,Male,24,Hyderabad,15,Quarterly,Basic,Fiber,UPI,899.61,13234.96,207.9,3.0,0.0,6.0,0.0,No
CUST10607,Male,21,Delhi,36,Monthly,Standard,Fiber,Credit Card,1184.26,42245.75,216.7,3.0,1.0,4.0,0.0,Yes
CUST10608,Male,70,Bengaluru,40,Monthly,Standard,DSL,UPI,945.38,37930.98,96.4,6.0,2.0,6.0,0.0,No
CUST10609,Female,67,Jaipur,19,Yearly,Basic,Fiber,Cash,871.53,15552.42,174.6,0.0,0.0,8.0,5.0,No
CUST10610,Female,62,Kolkata,16,Quarterly,Premium,Fiber,Debit Card,1613.87,25672.89,139.2,2.0,2.0,5.0,0.0,No
CUST10611,Female,28,Mumbai,25,Monthly,Standard,Fiber,Bank Transfer,1287.05,31757.67,198.6,2.0,0.0,5.0,0.0,Yes
CUST10612,Female,46,Chennai,9,Quarterly,Premium,,Credit Card,1095.35,9244.08,13.2,3.0,1.0,,0.0,No
CUST10613,Male,53,Hyderabad,27,,Premium,Fiber,Bank Transfer,1573.05,42882.7,230.8,1.0,1.0,6.0,0.0,No
CUST10614,Male,42,Pune,20,Monthly,Basic,Fiber,UPI,718.73,14872.92,195.3,1.0,0.0,7.0,0.0,No
CUST10615,Female,38,Kochi,36,Monthly,Basic,DSL,Cash,621.7,19810.13,108.8,4.0,0.0,4.0,10.0,No
CUST10616,Female,53,Chennai,21,Yearly,Basic,Fiber,Credit Card,1005.4,19251.49,161.2,3.0,1.0,7.0,10.0,No
CUST10617,Female,27,Chennai,19,Monthly,Premium,,Bank Transfer,1145.86,15881.9,2.7,2.0,1.0,7.0,25.0,Yes
CUST10618,Female,54,Bengaluru,5,Monthly,Premium,Fiber,UPI,1608.65,8435.79,171.5,2.0,1.0,5.0,0.0,Yes
CUST10619,Female,26,Bengaluru,32,Monthly,Standard,DSL,Debit Card,1132.09,30725.17,,0.0,0.0,6.0,15.0,No
CUST10620,Male,41,Mumbai,27,Quarterly,Basic,Fiber,Credit Card,862.56,21754.95,108.9,4.0,0.0,7.0,5.0,No
CUST10621,Male,52,Bengaluru,19,Yearly,Basic,DSL,UPI,652.07,11258.86,129.4,3.0,0.0,6.0,5.0,Yes
CUST10622,Male,66,Kolkata,19,Yearly,Premium,DSL,Credit Card,1459.53,28276.73,167.3,2.0,0.0,8.0,0.0,No
CUST10623,Female,52,Kolkata,18,Quarterly,Premium,DSL,Debit Card,1574.79,27650.83,110.5,1.0,0.0,8.0,0.0,No
CUST10624,Female,65,Bengaluru,19,Yearly,Basic,DSL,UPI,829.42,14931.76,207.9,0.0,1.0,8.0,5.0,No
CUST10625,Female,53,Ahmedabad,34,Quarterly,Basic,Fiber,UPI,880.13,24476.24,179.4,2.0,0.0,8.0,15.0,No
CUST10626,Female,35,Bengaluru,34,Quarterly,Basic,,Credit Card,505.44,13266.02,0.5,4.0,1.0,7.0,20.0,No
CUST10627,Male,66,Delhi,17,Yearly,Basic,DSL,Credit Card,842.51,10106.4,168.4,5.0,2.0,5.0,25.0,No
CUST10628,Male,56,Mumbai,13,Monthly,Premium,DSL,Credit Card,1333.09,13505.69,94.2,1.0,0.0,8.0,15.0,No
CUST10629,Female,49,Delhi,24,Quarterly,Standard,DSL,Credit Card,1124.96,24031.61,36.6,1.0,1.0,7.0,10.0,No
CUST10630,Male,41,Mumbai,19,Quarterly,,Fiber,UPI,1157.56,20727.28,185.8,2.0,1.0,7.0,5.0,Yes
CUST10631,Male,40,Hyderabad,12,Yearly,Standard,DSL,UPI,931.03,8351.88,131.7,1.0,1.0,9.0,20.0,No
CUST10632,Female,49,Hyderabad,20,Yearly,Basic,Fiber,Bank Transfer,758.68,13351.04,59.4,2.0,2.0,8.0,10.0,No
CUST10633,Female,54,Kochi,28,Yearly,Basic,DSL,UPI,880.81,24546.32,67.5,1.0,0.0,5.0,0.0,No
CUST10634,Female,29,Bengaluru,5,Yearly,Standard,Fiber,Debit Card,1183.91,4380.3,184.4,4.0,3.0,6.0,10.0,Yes
CUST10635,Female,66,Bengaluru,69,Monthly,Standard,Fiber,Credit Card,1128.46,73986.49,221.7,3.0,0.0,7.0,5.0,No
CUST10636,Female,30,Bengaluru,44,Monthly,Standard,,Cash,846.5,33822.93,6.2,5.0,0.0,7.0,10.0,No
CUST10637,Female,40,Pune,12,Monthly,Basic,,UPI,504.22,4987.48,5.9,3.0,1.0,8.0,20.0,No
CUST10638,Male,42,Bengaluru,5,Monthly,Basic,DSL,Bank Transfer,706.93,3338.09,87.5,0.0,1.0,8.0,10.0,No
CUST10639,Male,52,Ahmedabad,25,Monthly,Basic,DSL,Credit Card,710.3,14129.21,61.5,2.0,1.0,5.0,20.0,No
CUST10640,Female,58,Chennai,30,Monthly,Standard,DSL,UPI,1050.66,26966.23,88.7,1.0,1.0,7.0,15.0,No
CUST10641,Male,47,Chennai,8,Monthly,Standard,DSL,UPI,1110.59,9418.51,118.6,,1.0,7.0,,No
CUST10642,Female,34,Chennai,58,Yearly,Standard,Fiber,Credit Card,1077.69,63762.97,134.3,5.0,0.0,4.0,0.0,No
CUST10643,Female,66,Mumbai,16,Monthly,Premium,,Credit Card,1358.04,20124.96,2.7,4.0,1.0,7.0,5.0,No
CUST10644,Female,37,Mumbai,15,Yearly,Standard,DSL,Credit Card,974.4,12008.73,139.2,2.0,0.0,7.0,15.0,No
CUST10645,Female,65,Delhi,12,Yearly,Standard,DSL,Cash,1070.49,12360.48,72.7,0.0,1.0,10.0,0.0,No
CUST10646,Male,42,Chennai,35,Monthly,Basic,,Credit Card,545.35,17815.74,4.8,2.0,2.0,6.0,10.0,No
CUST10647,Female,39,Mumbai,36,Monthly,Premium,DSL,Credit Card,1385.45,48159.75,94.5,3.0,0.0,6.0,5.0,No
CUST10648,Male,30,Bengaluru,9,Quarterly,Standard,Fiber,Bank Transfer,1290.83,10836.37,198.5,5.0,1.0,6.0,10.0,Yes
CUST10649,Female,36,Kochi,19,Quarterly,,,Bank Transfer,486.47,8578.62,2.4,1.0,0.0,7.0,0.0,No
CUST10650,Female,66,Bengaluru,27,Monthly,Standard,Fiber,UPI,1313.5,35313.84,203.6,2.0,2.0,7.0,0.0,Yes
CUST10651,Female,53,Ahmedabad,48,Monthly,Standard,DSL,Bank Transfer,1103.44,53139.62,121.5,3.0,0.0,,0.0,No
CUST10652,Male,29,Kolkata,12,Monthly,Premium,Fiber,Credit Card,1540.04,17727.22,218.0,2.0,1.0,6.0,5.0,Yes
CUST10653,Female,58,Delhi,16,Monthly,Premium,,UPI,1354.12,,149.6,2.0,1.0,6.0,0.0,No
CUST10654,Female,36,Bengaluru,3,Monthly,Standard,DSL,UPI,1135.22,3425.81,112.6,3.0,1.0,5.0,15.0,No
CUST10655,Female,29,Bengaluru,20,Monthly,Standard,DSL,UPI,958.71,19681.09,107.9,6.0,1.0,6.0,0.0,Yes
CUST10656,Male,26,Pune,29,Quarterly,Basic,Fiber,Credit Card,889.35,23001.34,,1.0,1.0,7.0,10.0,No
CUST10657,Male,24,Pune,16,Yearly,Standard,Fiber,UPI,1255.74,16281.35,81.4,2.0,1.0,7.0,20.0,No
CUST10658,Male,45,Kolkata,22,Quarterly,Standard,DSL,Credit Card,1087.09,20702.62,85.1,3.0,1.0,7.0,10.0,No
CUST10659,Female,31,Jaipur,14,Yearly,Standard,,Debit Card,833.77,11714.41,0.5,2.0,0.0,7.0,0.0,No
CUST10660,Male,48,Pune,23,Quarterly,Standard,Fiber,Bank Transfer,1141.63,22407.57,166.8,0.0,2.0,10.0,15.0,No
CUST10661,Female,69,Bengaluru,37,Quarterly,Premium,Fiber,Debit Card,,60711.5,214.3,2.0,1.0,7.0,0.0,No
CUST10662,Male,36,Mumbai,6,Monthly,Basic,Fiber,Debit Card,749.52,4347.61,296.2,1.0,1.0,5.0,0.0,No
CUST10663,Male,64,Ahmedabad,4,Monthly,Basic,,Bank Transfer,570.76,2903.18,3.6,3.0,2.0,5.0,5.0,No
CUST10664,Female,33,Mumbai,27,Yearly,Standard,DSL,Bank Transfer,946.27,25530.3,136.0,3.0,0.0,6.0,0.0,No
CUST10665,Male,70,Bengaluru,27,Yearly,Premium,,Bank Transfer,1179.82,28981.71,5.0,2.0,0.0,8.0,10.0,No
CUST10666,Female,22,Pune,41,Monthly,Premium,DSL,UPI,1479.47,55787.29,166.9,2.0,1.0,6.0,10.0,No
CUST10667,Female,52,Hyderabad,27,Monthly,Standard,Fiber,UPI,1140.03,29014.38,165.8,3.0,2.0,7.0,5.0,Yes
CUST10668,Male,29,Jaipur,31,Quarterly,Premium,DSL,Credit Card,,48245.19,19.0,3.0,3.0,5.0,0.0,No
CUST10669,Female,42,Pune,13,Monthly,Standard,Fiber,Credit Card,1256.52,15424.98,206.4,5.0,0.0,6.0,5.0,No
CUST10670,Female,69,Bengaluru,39,Monthly,Basic,Fiber,UPI,844.2,33476.97,46.5,1.0,0.0,7.0,0.0,No
CUST10671,,38,Kochi,13,Yearly,Standard,Fiber,UPI,1181.98,15343.89,151.3,1.0,1.0,7.0,0.0,No
CUST10672,Male,53,Mumbai,4,Monthly,Basic,Fiber,Cash,811.71,3612.51,152.3,1.0,1.0,7.0,5.0,Yes
CUST10673,Female,70,Delhi,10,Quarterly,Basic,Fiber,Credit Card,937.84,9127.31,159.0,2.0,1.0,7.0,10.0,No
CUST10674,Male,40,Hyderabad,38,Yearly,Standard,Fiber,Credit Card,1325.45,45228.65,61.4,1.0,1.0,9.0,10.0,No
CUST10675,Female,33,Bengaluru,20,Monthly,Basic,Fiber,UPI,804.39,16614.79,229.0,2.0,2.0,8.0,0.0,No
CUST10676,Female,56,Hyderabad,11,Monthly,Basic,Fiber,Bank Transfer,915.07,7193.58,78.8,0.0,0.0,9.0,20.0,No
CUST10677,Male,62,Bengaluru,12,Monthly,Basic,DSL,Credit Card,775.88,9375.11,45.0,6.0,1.0,,0.0,No
CUST10678,Male,70,Hyderabad,45,Monthly,Basic,Fiber,UPI,800.0,33054.37,150.0,4.0,1.0,5.0,10.0,Yes
CUST10679,Male,59,Delhi,19,Quarterly,Basic,Fiber,Cash,819.33,16757.47,162.7,2.0,0.0,8.0,0.0,No
CUST10680,Male,56,Kolkata,27,Monthly,Standard,Fiber,Bank Transfer,1055.33,25013.34,201.0,1.0,1.0,9.0,10.0,No
CUST10681,Female,31,Ahmedabad,72,Monthly,Standard,DSL,Bank Transfer,1094.87,74325.02,102.5,1.0,0.0,9.0,5.0,No
CUST10682,Female,48,Bengaluru,12,Monthly,Premium,DSL,Cash,1421.23,15087.08,113.6,1.0,1.0,7.0,10.0,No
CUST10683,Male,22,Delhi,45,Monthly,Premium,DSL,Credit Card,1391.95,62720.0,100.1,4.0,0.0,6.0,0.0,Yes
CUST10684,Male,52,Delhi,12,Monthly,Standard,DSL,Bank Transfer,1215.15,13528.6,96.1,0.0,0.0,9.0,5.0,No
CUST10685,Female,40,Bengaluru,26,Quarterly,Standard,Fiber,UPI,1055.84,23780.56,148.3,2.0,0.0,4.0,15.0,No
CUST10686,Female,46,Ahmedabad,41,Monthly,Basic,Fiber,Debit Card,1002.8,34806.66,196.7,1.0,0.0,9.0,15.0,No
CUST10687,Female,60,Pune,20,Monthly,Basic,Fiber,UPI,727.67,14197.1,,1.0,0.0,9.0,0.0,Yes
CUST10688,Female,28,Mumbai,7,Monthly,Standard,,UPI,808.34,4853.98,4.8,0.0,2.0,7.0,5.0,No
CUST10689,Male,35,Delhi,15,Yearly,Standard,DSL,Credit Card,914.12,13739.33,100.9,0.0,3.0,7.0,0.0,No
CUST10690,Female,64,Bengaluru,5,Monthly,Premium,Fiber,UPI,1534.4,7902.08,264.9,0.0,2.0,10.0,0.0,No
CUST10691,Female,29,Pune,38,Quarterly,Standard,Fiber,Credit Card,1156.73,44409.6,132.2,1.0,2.0,6.0,0.0,No
CUST10692,Male,26,Bengaluru,57,Quarterly,Basic,Fiber,Debit Card,843.22,47870.82,215.7,1.0,1.0,7.0,0.0,No
CUST10693,Female,27,Kochi,19,Quarterly,Premium,Fiber,Debit Card,1620.01,26399.94,194.9,3.0,0.0,9.0,15.0,No
CUST10694,Female,61,Kolkata,12,Monthly,Standard,DSL,UPI,1120.22,13558.36,74.5,2.0,1.0,6.0,5.0,No
CUST10695,Male,34,Delhi,35,Yearly,Premium,DSL,UPI,1440.95,43483.09,65.4,3.0,0.0,7.0,15.0,No
CUST10696,Male,55,Chennai,70,Quarterly,Standard,DSL,Debit Card,1075.87,63805.38,141.5,0.0,0.0,8.0,15.0,No
CUST10697,Male,24,Jaipur,40,Yearly,Basic,Fiber,Debit Card,1024.88,37235.79,256.2,3.0,1.0,9.0,10.0,No
CUST10698,Female,63,Chennai,26,Monthly,Basic,Fiber,UPI,844.16,20759.85,143.8,1.0,1.0,7.0,5.0,No
CUST10699,Female,30,Mumbai,7,Quarterly,Basic,DSL,Debit Card,822.31,4386.31,0.5,5.0,1.0,4.0,,No
CUST10700,Male,57,Delhi,6,Quarterly,Basic,DSL,Bank Transfer,952.05,,94.7,2.0,1.0,7.0,,Yes
CUST10701,Male,59,Ahmedabad,19,Monthly,Basic,Fiber,UPI,1045.13,19751.39,126.7,0.0,1.0,7.0,5.0,No
CUST10702,Female,26,Pune,22,Monthly,Standard,Fiber,Credit Card,1330.35,24525.33,161.9,5.0,0.0,6.0,15.0,Yes
CUST10703,Male,67,Pune,17,Quarterly,Premium,DSL,Credit Card,1508.25,25561.47,108.5,4.0,2.0,6.0,0.0,No
CUST10704,Male,44,Ahmedabad,14,Monthly,Premium,Fiber,Cash,1692.09,20367.55,269.9,2.0,1.0,5.0,10.0,No
CUST10705,Male,19,Jaipur,12,Quarterly,Standard,Fiber,UPI,1161.29,14485.46,265.4,4.0,1.0,8.0,0.0,No
CUST10706,Female,22,Jaipur,19,Monthly,Basic,Fiber,Credit Card,893.49,,158.2,3.0,1.0,6.0,15.0,No
CUST10707,Female,46,Bengaluru,25,Monthly,Basic,DSL,Bank Transfer,734.19,16195.54,59.2,2.0,0.0,7.0,15.0,No
CUST10708,Female,54,Chennai,72,Quarterly,Standard,Fiber,Credit Card,1146.93,,193.5,2.0,2.0,7.0,5.0,No
CUST10709,Female,55,Kolkata,5,Monthly,Basic,DSL,Debit Card,761.73,3495.02,120.4,2.0,0.0,9.0,10.0,No
CUST10710,Female,36,Kolkata,35,Yearly,Premium,Fiber,UPI,1558.03,46771.42,250.0,2.0,1.0,5.0,15.0,No
CUST10711,Female,25,Chennai,15,Yearly,Premium,Fiber,Cash,1604.98,22865.42,132.5,3.0,0.0,6.0,5.0,Yes
CUST10712,Male,65,Mumbai,11,Quarterly,Standard,DSL,Bank Transfer,939.54,7348.08,87.5,2.0,1.0,8.0,20.0,No
CUST10713,Female,62,Ahmedabad,16,Yearly,Standard,DSL,Debit Card,1007.32,15443.75,147.8,2.0,0.0,6.0,5.0,No
CUST10714,Female,18,Kolkata,26,Yearly,Basic,DSL,UPI,855.25,18345.1,77.7,0.0,0.0,8.0,20.0,No
CUST10715,Male,39,Bengaluru,4,Monthly,Standard,Fiber,UPI,1215.6,3944.61,158.1,0.0,3.0,6.0,10.0,No
CUST10716,Female,69,Hyderabad,40,Yearly,Basic,Fiber,Debit Card,1006.78,37204.34,123.8,2.0,2.0,7.0,5.0,No
CUST10717,Female,34,Mumbai,25,Monthly,Basic,DSL,UPI,701.55,17179.35,111.8,,0.0,5.0,0.0,No
CUST10718,Male,24,Delhi,21,Monthly,Standard,Fiber,Debit Card,,24947.34,164.1,6.0,1.0,5.0,0.0,No
CUST10719,Male,42,Bengaluru,15,Quarterly,Standard,Fiber,Debit Card,1217.19,14930.3,,6.0,0.0,6.0,15.0,No
CUST10720,Male,62,Hyderabad,1,Quarterly,Standard,Fiber,Bank Transfer,1184.42,1067.35,135.7,1.0,0.0,8.0,5.0,Yes
CUST10721,Female,21,Chennai,14,Monthly,Standard,Fiber,UPI,1088.46,14681.25,150.7,4.0,1.0,5.0,5.0,Yes
CUST10722,Male,53,Pune,18,Monthly,Standard,Fiber,Debit Card,1245.35,20856.94,124.9,1.0,0.0,9.0,5.0,No
CUST10723,Female,23,Pune,52,Quarterly,Standard,,Bank Transfer,771.15,40745.54,2.1,2.0,2.0,,0.0,No
CUST10724,,48,Ahmedabad,20,Monthly,Premium,DSL,Credit Card,1449.17,27873.25,27.8,0.0,0.0,7.0,5.0,No
CUST10725,Female,36,Mumbai,23,,Premium,,Bank Transfer,1079.56,23085.57,8.3,4.0,0.0,9.0,,No
CUST10726,Female,61,Bengaluru,11,Quarterly,Standard,,UPI,798.11,7371.37,5.7,1.0,0.0,8.0,20.0,No
CUST10727,Male,56,Ahmedabad,19,Monthly,Standard,Fiber,Bank Transfer,1189.9,19934.31,113.3,2.0,1.0,8.0,10.0,No
CUST10728,Male,44,Bengaluru,6,Monthly,Standard,Fiber,Cash,1244.91,6091.48,231.3,4.0,1.0,6.0,15.0,Yes
CUST10729,Female,27,Kochi,17,Quarterly,Basic,DSL,Credit Card,651.17,9984.26,79.3,1.0,0.0,9.0,10.0,No
CUST10730,Male,43,Ahmedabad,33,Monthly,Basic,DSL,Credit Card,678.71,22809.54,108.7,1.0,1.0,7.0,0.0,No
CUST10731,Female,36,Hyderabad,19,Monthly,Premium,Fiber,UPI,1741.14,28097.41,257.4,4.0,0.0,6.0,15.0,No
CUST10732,Female,56,Kochi,18,Monthly,Premium,,Debit Card,1757.22,31836.69,156.0,1.0,1.0,8.0,0.0,Yes
CUST10733,Female,20,Bengaluru,33,Monthly,Standard,Fiber,Debit Card,1241.18,39627.77,201.8,1.0,,9.0,5.0,No
CUST10734,Male,62,Delhi,33,Monthly,Standard,Fiber,UPI,1302.37,43108.84,218.8,1.0,0.0,6.0,0.0,No
CUST10735,Female,30,Pune,5,Monthly,Basic,Fiber,Bank Transfer,868.41,3809.45,251.6,1.0,0.0,8.0,5.0,No
CUST10736,Female,67,Delhi,36,Quarterly,Basic,Fiber,Bank Transfer,952.27,34630.52,198.1,4.0,0.0,5.0,0.0,No
CUST10737,Male,45,Jaipur,50,Quarterly,Standard,DSL,Cash,1098.25,49147.97,59.9,4.0,0.0,6.0,10.0,No
CUST10738,Male,37,Bengaluru,15,Yearly,Standard,Fiber,Debit Card,1124.67,13352.18,151.3,3.0,0.0,6.0,20.0,Yes
CUST10739,Male,45,Chennai,16,Monthly,Premium,,Credit Card,1265.72,18508.14,8.1,2.0,2.0,4.0,10.0,No
CUST10740,Male,25,Chennai,20,Monthly,Basic,Fiber,Bank Transfer,876.37,16943.93,138.3,1.0,0.0,9.0,5.0,No
CUST10741,Female,58,Pune,10,Quarterly,Standard,,Credit Card,879.43,7824.26,4.1,3.0,0.0,5.0,10.0,No
CUST10742,Male,56,,45,Quarterly,Standard,Fiber,Debit Card,1157.19,41502.42,191.1,2.0,1.0,7.0,20.0,No
CUST10743,Female,18,Delhi,56,Quarterly,Premium,DSL,Debit Card,1333.61,75595.7,156.3,0.0,0.0,8.0,0.0,Yes
CUST10744,Male,20,Ahmedabad,39,Quarterly,Premium,Fiber,Credit Card,1601.38,61357.61,112.4,3.0,1.0,,0.0,No
CUST10745,Male,30,Mumbai,5,Quarterly,Standard,DSL,UPI,1116.45,5764.67,108.1,2.0,2.0,7.0,0.0,No
CUST10746,Male,45,Ahmedabad,13,Monthly,Premium,DSL,UPI,1516.46,18736.79,58.2,3.0,2.0,6.0,5.0,No
CUST10747,Male,66,Chennai,15,Quarterly,Standard,Fiber,Credit Card,1057.9,14070.59,224.9,5.0,1.0,5.0,10.0,No
CUST10748,Male,42,Kolkata,18,Quarterly,Basic,Fiber,Credit Card,914.59,14960.47,129.5,5.0,1.0,4.0,10.0,No
CUST10749,Male,50,Kolkata,24,Yearly,Standard,Fiber,Bank Transfer,1255.09,28128.52,220.2,3.0,0.0,6.0,5.0,No
CUST10750,Female,55,Mumbai,21,Quarterly,Basic,Fiber,Credit Card,910.96,16565.84,221.8,1.0,1.0,8.0,10.0,No
CUST10751,Male,70,Chennai,21,Quarterly,Standard,Fiber,UPI,,24507.86,115.0,0.0,1.0,5.0,10.0,Yes
CUST10752,Male,23,Ahmedabad,39,Monthly,Premium,DSL,Credit Card,1337.16,46597.8,211.3,,0.0,8.0,10.0,No
CUST10753,Male,61,Hyderabad,31,Yearly,Standard,Fiber,UPI,1108.4,34299.15,255.1,3.0,0.0,6.0,0.0,No
CUST10754,Male,62,Kochi,19,Yearly,Basic,DSL,UPI,797.15,14018.13,114.8,2.0,0.0,6.0,0.0,No
CUST10755,Female,49,Hyderabad,34,Quarterly,Basic,DSL,UPI,722.14,23685.64,103.3,4.0,3.0,6.0,0.0,No
CUST10756,Male,62,Bengaluru,25,Quarterly,Basic,DSL,Credit Card,843.84,18057.96,90.7,2.0,1.0,6.0,15.0,No
CUST10757,Male,64,Delhi,35,Monthly,Basic,Fiber,UPI,924.54,28046.85,153.0,2.0,0.0,8.0,15.0,No
CUST10758,Male,38,Kochi,51,Quarterly,Basic,DSL,UPI,678.37,34253.79,107.0,7.0,0.0,4.0,0.0,No
CUST10759,Male,33,Delhi,42,Quarterly,Standard,Fiber,Bank Transfer,1124.34,48038.31,189.3,5.0,1.0,4.0,0.0,No
CUST10760,Female,38,Ahmedabad,8,Quarterly,Standard,Fiber,UPI,1049.86,7782.13,258.2,2.0,0.0,8.0,15.0,No
CUST10761,Male,28,Jaipur,20,Monthly,Standard,Fiber,UPI,1255.0,24287.68,129.4,4.0,,8.0,5.0,Yes
CUST10762,Female,54,Delhi,28,Quarterly,Basic,,Cash,540.66,15680.41,9.3,2.0,1.0,7.0,0.0,No
CUST10763,Male,53,Bengaluru,7,Monthly,Basic,DSL,Debit Card,823.31,6420.44,114.2,3.0,0.0,7.0,0.0,No
CUST10764,Female,52,Kolkata,27,Quarterly,Basic,Fiber,UPI,920.62,24596.65,248.3,1.0,0.0,7.0,0.0,Yes
CUST10765,Female,36,Delhi,29,Monthly,Basic,Fiber,UPI,909.16,24811.06,222.1,1.0,0.0,7.0,5.0,No
CUST10766,Male,37,Kolkata,8,Quarterly,Standard,Fiber,Debit Card,1265.23,10469.99,175.8,2.0,0.0,6.0,0.0,No
CUST10767,Male,35,Hyderabad,19,Monthly,Basic,,Debit Card,542.17,8649.32,7.2,1.0,1.0,9.0,10.0,No
CUST10768,Female,64,Hyderabad,27,Monthly,Standard,,UPI,823.41,16840.16,8.7,3.0,2.0,7.0,25.0,No
CUST10769,Female,58,Kolkata,51,Quarterly,Premium,Fiber,UPI,1599.99,81829.02,145.1,3.0,2.0,7.0,0.0,No
CUST10770,Male,66,Delhi,21,Monthly,Standard,Fiber,Cash,1267.34,26963.66,318.8,5.0,0.0,8.0,0.0,No
CUST10771,Female,31,Hyderabad,8,Quarterly,Standard,DSL,Debit Card,,8083.93,89.6,3.0,0.0,7.0,0.0,No
CUST10772,Female,32,Delhi,7,Yearly,Basic,Fiber,Credit Card,973.98,5833.11,189.8,3.0,0.0,,5.0,No
CUST10773,Female,48,Delhi,16,Yearly,Premium,Fiber,UPI,1605.07,22260.21,158.4,3.0,1.0,6.0,10.0,No
CUST10774,Male,18,Chennai,27,Monthly,Basic,DSL,UPI,719.27,18482.23,120.0,2.0,1.0,7.0,5.0,No
CUST10775,Female,70,Ahmedabad,30,Yearly,Basic,Fiber,Credit Card,914.66,28662.67,123.9,2.0,1.0,7.0,0.0,No
CUST10776,Female,20,Delhi,9,Monthly,Basic,DSL,Cash,844.11,6356.7,110.8,2.0,0.0,6.0,10.0,No
CUST10777,Female,33,Chennai,28,Yearly,Basic,Fiber,UPI,993.52,23484.71,102.4,1.0,1.0,,15.0,No
CUST10778,Male,40,Pune,3,Quarterly,Standard,DSL,Cash,1081.37,3393.08,96.8,4.0,0.0,7.0,0.0,No
CUST10779,Male,28,Mumbai,14,Monthly,Premium,DSL,UPI,1500.08,20731.66,132.4,2.0,0.0,6.0,0.0,No
CUST10780,Female,29,Mumbai,28,Monthly,Standard,Fiber,Credit Card,1203.46,32339.71,192.5,2.0,3.0,7.0,5.0,No
CUST10781,Male,27,Jaipur,44,Monthly,Standard,DSL,UPI,1003.22,44497.13,129.8,1.0,3.0,6.0,0.0,Yes
CUST10782,Female,49,Kolkata,6,Quarterly,Standard,Fiber,Debit Card,1235.59,7813.63,155.6,1.0,0.0,7.0,5.0,No
CUST10783,Male,33,Chennai,26,Monthly,Standard,Fiber,Credit Card,1164.1,26001.59,123.4,1.0,0.0,8.0,15.0,No
CUST10784,Male,25,Pune,17,Quarterly,Premium,Fiber,Debit Card,1517.88,25638.81,302.6,1.0,1.0,5.0,,Yes
CUST10785,Female,55,Bengaluru,5,Quarterly,Standard,Fiber,Debit Card,1166.21,5390.51,125.9,4.0,0.0,7.0,15.0,No
CUST10786,Male,29,Pune,7,Yearly,Standard,Fiber,Credit Card,1068.63,6712.22,235.6,3.0,0.0,7.0,10.0,No
CUST10787,Male,41,Hyderabad,25,Yearly,Standard,DSL,,950.92,23584.48,69.2,5.0,1.0,6.0,0.0,No
CUST10788,Male,45,Chennai,60,Monthly,Standard,Fiber,UPI,1362.33,77445.96,228.1,0.0,0.0,9.0,5.0,No
CUST10789,Female,70,Delhi,22,Quarterly,Basic,Fiber,Debit Card,990.08,19356.51,233.7,1.0,1.0,7.0,10.0,No
CUST10790,Male,25,Bengaluru,72,Yearly,Basic,DSL,UPI,730.79,53161.52,137.9,3.0,3.0,6.0,0.0,No
CUST10791,Male,45,Mumbai,32,Yearly,Standard,DSL,Credit Card,1091.77,35473.88,96.3,2.0,2.0,7.0,0.0,No
CUST10792,Female,53,Kochi,12,Monthly,Premium,Fiber,Bank Transfer,1523.96,17514.21,238.7,4.0,1.0,4.0,5.0,No
CUST10793,Male,43,Hyderabad,37,Monthly,Standard,Fiber,UPI,1252.93,41499.75,117.2,1.0,0.0,8.0,10.0,No
CUST10794,,25,Hyderabad,8,Monthly,Premium,Fiber,Cash,1620.9,12412.75,204.0,1.0,2.0,6.0,,Yes
CUST10795,Male,67,Bengaluru,23,Monthly,Basic,Fiber,Bank Transfer,843.6,19035.28,142.8,1.0,1.0,9.0,0.0,No
CUST10796,Male,45,Bengaluru,23,Monthly,Standard,DSL,Credit Card,1024.14,18798.01,,1.0,3.0,6.0,20.0,No
CUST10797,Male,45,Kolkata,23,Monthly,Standard,Fiber,UPI,1168.59,23434.0,282.4,5.0,2.0,5.0,10.0,No
CUST10798,Female,54,Chennai,8,Quarterly,Premium,DSL,,1518.0,10872.63,63.1,3.0,1.0,5.0,10.0,No
CUST10799,Female,58,Hyderabad,1,Monthly,Basic,,Bank Transfer,543.49,924.89,6.1,3.0,0.0,6.0,10.0,No
CUST10800,Male,53,Mumbai,17,Quarterly,Standard,DSL,UPI,923.75,14652.41,102.5,0.0,1.0,5.0,5.0,No
CUST10801,Male,44,Kolkata,27,Monthly,Basic,Fiber,Cash,864.09,18012.34,70.3,2.0,0.0,9.0,25.0,Yes
CUST10802,Male,34,Mumbai,50,Yearly,Standard,DSL,Cash,987.41,49677.03,147.9,1.0,2.0,7.0,0.0,No
CUST10803,Female,26,Mumbai,27,Yearly,Premium,,Credit Card,1331.76,32579.69,100.3,5.0,3.0,4.0,10.0,Yes
CUST10804,Female,50,Hyderabad,8,Quarterly,Basic,DSL,Bank Transfer,689.1,4955.79,149.2,1.0,1.0,8.0,5.0,No
CUST10805,Male,70,Delhi,18,Yearly,Premium,DSL,Credit Card,1277.32,17938.52,123.6,1.0,1.0,6.0,20.0,No
CUST10806,Male,37,Mumbai,19,Monthly,Premium,Fiber,Debit Card,1525.54,26588.53,220.9,2.0,1.0,7.0,10.0,Yes
CUST10807,Female,30,Pune,45,Quarterly,Basic,DSL,Credit Card,765.69,30422.51,107.8,1.0,0.0,6.0,10.0,No
CUST10808,Male,45,Pune,5,Monthly,Standard,,UPI,886.3,3349.83,10.9,1.0,1.0,6.0,20.0,No
CUST10809,Female,65,Ahmedabad,28,Monthly,Basic,Fiber,Bank Transfer,940.28,21185.41,218.6,1.0,0.0,8.0,20.0,No
CUST10810,Female,46,Hyderabad,9,Monthly,Basic,DSL,UPI,826.59,8646.69,151.0,2.0,1.0,7.0,0.0,No
CUST10811,Male,30,Bengaluru,14,Quarterly,Standard,DSL,Debit Card,1145.01,16388.98,39.5,1.0,0.0,6.0,0.0,Yes
CUST10812,Female,63,Mumbai,34,Monthly,Standard,DSL,Bank Transfer,,29291.05,119.8,2.0,0.0,6.0,10.0,Yes
CUST10813,Male,52,Kochi,24,Quarterly,Standard,DSL,UPI,939.87,18036.68,142.4,6.0,0.0,7.0,20.0,No
CUST10814,Male,23,Chennai,21,Monthly,Basic,Fiber,Credit Card,903.41,17906.35,104.4,0.0,1.0,7.0,5.0,Yes
CUST10815,Male,35,Pune,18,Yearly,Premium,DSL,Debit Card,1493.73,27051.07,96.4,1.0,2.0,8.0,0.0,No
CUST10816,Male,68,Bengaluru,34,Quarterly,Standard,DSL,UPI,983.17,30583.83,196.1,3.0,0.0,6.0,10.0,No
CUST10817,Male,22,Chennai,16,Monthly,Basic,DSL,Bank Transfer,771.17,12029.28,108.3,3.0,0.0,7.0,0.0,Yes
CUST10818,Male,64,Bengaluru,14,Monthly,Standard,DSL,Credit Card,1195.8,15164.48,48.1,2.0,2.0,7.0,10.0,No
CUST10819,Female,42,Chennai,38,Yearly,Basic,Fiber,Debit Card,793.1,29119.17,193.2,0.0,0.0,7.0,5.0,No
CUST10820,Female,19,Jaipur,1,Monthly,Basic,Fiber,UPI,900.47,211.43,184.2,2.0,3.0,6.0,10.0,Yes
CUST10821,Female,27,Kochi,9,Monthly,Standard,DSL,UPI,1133.1,8089.28,120.7,1.0,2.0,7.0,20.0,Yes
CUST10822,Female,47,Chennai,12,Quarterly,Standard,,UPI,834.18,9325.72,3.9,1.0,1.0,7.0,5.0,No
CUST10823,Male,67,Hyderabad,39,Monthly,Basic,Fiber,UPI,933.03,36378.44,219.7,4.0,,6.0,0.0,No
CUST10824,Female,62,Kochi,24,Monthly,Standard,DSL,Credit Card,1122.81,23143.42,42.1,2.0,2.0,5.0,10.0,No
CUST10825,Female,22,Pune,9,Monthly,Basic,DSL,Debit Card,725.86,6180.92,66.1,2.0,1.0,7.0,0.0,No
CUST10826,Female,50,Bengaluru,8,Monthly,Standard,DSL,UPI,965.11,5507.47,15.8,4.0,2.0,7.0,15.0,No
CUST10827,Male,18,Hyderabad,40,Monthly,Basic,DSL,UPI,741.93,27660.26,153.5,4.0,0.0,5.0,5.0,Yes
CUST10828,Female,35,Mumbai,8,Monthly,Standard,Fiber,Credit Card,1112.42,8076.83,216.6,3.0,2.0,5.0,10.0,No
CUST10829,Male,49,Hyderabad,13,Monthly,Basic,DSL,Bank Transfer,705.97,7547.15,88.2,1.0,0.0,5.0,20.0,Yes
CUST10830,Female,64,Hyderabad,16,Monthly,Standard,DSL,Debit Card,1085.36,16300.41,49.7,3.0,1.0,7.0,5.0,Yes
CUST10831,Male,66,Chennai,29,Yearly,Standard,DSL,UPI,1064.49,22096.39,55.0,2.0,2.0,5.0,25.0,No
CUST10832,Male,28,Delhi,15,Quarterly,Basic,DSL,Bank Transfer,829.83,12154.07,100.7,1.0,0.0,8.0,0.0,No
CUST10833,Female,38,Mumbai,7,Quarterly,Basic,Fiber,Cash,918.56,5159.48,196.4,2.0,2.0,7.0,10.0,Yes
CUST10834,Male,43,Hyderabad,31,Monthly,Standard,,Credit Card,787.63,24288.95,9.8,5.0,0.0,7.0,0.0,No
CUST10835,Male,42,Ahmedabad,31,Monthly,Basic,DSL,Debit Card,670.26,20826.14,53.5,2.0,2.0,7.0,0.0,No
CUST10836,Female,39,Pune,53,Yearly,Standard,DSL,Credit Card,1100.22,51674.73,113.4,5.0,0.0,4.0,10.0,Yes
CUST10837,Female,44,Delhi,25,Quarterly,Standard,,Cash,869.22,21538.83,7.1,2.0,1.0,7.0,0.0,No
CUST10838,Female,66,Jaipur,8,Monthly,Standard,,Credit Card,834.63,5575.37,0.8,7.0,2.0,4.0,0.0,Yes
CUST10839,Male,30,Jaipur,52,Monthly,Premium,DSL,Cash,1477.11,76713.43,127.4,2.0,1.0,7.0,0.0,No
CUST10840,Male,50,Mumbai,16,Monthly,Standard,DSL,UPI,993.66,14210.52,93.9,0.0,0.0,9.0,10.0,No
CUST10841,Male,51,Bengaluru,36,Yearly,Standard,Fiber,Credit Card,1004.36,35402.36,173.1,2.0,1.0,6.0,0.0,No
CUST10842,Female,58,Kolkata,51,Monthly,Standard,Fiber,Bank Transfer,1283.42,61458.77,103.9,4.0,2.0,5.0,5.0,No
CUST10843,Male,52,Ahmedabad,22,Quarterly,Premium,Fiber,Bank Transfer,1651.91,33590.58,196.3,1.0,2.0,,10.0,No
CUST10844,Male,18,Kochi,21,Quarterly,Basic,Fiber,Bank Transfer,893.04,,180.6,5.0,1.0,4.0,5.0,No
CUST10845,Male,38,Jaipur,25,Yearly,Premium,DSL,Bank Transfer,1378.11,34103.28,137.9,3.0,0.0,6.0,0.0,No
CUST10846,Male,65,Chennai,28,Yearly,Premium,Fiber,Bank Transfer,1582.92,39723.98,279.5,4.0,1.0,6.0,10.0,No
CUST10847,Male,23,Chennai,39,Monthly,Standard,,Debit Card,711.63,24382.97,,5.0,0.0,,10.0,Yes
CUST10848,Male,45,Bengaluru,19,Quarterly,Basic,DSL,Credit Card,759.16,13814.43,63.0,3.0,1.0,5.0,5.0,No
CUST10849,Male,34,Mumbai,22,Quarterly,Premium,Fiber,Credit Card,1445.13,28555.65,107.1,3.0,1.0,5.0,10.0,No
CUST10850,Female,22,Hyderabad,14,Quarterly,Standard,Fiber,Credit Card,1208.53,17284.1,254.0,2.0,0.0,8.0,0.0,No
CUST10851,Female,48,Pune,14,Yearly,Standard,Fiber,Debit Card,1143.57,14922.08,82.8,5.0,0.0,6.0,10.0,No
CUST10852,Female,22,Chennai,11,Yearly,Standard,DSL,Credit Card,,12094.65,106.9,2.0,0.0,7.0,0.0,No
CUST10853,Male,55,Kolkata,15,Monthly,Basic,Fiber,UPI,808.86,11956.16,114.0,1.0,2.0,6.0,5.0,No
CUST10854,,20,Mumbai,10,Monthly,Basic,DSL,UPI,870.65,8598.23,107.4,1.0,1.0,7.0,0.0,Yes
CUST10855,Female,70,Chennai,37,Quarterly,Standard,DSL,Cash,1078.84,33250.39,80.3,3.0,2.0,4.0,15.0,Yes
CUST10856,Male,40,Bengaluru,32,Monthly,Standard,DSL,UPI,994.92,30098.74,162.0,3.0,2.0,7.0,5.0,No
CUST10857,Female,54,Hyderabad,20,Monthly,Premium,Fiber,UPI,1585.64,23760.35,45.3,3.0,0.0,6.0,25.0,No
CUST10858,Male,70,Kolkata,25,Monthly,Standard,Fiber,Credit Card,1328.49,26767.45,126.9,3.0,1.0,7.0,20.0,Yes
CUST10859,Male,54,Pune,11,Yearly,Premium,Fiber,UPI,1524.02,12292.61,105.5,5.0,0.0,5.0,25.0,Yes
CUST10860,Female,27,Kochi,21,Monthly,Basic,Fiber,Credit Card,811.02,16430.83,127.4,3.0,2.0,8.0,0.0,Yes
CUST10861,Female,27,Mumbai,43,Quarterly,Standard,DSL,UPI,957.59,37186.8,102.0,4.0,2.0,6.0,10.0,No
CUST10862,Female,36,Hyderabad,42,Monthly,Basic,Fiber,UPI,845.5,34944.06,263.7,1.0,0.0,7.0,,No
CUST10863,Female,34,Delhi,54,Monthly,Standard,Fiber,Bank Transfer,1319.6,68408.84,147.1,3.0,1.0,5.0,5.0,No
CUST10864,Female,38,Hyderabad,36,Monthly,Premium,Fiber,Bank Transfer,1555.21,56583.06,150.8,4.0,2.0,6.0,0.0,No
CUST10865,Male,31,Ahmedabad,26,,Basic,DSL,UPI,716.64,18448.02,91.3,0.0,0.0,9.0,0.0,No
CUST10866,Male,26,Pune,35,Yearly,Premium,Fiber,Debit Card,1616.13,50532.47,216.4,1.0,0.0,5.0,10.0,No
CUST10867,Male,63,Jaipur,8,Yearly,Basic,Fiber,Debit Card,897.51,5766.17,210.9,0.0,0.0,8.0,25.0,No
CUST10868,Female,18,Mumbai,34,Quarterly,Basic,DSL,Bank Transfer,827.56,27360.53,91.8,2.0,1.0,7.0,5.0,No
CUST10869,Female,68,Jaipur,37,Monthly,Basic,Fiber,Credit Card,965.7,35599.7,122.5,0.0,0.0,,0.0,No
CUST10870,Female,62,Bengaluru,20,Monthly,Standard,Fiber,UPI,1226.18,19326.7,240.9,7.0,2.0,2.0,20.0,Yes
CUST10871,Female,30,Jaipur,22,Monthly,Basic,Fiber,Debit Card,881.62,18157.57,151.3,3.0,0.0,8.0,5.0,Yes
CUST10872,Female,21,Delhi,17,Monthly,Standard,,Credit Card,926.79,12711.53,1.2,1.0,0.0,8.0,20.0,No
CUST10873,Female,18,Delhi,20,Monthly,Standard,Fiber,UPI,1137.02,19296.09,219.4,5.0,0.0,7.0,,Yes
CUST10874,Male,66,Chennai,24,Quarterly,Basic,Fiber,Credit Card,831.9,18974.62,56.6,,1.0,7.0,5.0,No
CUST10875,Male,57,Kochi,25,Monthly,Standard,,Bank Transfer,817.36,,1.3,2.0,0.0,8.0,10.0,No
CUST10876,Male,49,Bengaluru,11,Monthly,Standard,Fiber,Credit Card,1292.94,,161.7,3.0,0.0,6.0,10.0,Yes
CUST10877,Male,51,Delhi,13,Yearly,Premium,DSL,UPI,1383.05,16094.35,67.3,5.0,0.0,3.0,10.0,No
CUST10878,Male,45,Ahmedabad,32,Monthly,Basic,Fiber,Bank Transfer,851.97,27262.55,165.3,1.0,1.0,8.0,0.0,No
CUST10879,Female,48,Delhi,27,Yearly,Basic,Fiber,Bank Transfer,913.92,22715.37,169.3,7.0,0.0,5.0,10.0,Yes
CUST10880,Female,25,Mumbai,12,Yearly,Standard,DSL,Credit Card,1045.47,12809.89,72.4,3.0,1.0,8.0,0.0,No
CUST10881,Female,56,Hyderabad,19,Monthly,Standard,,Credit Card,819.64,14839.9,5.6,2.0,0.0,6.0,10.0,Yes
CUST10882,Female,43,Delhi,58,Monthly,Standard,Fiber,Debit Card,1237.36,64928.44,178.2,4.0,3.0,5.0,10.0,Yes
CUST10883,Female,51,Jaipur,3,Quarterly,Premium,DSL,UPI,1412.15,4365.78,132.0,4.0,1.0,5.0,0.0,Yes
CUST10884,Female,20,Kolkata,1,Monthly,Premium,DSL,Debit Card,1534.48,1058.24,103.9,2.0,0.0,8.0,15.0,No
CUST10885,Male,67,Hyderabad,3,Monthly,Basic,Fiber,Bank Transfer,918.99,1834.51,162.4,2.0,0.0,6.0,5.0,No
CUST10886,Female,29,Kochi,72,Quarterly,Standard,DSL,Credit Card,1131.32,77912.51,113.4,0.0,1.0,9.0,5.0,No
CUST10887,Female,18,Hyderabad,9,Monthly,Standard,Fiber,UPI,1136.75,10766.48,137.9,3.0,2.0,5.0,0.0,No
CUST10888,Female,61,Bengaluru,17,Monthly,Premium,Fiber,UPI,1588.14,26330.47,88.2,1.0,2.0,6.0,5.0,Yes
CUST10889,Female,22,,30,Quarterly,Basic,Fiber,Debit Card,748.21,21836.39,201.2,5.0,1.0,5.0,0.0,No
CUST10890,Male,47,Hyderabad,29,Quarterly,Standard,DSL,UPI,1156.97,33743.46,132.8,2.0,4.0,5.0,0.0,No
CUST10891,Male,47,Bengaluru,18,Monthly,Premium,Fiber,Credit Card,1783.51,31767.71,173.4,3.0,0.0,7.0,0.0,No
CUST10892,Female,34,Kochi,48,Monthly,Standard,DSL,Credit Card,1026.95,49242.67,78.0,2.0,0.0,7.0,0.0,No
CUST10893,Male,65,Kolkata,34,Monthly,Standard,Fiber,UPI,1229.82,38942.05,169.8,2.0,0.0,6.0,5.0,Yes
CUST10894,Male,64,Mumbai,13,Monthly,Premium,Fiber,Credit Card,1609.06,19532.41,230.1,2.0,0.0,7.0,5.0,No
CUST10895,Female,40,Chennai,10,Quarterly,Premium,DSL,Credit Card,1346.64,12067.92,89.8,1.0,0.0,8.0,10.0,Yes
CUST10896,Female,32,Kolkata,23,Quarterly,Basic,DSL,Debit Card,849.8,18765.4,128.2,3.0,3.0,6.0,5.0,Yes
CUST10897,Female,54,Kochi,35,Quarterly,Basic,Fiber,UPI,878.03,26496.34,215.1,2.0,0.0,8.0,15.0,No
CUST10898,Female,38,Jaipur,59,Monthly,Standard,Fiber,,1036.14,61927.7,188.5,0.0,2.0,8.0,0.0,No
CUST10899,Female,31,Chennai,26,Monthly,Premium,,Bank Transfer,1192.73,27850.37,4.9,1.0,0.0,8.0,10.0,Yes
CUST10900,Male,19,Kolkata,16,Monthly,Premium,Fiber,Bank Transfer,1488.45,20007.81,94.7,4.0,3.0,4.0,15.0,Yes
CUST10901,Female,28,Chennai,46,Monthly,Standard,DSL,Bank Transfer,1059.78,48924.46,132.3,5.0,2.0,3.0,0.0,No
CUST10902,Female,68,Chennai,42,Monthly,Standard,DSL,UPI,1059.3,42418.75,157.8,4.0,1.0,5.0,5.0,No
CUST10903,Female,56,Bengaluru,34,Monthly,Basic,DSL,UPI,844.89,25295.87,146.5,2.0,0.0,7.0,10.0,No
CUST10904,Male,55,Bengaluru,8,Monthly,Standard,,Debit Card,996.38,7362.59,7.5,1.0,2.0,7.0,0.0,No
CUST10905,Female,51,Chennai,17,Quarterly,Standard,DSL,Bank Transfer,1202.92,21595.77,144.4,0.0,1.0,5.0,0.0,No
CUST10906,Female,55,Mumbai,18,Quarterly,Standard,Fiber,Bank Transfer,1117.97,17241.46,137.4,1.0,0.0,8.0,15.0,No
CUST10907,Female,67,Bengaluru,34,Quarterly,Standard,Fiber,Bank Transfer,1249.54,38634.17,98.3,6.0,0.0,7.0,10.0,Yes
CUST10908,Male,51,,4,Monthly,Standard,Fiber,UPI,1263.75,5338.4,113.4,2.0,1.0,9.0,0.0,No
CUST10909,Female,35,Bengaluru,16,Yearly,Premium,Fiber,Bank Transfer,1558.12,21427.78,122.4,1.0,1.0,9.0,,No
CUST10910,Female,47,Chennai,21,Yearly,Basic,,Bank Transfer,572.97,11463.19,1.3,0.0,1.0,7.0,10.0,Yes
CUST10911,Female,32,Chennai,18,Monthly,Standard,Fiber,UPI,1231.95,23293.44,115.0,3.0,1.0,6.0,0.0,No
CUST10912,Male,44,Kochi,55,Quarterly,Standard,DSL,Credit Card,1011.19,53113.98,147.7,0.0,3.0,7.0,5.0,No
CUST10913,Female,68,Hyderabad,40,Yearly,Standard,DSL,Debit Card,1152.56,41552.48,58.9,,3.0,7.0,10.0,No
CUST10914,Female,51,Bengaluru,40,,Standard,DSL,UPI,1068.81,43261.05,,2.0,1.0,,0.0,No
CUST10915,Female,69,Chennai,15,Monthly,Basic,DSL,Credit Card,736.27,9827.01,72.3,1.0,1.0,8.0,10.0,No
CUST10916,Male,55,Ahmedabad,24,Monthly,Basic,DSL,Bank Transfer,652.12,15049.03,183.6,5.0,3.0,3.0,0.0,Yes
CUST10917,Female,50,Kochi,11,Monthly,Basic,Fiber,Bank Transfer,992.11,11239.75,93.0,4.0,2.0,4.0,0.0,Yes
CUST10918,Female,41,Hyderabad,11,Monthly,Basic,DSL,Cash,756.0,7863.19,70.0,3.0,1.0,8.0,0.0,Yes
CUST10919,Female,32,Delhi,40,Yearly,Standard,Fiber,Credit Card,1206.26,38207.1,218.5,1.0,2.0,7.0,20.0,No
CUST10920,Male,47,Jaipur,36,Quarterly,Basic,,Credit Card,482.31,14125.82,2.4,4.0,1.0,5.0,15.0,No
CUST10921,Male,59,Mumbai,10,Monthly,Standard,Fiber,Debit Card,,10187.68,51.1,1.0,0.0,6.0,10.0,Yes
CUST10922,Female,68,Pune,23,Quarterly,Basic,Fiber,Credit Card,809.22,16090.72,128.3,1.0,2.0,6.0,10.0,No
CUST10923,Male,34,Hyderabad,6,Quarterly,Standard,Fiber,UPI,1023.35,6193.71,176.0,3.0,2.0,,0.0,No
CUST10924,Male,22,Bengaluru,30,Monthly,Standard,DSL,Bank Transfer,993.3,27419.27,,1.0,1.0,7.0,10.0,No
CUST10925,Male,46,Delhi,10,Monthly,Basic,DSL,UPI,777.76,7510.55,144.9,1.0,0.0,8.0,0.0,No
CUST10926,Female,21,Mumbai,23,Yearly,Standard,Fiber,UPI,1227.07,,110.0,6.0,0.0,,10.0,No
CUST10927,Female,27,Pune,58,Quarterly,Premium,Fiber,UPI,1611.24,79402.35,144.7,6.0,2.0,5.0,15.0,No
CUST10928,Male,34,Kochi,9,Monthly,Basic,Fiber,Cash,886.23,7940.14,93.2,4.0,2.0,3.0,0.0,Yes
CUST10929,Male,27,Mumbai,27,Monthly,Standard,Fiber,UPI,1212.69,29440.39,62.1,2.0,0.0,8.0,10.0,No
CUST10930,Male,34,Ahmedabad,21,Monthly,Basic,Fiber,Credit Card,1128.82,21865.54,286.9,4.0,1.0,5.0,10.0,Yes
CUST10931,Female,37,Bengaluru,8,Monthly,Basic,Fiber,Cash,919.98,7205.53,156.3,4.0,0.0,4.0,0.0,Yes
CUST10932,Female,41,Chennai,12,Monthly,Standard,DSL,Credit Card,1016.21,10730.32,106.2,3.0,2.0,4.0,10.0,Yes
CUST10933,Male,22,Bengaluru,28,Quarterly,Basic,Fiber,UPI,891.62,22475.54,105.0,2.0,1.0,7.0,10.0,No
CUST10934,Male,51,Jaipur,18,Monthly,Premium,,Debit Card,1233.41,19197.07,5.6,2.0,0.0,8.0,15.0,No
CUST10935,Male,23,Kolkata,49,Monthly,Basic,Fiber,UPI,905.55,45803.82,139.9,1.0,1.0,5.0,0.0,No
CUST10936,Male,70,Pune,29,Monthly,Basic,DSL,UPI,677.08,19526.49,40.6,3.0,0.0,6.0,5.0,No
CUST10937,Female,19,Ahmedabad,10,Monthly,Standard,DSL,Bank Transfer,1113.91,8477.68,39.2,5.0,1.0,6.0,25.0,Yes
CUST10938,Male,30,Pune,37,Yearly,Standard,Fiber,UPI,1223.75,40494.65,169.1,2.0,0.0,7.0,10.0,No
CUST10939,Female,60,Kochi,39,Monthly,Standard,Fiber,Debit Card,1136.87,39861.29,166.7,2.0,1.0,6.0,10.0,No
CUST10940,Male,60,Kolkata,25,Quarterly,Basic,Fiber,Credit Card,981.58,24203.55,199.5,1.0,0.0,7.0,0.0,Yes
CUST10941,Male,65,Jaipur,31,Monthly,Premium,Fiber,UPI,1447.79,44989.87,160.0,2.0,1.0,8.0,0.0,No
CUST10942,Male,28,Chennai,25,Monthly,Premium,Fiber,Credit Card,,35605.56,201.7,6.0,0.0,6.0,20.0,Yes
CUST10943,Male,68,Bengaluru,45,Quarterly,Standard,Fiber,UPI,1350.82,61092.37,186.3,3.0,0.0,7.0,0.0,No
CUST10944,Male,64,Chennai,42,Monthly,Standard,Fiber,Credit Card,1338.01,41163.78,217.2,2.0,1.0,6.0,25.0,Yes
CUST10945,Female,40,Bengaluru,6,Quarterly,Standard,Fiber,Debit Card,1160.28,6524.13,202.4,2.0,1.0,5.0,0.0,No
CUST10946,Male,33,Chennai,5,Monthly,Basic,Fiber,UPI,919.25,5322.59,159.8,2.0,1.0,7.0,0.0,No
CUST10947,Male,48,Hyderabad,19,Quarterly,Basic,Fiber,Debit Card,850.25,15603.76,261.2,2.0,0.0,8.0,0.0,No
CUST10948,Male,28,Pune,35,Quarterly,Basic,Fiber,UPI,934.45,30686.64,,1.0,1.0,6.0,5.0,No
CUST10949,Female,33,Bengaluru,44,Quarterly,Premium,DSL,Credit Card,1451.47,54122.79,99.9,1.0,0.0,8.0,15.0,No
CUST10950,Female,25,Mumbai,16,Quarterly,Basic,DSL,Bank Transfer,713.18,9268.87,68.9,3.0,,7.0,25.0,No
CUST10951,Female,21,Hyderabad,18,Quarterly,Standard,,Credit Card,812.33,14222.5,4.7,4.0,0.0,4.0,5.0,No
CUST10952,Female,57,Kochi,17,Yearly,Basic,Fiber,Bank Transfer,906.6,15273.24,170.2,3.0,1.0,6.0,0.0,Yes
CUST10953,Male,21,Delhi,20,Monthly,Standard,Fiber,Debit Card,1434.9,25597.82,136.6,1.0,0.0,8.0,10.0,No
CUST10954,Male,42,Hyderabad,24,Quarterly,Basic,Fiber,Cash,1004.44,21354.69,186.1,2.0,2.0,6.0,10.0,No
CUST10955,Male,20,Kolkata,15,Monthly,Standard,Fiber,UPI,1206.85,16569.83,185.6,2.0,0.0,8.0,5.0,No
CUST10956,Female,49,Chennai,17,Monthly,Basic,DSL,Cash,735.51,12097.87,119.3,3.0,2.0,5.0,0.0,Yes
CUST10957,Male,20,Delhi,27,Monthly,Premium,Fiber,Debit Card,1649.84,45426.29,205.2,3.0,3.0,8.0,0.0,No
CUST10958,Male,44,Hyderabad,8,Yearly,Premium,DSL,Bank Transfer,1400.96,10831.31,118.6,1.0,1.0,7.0,10.0,No
CUST10959,Female,46,Mumbai,62,Monthly,Standard,DSL,Cash,1031.76,60599.12,91.6,7.0,2.0,4.0,5.0,No
CUST10960,Female,49,Kochi,71,Quarterly,Basic,,Debit Card,393.88,24921.69,2.7,2.0,1.0,8.0,10.0,No
CUST10961,Female,67,Bengaluru,35,Monthly,Basic,Fiber,Bank Transfer,907.27,32324.67,105.7,2.0,0.0,5.0,0.0,No
CUST10962,Male,68,Delhi,48,Monthly,Premium,Fiber,Debit Card,1609.3,65357.25,196.0,1.0,0.0,10.0,15.0,No
CUST10963,Male,36,Bengaluru,11,Yearly,Basic,Fiber,Debit Card,856.5,9755.01,261.8,3.0,0.0,6.0,0.0,No
CUST10964,Female,38,Mumbai,14,Monthly,Basic,Fiber,Credit Card,936.11,12552.2,103.2,0.0,0.0,9.0,0.0,No
CUST10965,Male,22,Kolkata,2,Monthly,Standard,,UPI,859.96,1632.35,8.1,1.0,1.0,7.0,10.0,No
CUST10966,Female,35,,22,Monthly,Basic,Fiber,Debit Card,857.46,16741.84,100.4,3.0,1.0,5.0,10.0,No
CUST10967,Female,45,Bengaluru,22,Quarterly,Basic,DSL,Cash,815.84,18177.95,131.0,0.0,1.0,9.0,0.0,No
CUST10968,Male,59,Hyderabad,26,Monthly,Standard,Fiber,Bank Transfer,1185.63,25306.38,62.2,5.0,1.0,6.0,20.0,Yes
CUST10969,Female,39,Bengaluru,5,Monthly,Standard,Fiber,Bank Transfer,1116.2,4720.2,239.9,0.0,0.0,10.0,10.0,No
CUST10970,Female,38,Bengaluru,21,Quarterly,Basic,Fiber,Debit Card,759.1,15408.12,217.0,1.0,1.0,8.0,0.0,No
CUST10971,Female,23,Ahmedabad,26,Monthly,Standard,Fiber,Credit Card,1314.83,30617.95,190.1,1.0,1.0,7.0,10.0,No
CUST10972,Male,18,Kolkata,29,Quarterly,Standard,DSL,UPI,1060.07,28336.58,118.5,5.0,3.0,3.0,10.0,Yes
CUST10973,Female,22,Jaipur,14,Monthly,Standard,,UPI,856.68,10260.6,4.7,2.0,1.0,6.0,15.0,No
CUST10974,Female,58,Ahmedabad,67,Monthly,Basic,DSL,UPI,746.5,39975.0,105.6,3.0,0.0,7.0,20.0,No
CUST10975,Female,29,Pune,18,Quarterly,Standard,Fiber,Debit Card,1297.44,21595.44,105.8,4.0,2.0,5.0,10.0,No
CUST10976,Female,43,Bengaluru,23,Yearly,Standard,Fiber,Bank Transfer,1211.41,26728.51,138.3,1.0,0.0,8.0,5.0,No
CUST10977,Female,63,Kolkata,17,Quarterly,Standard,,UPI,1173.84,18122.32,80.8,3.0,1.0,7.0,15.0,No
CUST10978,Female,51,Ahmedabad,14,Quarterly,,Fiber,UPI,911.66,10941.36,137.3,4.0,0.0,5.0,10.0,Yes
CUST10979,Female,66,Ahmedabad,32,Monthly,Basic,,Credit Card,336.02,9672.81,7.6,2.0,1.0,6.0,10.0,No
CUST10980,Male,31,Hyderabad,5,Monthly,Premium,Fiber,UPI,1701.35,7390.11,188.6,4.0,1.0,5.0,5.0,Yes
CUST10981,Male,43,Mumbai,34,Monthly,Basic,Fiber,Credit Card,925.22,24620.68,185.7,1.0,0.0,8.0,20.0,No
CUST10982,Female,62,Ahmedabad,23,Yearly,Standard,Fiber,UPI,1159.45,25990.74,232.1,1.0,0.0,8.0,5.0,No
CUST10983,Male,44,Kolkata,19,Yearly,Premium,,Credit Card,1229.46,20572.5,3.3,1.0,1.0,7.0,10.0,No
CUST10984,Male,26,Kochi,8,Yearly,Standard,Fiber,Cash,1175.38,9715.8,165.4,0.0,1.0,6.0,5.0,Yes
CUST10985,Female,43,Bengaluru,22,Monthly,Standard,Fiber,Credit Card,1100.68,20028.5,263.3,3.0,2.0,9.0,15.0,No
CUST10986,Male,64,Mumbai,32,Monthly,Basic,Fiber,Bank Transfer,970.18,30999.48,203.9,0.0,2.0,8.0,0.0,No
CUST10987,Female,39,Mumbai,24,Quarterly,Premium,DSL,Debit Card,1414.33,28255.37,70.6,1.0,0.0,8.0,15.0,No
CUST10988,Female,64,,20,Quarterly,Standard,,Credit Card,1130.55,22938.52,189.8,0.0,1.0,,0.0,No
CUST10989,Female,47,Mumbai,18,Quarterly,Standard,DSL,Bank Transfer,1393.91,22683.55,135.2,7.0,0.0,6.0,10.0,No
CUST10990,Female,60,Bengaluru,15,Quarterly,Standard,,Debit Card,757.76,11426.99,5.9,2.0,1.0,8.0,5.0,No
CUST10991,Female,65,Kochi,9,Monthly,Premium,,UPI,1242.98,10490.12,7.7,4.0,1.0,6.0,10.0,Yes
CUST10992,Male,34,Bengaluru,32,Monthly,Standard,Fiber,UPI,1015.96,30946.83,152.4,3.0,3.0,6.0,5.0,No
CUST10993,Female,43,Ahmedabad,25,Monthly,Basic,DSL,Bank Transfer,850.34,21316.01,52.2,2.0,0.0,7.0,0.0,No
CUST10994,Male,53,Delhi,33,Monthly,Standard,Fiber,,1177.4,36278.83,190.0,5.0,1.0,4.0,5.0,No
CUST10995,Female,18,Ahmedabad,15,Monthly,Standard,DSL,Credit Card,1115.35,12738.66,84.4,4.0,2.0,5.0,25.0,Yes
CUST10996,Female,25,Chennai,19,Monthly,Basic,DSL,UPI,674.54,10845.58,129.1,,0.0,7.0,15.0,No
CUST10997,Female,66,Jaipur,8,Monthly,Premium,Fiber,UPI,1470.75,,140.2,2.0,1.0,8.0,0.0,Yes
CUST10998,Male,52,Jaipur,5,Quarterly,Basic,DSL,Bank Transfer,690.32,3135.81,116.8,3.0,0.0,7.0,20.0,No
CUST10999,Female,69,Bengaluru,23,Yearly,Standard,DSL,Bank Transfer,1157.64,22310.66,109.5,2.0,1.0,6.0,15.0,No
CUST11000,Female,32,Bengaluru,3,Yearly,Basic,Fiber,Debit Card,946.18,2334.82,182.6,6.0,2.0,4.0,5.0,Yes
CUST11001,Female,64,Mumbai,27,Monthly,Basic,DSL,UPI,620.68,15121.04,127.7,,1.0,4.0,10.0,No
CUST11002,Female,39,Pune,14,Monthly,Standard,Fiber,Cash,1006.43,13254.62,222.1,2.0,3.0,7.0,5.0,Yes
CUST11003,Male,31,Jaipur,72,Monthly,Premium,Fiber,Debit Card,1574.3,112619.4,,2.0,0.0,7.0,0.0,Yes
CUST11004,Female,43,Hyderabad,22,Yearly,Standard,Fiber,Bank Transfer,1287.39,23572.4,212.3,0.0,0.0,8.0,15.0,No
CUST11005,Male,45,Chennai,31,Monthly,Basic,,UPI,489.32,15706.62,0.5,2.0,2.0,10.0,0.0,No
CUST11006,Female,40,Mumbai,13,Monthly,Standard,Fiber,Credit Card,1286.1,16107.5,128.6,3.0,1.0,6.0,5.0,Yes
CUST11007,Male,31,Ahmedabad,43,Yearly,Basic,DSL,Bank Transfer,760.16,29404.7,91.1,3.0,2.0,6.0,10.0,No
CUST11008,Male,41,Kochi,45,Monthly,Basic,DSL,Credit Card,890.22,32673.03,71.0,2.0,0.0,6.0,20.0,No
CUST11009,Female,19,Mumbai,39,Yearly,Basic,DSL,Bank Transfer,695.7,27101.46,,6.0,2.0,4.0,0.0,Yes
CUST11010,Female,62,Hyderabad,66,Monthly,Basic,DSL,Debit Card,745.2,47077.28,109.5,1.0,0.0,6.0,5.0,No
CUST11011,Male,43,Bengaluru,9,Monthly,Standard,Fiber,UPI,1147.58,9276.93,191.8,0.0,0.0,7.0,10.0,Yes
CUST11012,Female,31,Chennai,32,Monthly,Standard,DSL,Bank Transfer,1128.83,30734.4,93.0,6.0,1.0,3.0,15.0,Yes
CUST11013,Female,68,Hyderabad,12,Yearly,Basic,Fiber,UPI,947.27,10664.47,181.3,2.0,0.0,6.0,20.0,No
CUST11014,Female,24,Bengaluru,9,Yearly,Standard,DSL,Bank Transfer,914.13,7880.07,145.7,2.0,1.0,7.0,0.0,No
CUST11015,Male,20,Hyderabad,21,Quarterly,Basic,Fiber,Cash,955.37,18331.88,154.3,2.0,2.0,6.0,10.0,Yes
CUST11016,Female,64,Delhi,25,Monthly,Premium,Fiber,Cash,1480.88,37286.65,128.7,5.0,1.0,5.0,0.0,Yes
CUST11017,Female,40,Chennai,20,Monthly,Standard,,Bank Transfer,777.1,13785.68,7.4,1.0,0.0,7.0,15.0,No
CUST11018,Female,63,Chennai,7,Yearly,Basic,Fiber,Debit Card,959.66,6681.36,133.7,2.0,2.0,7.0,0.0,No
CUST11019,Male,60,Bengaluru,22,Quarterly,Premium,Fiber,,1499.64,27394.22,189.5,1.0,2.0,7.0,20.0,No
CUST11020,Female,64,Kolkata,21,Quarterly,Basic,Fiber,Bank Transfer,870.29,18095.58,178.1,4.0,2.0,6.0,,No
CUST11021,Male,62,Kolkata,10,Monthly,Standard,Fiber,UPI,1260.75,10492.13,215.3,2.0,0.0,7.0,15.0,Yes
CUST11022,Female,35,Delhi,50,Monthly,Basic,Fiber,UPI,933.22,47082.68,193.0,2.0,1.0,8.0,0.0,No
CUST11023,Male,55,Bengaluru,62,Monthly,Standard,DSL,Debit Card,1078.54,60797.67,,2.0,1.0,5.0,10.0,Yes
CUST11024,Female,52,Kolkata,23,Quarterly,Standard,,UPI,913.34,18282.45,1.6,,2.0,5.0,10.0,Yes
CUST11025,Female,68,Kochi,39,Yearly,Basic,Fiber,Cash,1004.56,38792.67,237.1,2.0,0.0,6.0,0.0,No
CUST11026,Male,32,Mumbai,1,Monthly,Basic,Fiber,Credit Card,800.76,886.07,156.8,1.0,0.0,8.0,0.0,No
CUST11027,Male,42,Delhi,21,Monthly,Standard,DSL,UPI,1076.66,22907.27,127.1,2.0,0.0,7.0,0.0,Yes
CUST11028,Male,54,Mumbai,42,Monthly,Basic,Fiber,Credit Card,977.16,41715.0,35.8,0.0,1.0,7.0,0.0,No
CUST11029,Female,45,Chennai,21,Monthly,Basic,,Bank Transfer,611.43,12897.7,6.1,1.0,0.0,8.0,0.0,No
CUST11030,Female,27,Bengaluru,20,Yearly,Standard,Fiber,Cash,1187.25,23135.04,227.1,1.0,2.0,8.0,5.0,No
CUST11031,Female,56,Delhi,33,Monthly,Premium,Fiber,,1582.63,46102.29,184.8,2.0,0.0,8.0,10.0,Yes
CUST11032,Female,34,Pune,72,Yearly,,Fiber,Bank Transfer,965.95,58515.61,191.7,4.0,2.0,7.0,15.0,No
CUST11033,Male,56,Chennai,26,Quarterly,Basic,DSL,Debit Card,767.12,19941.27,87.2,3.0,0.0,7.0,0.0,No
CUST11034,Female,39,Delhi,23,Quarterly,Premium,DSL,Debit Card,1537.53,35885.38,129.0,,0.0,7.0,0.0,No
CUST11035,Female,43,Hyderabad,47,Yearly,Basic,Fiber,Bank Transfer,908.79,36145.09,213.2,0.0,0.0,8.0,15.0,No
CUST11036,Female,61,Chennai,29,Quarterly,Standard,Fiber,UPI,1170.12,32091.25,247.6,1.0,1.0,7.0,5.0,No
CUST11037,Female,42,Bengaluru,58,Yearly,Premium,,Debit Card,1108.92,64508.03,3.7,2.0,0.0,6.0,0.0,No
CUST11038,Female,34,Bengaluru,10,Monthly,Premium,DSL,Credit Card,1431.57,13486.15,97.5,2.0,0.0,8.0,5.0,No
CUST11039,Female,30,Jaipur,10,Quarterly,Basic,Fiber,UPI,801.52,8716.98,123.2,1.0,1.0,5.0,0.0,Yes
CUST11040,Female,37,Bengaluru,11,Quarterly,Basic,DSL,UPI,603.64,6689.59,39.6,4.0,2.0,4.0,0.0,Yes
CUST11041,Male,42,Pune,37,Monthly,Basic,DSL,UPI,680.76,22639.34,61.2,0.0,1.0,10.0,15.0,Yes
CUST11042,Female,21,Jaipur,27,Quarterly,Premium,Fiber,Debit Card,1656.25,44794.62,303.3,3.0,1.0,6.0,0.0,Yes
CUST11043,Female,27,,18,Quarterly,Premium,Fiber,UPI,1580.65,22571.93,196.4,1.0,2.0,7.0,20.0,No
CUST11044,Female,20,Delhi,27,Yearly,,DSL,Debit Card,764.25,16552.3,183.2,4.0,2.0,4.0,20.0,No
CUST11045,Female,58,Chennai,41,Monthly,Standard,Fiber,Debit Card,1253.89,46815.69,89.1,2.0,0.0,8.0,10.0,No
CUST11046,Male,62,Jaipur,17,Quarterly,,DSL,Cash,1447.14,24519.12,130.0,3.0,1.0,8.0,0.0,No
CUST11047,Male,35,Kochi,34,Monthly,Basic,Fiber,Debit Card,844.96,27323.21,195.5,,0.0,8.0,0.0,No
CUST11048,Male,64,Kolkata,16,Quarterly,Basic,DSL,Cash,714.31,10620.58,65.7,2.0,1.0,5.0,5.0,No
CUST11049,Male,53,Bengaluru,6,Monthly,Basic,Fiber,UPI,961.79,,127.6,2.0,2.0,8.0,5.0,No
CUST11050,Male,64,Pune,21,Quarterly,Standard,Fiber,Bank Transfer,1197.9,20382.71,152.6,3.0,0.0,7.0,20.0,No
CUST11051,Male,39,Hyderabad,5,Monthly,Premium,Fiber,UPI,1396.46,6421.76,190.0,1.0,0.0,5.0,0.0,Yes
CUST11052,Female,51,Hyderabad,17,Monthly,Premium,Fiber,Bank Transfer,1571.75,24071.45,176.1,3.0,0.0,5.0,10.0,Yes
CUST11053,Male,64,Bengaluru,23,Monthly,Basic,Fiber,Credit Card,942.53,18774.7,195.0,1.0,1.0,5.0,10.0,No
CUST11054,Male,25,Mumbai,11,Monthly,Basic,Fiber,Debit Card,914.63,8509.19,189.1,3.0,2.0,7.0,15.0,No
CUST11055,Female,57,Ahmedabad,31,Quarterly,Standard,,Credit Card,768.36,22713.13,5.3,0.0,0.0,8.0,5.0,Yes
CUST11056,Male,66,Hyderabad,18,Yearly,Standard,DSL,UPI,990.31,15795.79,70.3,1.0,0.0,7.0,10.0,No
CUST11057,Female,61,Delhi,32,Monthly,Standard,DSL,Bank Transfer,894.11,21436.02,31.2,1.0,1.0,7.0,25.0,No
CUST11058,Female,36,Delhi,21,Monthly,Standard,Fiber,Cash,1243.95,25281.23,331.6,1.0,1.0,9.0,0.0,No
CUST11059,Male,59,Ahmedabad,18,Monthly,Standard,Fiber,UPI,1249.74,22517.78,198.7,4.0,0.0,6.0,0.0,Yes
CUST11060,Female,58,Kolkata,11,Quarterly,Basic,Fiber,Cash,889.33,8974.28,276.6,2.0,1.0,7.0,5.0,No
CUST11061,Male,54,Mumbai,22,Monthly,Standard,DSL,UPI,1021.97,21403.45,73.4,4.0,0.0,7.0,5.0,No
CUST11062,Male,23,Bengaluru,24,Monthly,Premium,Fiber,Bank Transfer,1513.48,36263.32,175.1,,1.0,4.0,0.0,Yes
CUST11063,Female,69,Mumbai,27,,Basic,DSL,Cash,776.59,20848.32,94.8,3.0,1.0,7.0,0.0,No
CUST11064,Female,43,Jaipur,25,Monthly,Standard,Fiber,UPI,1068.63,26492.07,201.8,2.0,0.0,8.0,0.0,Yes
CUST11065,Male,51,Chennai,7,Monthly,Basic,,Credit Card,612.15,3779.06,5.7,3.0,0.0,8.0,15.0,No
CUST11066,Female,62,Chennai,40,Monthly,Standard,Fiber,Credit Card,1246.33,48194.17,117.5,3.0,0.0,6.0,5.0,Yes
CUST11067,Female,23,Chennai,28,Quarterly,Standard,Fiber,Credit Card,1293.45,30717.43,206.2,3.0,1.0,7.0,15.0,Yes
CUST11068,Male,54,Delhi,22,Quarterly,Standard,DSL,Bank Transfer,1054.03,22299.55,113.1,2.0,2.0,7.0,5.0,No
CUST11069,Male,50,Ahmedabad,27,Monthly,Premium,,Debit Card,1208.4,30146.56,5.1,0.0,1.0,8.0,10.0,No
CUST11070,Female,70,Chennai,30,Quarterly,Standard,DSL,Cash,1084.57,31111.53,126.5,1.0,2.0,8.0,5.0,No
CUST11071,Male,39,Bengaluru,64,Monthly,Standard,Fiber,UPI,1262.47,73095.49,232.1,3.0,0.0,9.0,10.0,No
CUST11072,,38,Bengaluru,14,Yearly,Basic,Fiber,Debit Card,807.38,10309.48,269.4,1.0,0.0,9.0,5.0,No
CUST11073,Male,23,Chennai,14,Monthly,Standard,,Credit Card,844.46,12003.43,6.5,2.0,0.0,7.0,0.0,Yes
CUST11074,Male,23,Jaipur,9,Quarterly,Basic,Fiber,Cash,921.23,6808.9,230.3,4.0,0.0,6.0,20.0,No
CUST11075,Male,65,Delhi,4,Quarterly,Premium,Fiber,UPI,1638.5,6459.2,169.5,2.0,0.0,8.0,15.0,No
CUST11076,Male,21,Ahmedabad,28,Monthly,Basic,DSL,Cash,721.82,19587.26,63.2,4.0,3.0,5.0,0.0,Yes
CUST11077,Male,47,Kolkata,66,Yearly,Basic,DSL,Credit Card,800.48,40710.54,108.2,0.0,1.0,9.0,25.0,No
CUST11078,Female,28,Mumbai,17,Monthly,Basic,DSL,Debit Card,673.18,12018.91,93.2,2.0,,6.0,0.0,No
CUST11079,Male,47,Bengaluru,45,Quarterly,Premium,,Credit Card,1411.44,60821.88,12.2,2.0,2.0,8.0,5.0,No
CUST11080,Female,48,Bengaluru,18,Monthly,,Fiber,Bank Transfer,850.05,12431.42,109.5,1.0,0.0,6.0,15.0,No
CUST11081,Female,41,Kolkata,44,Monthly,Basic,Fiber,Debit Card,932.62,40582.84,247.9,1.0,0.0,7.0,0.0,No
CUST11082,Female,26,Mumbai,27,Quarterly,Basic,DSL,Debit Card,705.8,19369.11,123.4,4.0,1.0,6.0,0.0,No
CUST11083,Male,20,Delhi,22,Monthly,Basic,DSL,Debit Card,757.84,14798.63,128.9,,1.0,8.0,5.0,No
CUST11084,Male,68,Hyderabad,14,Monthly,Basic,DSL,Credit Card,663.66,8073.93,70.6,2.0,1.0,7.0,5.0,No
CUST11085,Female,48,Kolkata,23,Monthly,Standard,,,936.05,21927.14,2.7,0.0,1.0,9.0,0.0,No
CUST11086,Male,57,Bengaluru,37,Quarterly,Basic,Fiber,Bank Transfer,834.61,31475.63,197.6,2.0,1.0,6.0,0.0,No
CUST11087,Female,54,Hyderabad,13,Monthly,Standard,Fiber,UPI,1206.53,13619.02,197.7,3.0,0.0,5.0,20.0,No
CUST11088,Male,53,Hyderabad,20,Monthly,Basic,Fiber,Bank Transfer,894.89,16835.75,211.5,4.0,1.0,5.0,5.0,Yes
CUST11089,Male,41,Chennai,25,Quarterly,Standard,DSL,Debit Card,993.87,24413.39,134.5,2.0,0.0,7.0,0.0,No
CUST11090,Female,48,Ahmedabad,36,Monthly,Standard,Fiber,Credit Card,996.39,30105.58,306.7,2.0,0.0,8.0,15.0,No
CUST11091,Female,23,Mumbai,23,Monthly,Basic,DSL,Debit Card,834.75,19425.22,50.9,2.0,0.0,7.0,0.0,No
CUST11092,Female,19,Ahmedabad,18,Monthly,Standard,Fiber,Debit Card,1211.55,21707.51,99.6,1.0,1.0,10.0,0.0,No
CUST11093,Male,37,Pune,26,Monthly,Basic,Fiber,Bank Transfer,760.78,14157.82,238.4,2.0,2.0,5.0,25.0,No
CUST11094,Female,45,Chennai,43,Monthly,Basic,Fiber,Bank Transfer,746.94,25957.11,230.5,3.0,0.0,5.0,20.0,No
CUST11095,Male,28,Pune,29,Yearly,Standard,DSL,UPI,1024.24,29190.07,105.5,0.0,2.0,8.0,0.0,No
CUST11096,Male,21,Hyderabad,21,Monthly,Standard,Fiber,Cash,1193.4,20421.5,185.7,3.0,0.0,6.0,20.0,No
CUST11097,Male,32,Bengaluru,22,Monthly,Standard,DSL,Credit Card,1032.8,18530.38,68.1,0.0,0.0,7.0,20.0,No
CUST11098,Female,23,Pune,10,Monthly,Basic,Fiber,Bank Transfer,1015.51,8991.18,183.6,4.0,0.0,6.0,10.0,No
CUST11099,Female,66,Chennai,34,Monthly,Basic,Fiber,UPI,766.43,24898.46,226.9,1.0,1.0,6.0,5.0,Yes
CUST11100,Female,47,Pune,7,Quarterly,Basic,Fiber,UPI,916.98,6272.97,141.8,5.0,1.0,6.0,0.0,Yes
CUST11101,Male,55,Delhi,16,Monthly,Standard,DSL,Debit Card,1101.65,17591.01,67.1,1.0,0.0,8.0,0.0,No
CUST11102,Male,68,Jaipur,19,Monthly,Standard,Fiber,Credit Card,1249.96,20733.7,181.7,2.0,1.0,6.0,10.0,No
CUST11103,Female,19,Chennai,16,Monthly,Basic,,Cash,621.51,6755.2,4.5,3.0,1.0,7.0,15.0,No
CUST11104,,32,Bengaluru,10,Yearly,Standard,Fiber,UPI,1209.35,10821.23,170.4,4.0,2.0,8.0,10.0,No
CUST11105,Male,28,Hyderabad,13,Monthly,Basic,Fiber,UPI,919.69,11458.79,146.0,3.0,0.0,6.0,0.0,No
CUST11106,Female,25,Kolkata,7,Monthly,Premium,Fiber,UPI,1573.61,10587.77,212.0,4.0,0.0,6.0,0.0,No
CUST11107,Female,43,Ahmedabad,53,Quarterly,Basic,Fiber,UPI,779.23,38776.81,155.3,1.0,1.0,8.0,5.0,No
CUST11108,Female,68,,14,Monthly,Standard,DSL,Debit Card,1076.3,,103.9,1.0,4.0,5.0,10.0,No
CUST11109,Male,62,Jaipur,13,Quarterly,Standard,DSL,Credit Card,1017.79,13769.16,154.1,4.0,0.0,7.0,0.0,No
CUST11110,Male,61,Mumbai,65,Quarterly,Premium,DSL,Credit Card,,81513.64,95.1,2.0,0.0,8.0,10.0,No
CUST11111,Male,22,Hyderabad,5,Monthly,Basic,Fiber,UPI,929.8,4020.72,130.2,4.0,1.0,7.0,10.0,No
CUST11112,Male,23,Jaipur,31,Monthly,Standard,Fiber,UPI,1236.92,38509.95,198.6,2.0,0.0,7.0,0.0,No
CUST11113,Male,43,Jaipur,22,Yearly,Basic,Fiber,UPI,843.54,19106.98,131.9,2.0,0.0,6.0,0.0,Yes
CUST11114,Female,21,Pune,10,Quarterly,Premium,Fiber,Bank Transfer,1620.0,17030.73,251.5,2.0,2.0,6.0,0.0,No
CUST11115,Male,36,Ahmedabad,23,Yearly,Premium,Fiber,Bank Transfer,1593.5,28942.39,122.1,1.0,3.0,7.0,20.0,No
CUST11116,Male,37,Bengaluru,59,Monthly,Basic,,Bank Transfer,565.19,30919.67,3.8,1.0,0.0,7.0,5.0,No
CUST11117,Male,50,Ahmedabad,31,Monthly,Standard,DSL,Cash,1150.29,34030.88,126.1,0.0,4.0,7.0,5.0,No
CUST11118,Female,37,Delhi,28,Yearly,Standard,DSL,Bank Transfer,1085.4,26454.38,34.8,2.0,3.0,8.0,10.0,No
CUST11119,Female,66,Mumbai,8,Monthly,Basic,Fiber,Credit Card,929.36,7201.61,121.9,2.0,1.0,6.0,5.0,Yes
CUST11120,Female,29,Mumbai,11,Yearly,Basic,Fiber,Credit Card,829.18,9232.36,285.5,2.0,1.0,6.0,0.0,Yes
CUST11121,Male,64,Hyderabad,6,Monthly,Premium,Fiber,Cash,1540.45,8251.95,184.6,2.0,0.0,8.0,10.0,No
CUST11122,Female,18,Mumbai,22,Yearly,Standard,Fiber,Debit Card,1238.52,25417.71,169.8,4.0,0.0,5.0,10.0,No
CUST11123,Female,43,Delhi,22,Monthly,Basic,DSL,UPI,622.99,13744.33,56.5,,2.0,5.0,0.0,No
CUST11124,Female,31,Bengaluru,11,Monthly,Basic,Fiber,Debit Card,871.49,9862.82,271.6,2.0,0.0,7.0,0.0,No
CUST11125,Male,55,Delhi,37,Yearly,Basic,DSL,Cash,688.94,23520.06,81.2,1.0,1.0,5.0,10.0,No
CUST11126,Female,54,Chennai,8,Monthly,Standard,,Bank Transfer,838.62,6003.29,,0.0,2.0,7.0,10.0,No
CUST11127,Male,28,Hyderabad,12,Monthly,Basic,Fiber,UPI,882.75,10395.83,151.3,3.0,0.0,6.0,0.0,Yes
CUST11128,Male,53,Delhi,23,Monthly,Standard,DSL,Cash,1060.45,21769.56,95.9,4.0,2.0,6.0,10.0,Yes
CUST11129,Female,30,Kolkata,8,Quarterly,,DSL,Cash,787.21,5249.18,163.2,2.0,3.0,6.0,20.0,No
CUST11130,Male,60,Jaipur,17,Yearly,Basic,Fiber,UPI,977.33,16775.52,173.7,2.0,0.0,7.0,0.0,No
CUST11131,Female,20,Kolkata,13,Monthly,Basic,,Bank Transfer,633.34,8677.72,4.8,5.0,0.0,5.0,5.0,No
CUST11132,Male,50,Delhi,25,Monthly,Premium,Fiber,Bank Transfer,1581.03,35255.8,317.0,2.0,0.0,6.0,10.0,No
CUST11133,Female,23,Kolkata,7,Monthly,Basic,DSL,UPI,702.73,4801.43,134.1,0.0,1.0,8.0,0.0,No
CUST11134,Female,67,Bengaluru,3,Quarterly,Standard,Fiber,Debit Card,1136.98,3376.48,94.4,2.0,0.0,6.0,15.0,Yes
CUST11135,Female,27,Bengaluru,8,Monthly,Basic,Fiber,Credit Card,874.21,6272.88,308.1,2.0,0.0,7.0,15.0,No
CUST11136,Male,22,Delhi,37,Monthly,Standard,Fiber,Debit Card,1120.97,35226.05,82.5,3.0,0.0,7.0,15.0,No
CUST11137,Female,40,Ahmedabad,35,Monthly,Basic,DSL,Cash,787.57,27467.24,161.1,1.0,0.0,8.0,0.0,No
CUST11138,Male,27,Mumbai,10,Quarterly,Standard,Fiber,Credit Card,1281.88,10645.23,183.6,4.0,,5.0,15.0,Yes
CUST11139,Female,61,,20,Yearly,Premium,Fiber,Credit Card,1478.03,27630.39,247.8,4.0,3.0,5.0,5.0,Yes
CUST11140,Male,19,Bengaluru,21,Monthly,Basic,Fiber,Cash,900.76,18903.57,138.4,2.0,0.0,7.0,0.0,No
CUST11141,Male,30,Ahmedabad,7,Monthly,Basic,Fiber,Cash,1024.48,7463.35,,1.0,2.0,6.0,0.0,Yes
CUST11142,Female,57,Pune,13,Quarterly,Standard,DSL,UPI,931.47,9872.09,74.0,5.0,0.0,4.0,20.0,No
CUST11143,Female,19,Mumbai,18,Quarterly,Basic,DSL,,868.18,14804.7,117.4,3.0,0.0,7.0,5.0,No
CUST11144,Female,37,Chennai,2,Monthly,Standard,DSL,UPI,981.22,1827.3,59.1,3.0,1.0,6.0,15.0,Yes
CUST11145,Female,18,Chennai,23,Monthly,Basic,DSL,Credit Card,701.43,15656.17,61.8,4.0,1.0,6.0,0.0,No
CUST11146,Female,54,Pune,29,Monthly,Standard,,Bank Transfer,899.41,22453.89,,0.0,1.0,7.0,15.0,Yes
CUST11147,Male,26,Mumbai,25,Quarterly,Standard,DSL,Bank Transfer,1090.61,26549.4,164.7,2.0,1.0,7.0,0.0,No
CUST11148,Female,34,Ahmedabad,33,Quarterly,Basic,,Bank Transfer,541.57,17999.29,7.4,1.0,2.0,5.0,0.0,No
CUST11149,Female,26,Delhi,28,Monthly,Standard,Fiber,UPI,1138.93,24213.29,144.5,4.0,1.0,7.0,25.0,No
CUST11150,Male,28,Pune,37,Monthly,Standard,Fiber,UPI,1100.49,40770.55,56.4,2.0,3.0,5.0,0.0,Yes
CUST11151,Female,32,Bengaluru,3,Monthly,Basic,,Cash,543.87,1553.27,2.5,3.0,2.0,6.0,,No
CUST11152,Female,41,Delhi,16,Yearly,Standard,DSL,UPI,1033.02,12693.25,34.2,2.0,2.0,6.0,20.0,Yes
CUST11153,Male,55,Delhi,10,Monthly,Standard,DSL,UPI,986.62,8364.34,70.1,2.0,1.0,6.0,15.0,Yes
CUST11154,Female,52,Chennai,3,Yearly,Basic,Fiber,Bank Transfer,879.56,3497.91,155.6,2.0,0.0,7.0,5.0,No
CUST11155,Female,47,Bengaluru,19,Quarterly,Premium,DSL,Debit Card,1470.07,25104.26,90.2,3.0,1.0,6.0,10.0,No
CUST11156,Female,48,Ahmedabad,38,Monthly,Standard,DSL,Credit Card,1135.59,38699.02,112.8,1.0,3.0,7.0,10.0,No
CUST11157,Male,66,Mumbai,14,Monthly,Basic,Fiber,UPI,915.61,12010.42,229.4,1.0,1.0,6.0,0.0,No
CUST11158,Female,22,Pune,26,Yearly,Premium,Fiber,Bank Transfer,1585.95,,159.2,1.0,1.0,8.0,0.0,No
CUST11159,Male,61,Ahmedabad,45,Monthly,Basic,Fiber,Cash,834.12,37754.15,116.9,1.0,0.0,7.0,0.0,Yes
CUST11160,Female,67,Chennai,18,Yearly,Standard,,UPI,790.44,13278.59,,1.0,1.0,8.0,5.0,No
CUST11161,Male,31,Kolkata,41,Monthly,Basic,DSL,Debit Card,767.32,31337.78,147.9,3.0,1.0,6.0,0.0,No
CUST11162,Female,70,Pune,38,Quarterly,Standard,,UPI,871.66,32458.38,1.8,2.0,2.0,5.0,0.0,No
CUST11163,Male,28,Delhi,26,Yearly,Standard,Fiber,Bank Transfer,1182.22,29262.49,231.4,1.0,1.0,10.0,5.0,No
CUST11164,Male,26,Ahmedabad,8,Yearly,Standard,,Credit Card,922.41,7258.93,4.3,2.0,0.0,7.0,5.0,No
CUST11165,Male,51,Delhi,3,Monthly,Basic,Fiber,Bank Transfer,904.71,1449.58,186.0,4.0,1.0,4.0,5.0,Yes
CUST11166,Male,29,Chennai,12,Quarterly,Basic,Fiber,Debit Card,861.09,10314.69,155.9,0.0,0.0,8.0,0.0,No
CUST11167,Male,52,Kolkata,15,Monthly,Standard,Fiber,Debit Card,1147.6,15497.08,189.3,1.0,0.0,7.0,15.0,No
CUST11168,Male,52,Delhi,18,Monthly,Basic,,Bank Transfer,492.23,7606.39,4.3,3.0,0.0,6.0,15.0,No
CUST11169,Female,18,Delhi,31,Monthly,Basic,Fiber,Credit Card,938.4,29336.34,209.0,3.0,1.0,5.0,0.0,Yes
CUST11170,Female,57,Hyderabad,12,Monthly,Standard,Fiber,Bank Transfer,1150.29,14332.83,161.5,4.0,2.0,6.0,0.0,No
CUST11171,Male,39,Ahmedabad,32,Monthly,Premium,Fiber,Credit Card,1608.61,46612.28,169.6,0.0,1.0,7.0,10.0,Yes
CUST11172,Male,46,Jaipur,55,Monthly,Basic,Fiber,UPI,832.12,36433.9,124.6,1.0,0.0,9.0,20.0,No
CUST11173,Male,25,Chennai,19,Yearly,Basic,DSL,Credit Card,736.64,13186.49,163.2,1.0,2.0,7.0,0.0,No
CUST11174,Male,28,Pune,24,Quarterly,Premium,Fiber,Credit Card,1595.64,39646.78,150.1,4.0,1.0,7.0,0.0,No
CUST11175,Female,58,Jaipur,53,Monthly,Premium,DSL,Credit Card,1639.13,87246.86,110.8,2.0,1.0,8.0,0.0,No
CUST11176,Male,54,Bengaluru,34,Yearly,Standard,,Bank Transfer,745.43,23232.2,7.2,5.0,0.0,6.0,10.0,Yes
CUST11177,Female,31,Mumbai,12,Monthly,Basic,Fiber,Debit Card,964.69,9202.4,224.8,0.0,0.0,8.0,25.0,No
CUST11178,Female,47,Pune,58,Monthly,Standard,DSL,Bank Transfer,988.51,49293.11,75.3,1.0,0.0,9.0,15.0,No
CUST11179,Male,52,Ahmedabad,24,Quarterly,Standard,Fiber,Credit Card,1307.98,28650.11,57.0,2.0,0.0,6.0,10.0,No
CUST11180,Male,38,Ahmedabad,13,Monthly,Basic,,UPI,494.16,5796.03,2.8,3.0,0.0,7.0,10.0,No
CUST11181,Female,54,Hyderabad,5,Quarterly,Standard,Fiber,UPI,1282.9,6254.65,259.1,2.0,0.0,7.0,0.0,No
CUST11182,Female,22,Bengaluru,12,Monthly,Standard,DSL,Bank Transfer,1067.74,11897.64,102.5,3.0,0.0,7.0,10.0,No
CUST11183,Male,36,Hyderabad,23,Monthly,Standard,DSL,UPI,943.49,21772.84,104.4,1.0,0.0,6.0,0.0,No
CUST11184,Male,31,Mumbai,10,Monthly,Standard,Fiber,UPI,1215.9,12215.53,229.4,2.0,1.0,5.0,0.0,No
CUST11185,Male,43,Delhi,11,Yearly,Standard,Fiber,UPI,1241.25,14146.5,100.9,4.0,3.0,5.0,0.0,Yes
CUST11186,Female,21,Kolkata,46,,Standard,Fiber,Credit Card,1247.01,52674.63,134.0,2.0,0.0,8.0,10.0,No
CUST11187,Female,42,Bengaluru,24,Quarterly,Standard,Fiber,Debit Card,1181.05,23622.86,121.1,1.0,1.0,7.0,15.0,No
CUST11188,Male,62,Ahmedabad,6,Quarterly,Basic,DSL,UPI,957.57,5410.93,120.4,2.0,0.0,9.0,10.0,No
CUST11189,Female,59,Hyderabad,32,Monthly,Standard,,Credit Card,1005.69,31679.11,5.3,4.0,0.0,7.0,0.0,No
CUST11190,Female,42,Chennai,71,Quarterly,Standard,DSL,Credit Card,1077.05,76568.25,112.3,4.0,1.0,6.0,0.0,No
CUST11191,Male,35,Bengaluru,3,Monthly,Premium,Fiber,Bank Transfer,1494.71,3643.54,72.2,4.0,0.0,8.0,0.0,Yes
CUST11192,Male,57,Delhi,23,Monthly,Standard,Fiber,Bank Transfer,1119.98,25410.91,228.6,1.0,2.0,8.0,0.0,No
CUST11193,Female,25,Bengaluru,21,Quarterly,Basic,Fiber,Debit Card,878.48,17535.96,270.0,2.0,0.0,6.0,5.0,No
CUST11194,Female,56,Kochi,72,Monthly,Premium,,Credit Card,1592.32,115181.94,193.2,1.0,0.0,8.0,0.0,No
CUST11195,Male,57,Ahmedabad,40,Monthly,Standard,,UPI,783.91,27480.58,8.5,2.0,1.0,7.0,10.0,No
CUST11196,Male,31,Hyderabad,20,Yearly,Premium,DSL,Bank Transfer,1406.5,25533.74,44.9,2.0,1.0,8.0,10.0,No
CUST11197,Male,49,Mumbai,36,Quarterly,Basic,Fiber,Credit Card,740.89,26654.17,279.4,3.0,0.0,7.0,0.0,No
CUST11198,Male,68,Jaipur,4,Quarterly,Basic,Fiber,Credit Card,727.1,3349.37,167.4,1.0,2.0,7.0,10.0,No
CUST11199,Male,55,Delhi,21,Monthly,Basic,DSL,Cash,751.1,15570.94,146.6,4.0,2.0,5.0,0.0,No
CUST11200,Female,50,Mumbai,13,Monthly,Premium,DSL,Cash,1577.39,19697.86,157.7,1.0,1.0,7.0,5.0,No
CUST11201,Female,40,Chennai,23,Quarterly,Premium,DSL,Bank Transfer,1325.91,25843.49,139.9,4.0,0.0,5.0,15.0,No
CUST11202,Female,32,Kochi,3,Quarterly,Standard,DSL,,1032.93,2300.49,77.8,2.0,0.0,6.0,10.0,No
CUST11203,Female,50,Bengaluru,32,Monthly,Basic,Fiber,Bank Transfer,898.52,28466.56,195.7,0.0,2.0,8.0,0.0,No
CUST11204,Male,42,Mumbai,28,Yearly,Basic,,Bank Transfer,579.82,13421.43,0.5,1.0,1.0,8.0,15.0,No
CUST11205,Male,34,Jaipur,40,Yearly,Standard,Fiber,UPI,1159.17,40857.24,186.2,4.0,1.0,,10.0,No
CUST11206,Male,50,Mumbai,15,Monthly,Standard,Fiber,Cash,1111.99,16619.0,60.4,0.0,1.0,7.0,5.0,No
CUST11207,Female,64,Bengaluru,33,Yearly,Standard,,Bank Transfer,901.66,26600.12,4.0,2.0,2.0,7.0,10.0,No
CUST11208,Female,19,Chennai,61,Monthly,Basic,Fiber,UPI,743.67,45602.8,194.3,2.0,0.0,7.0,0.0,No
CUST11209,Female,31,Ahmedabad,17,Monthly,Standard,Fiber,Credit Card,1230.54,18274.08,,4.0,1.0,6.0,10.0,No
CUST11210,Male,70,Hyderabad,7,Monthly,Basic,Fiber,UPI,835.69,5288.02,162.8,0.0,,7.0,10.0,No
CUST11211,Female,57,Kochi,31,Quarterly,Standard,DSL,Cash,1069.51,26777.1,94.1,2.0,0.0,7.0,20.0,No
CUST11212,Male,57,Pune,16,Yearly,Standard,Fiber,Debit Card,,20728.98,158.6,2.0,1.0,8.0,0.0,No
CUST11213,Male,68,Bengaluru,9,Quarterly,Premium,Fiber,UPI,1545.09,12795.45,195.7,2.0,1.0,6.0,5.0,Yes
CUST11214,Male,56,Kochi,11,Quarterly,Standard,Fiber,UPI,1170.55,10705.29,87.0,1.0,0.0,8.0,20.0,No
CUST11215,Male,68,Hyderabad,6,Monthly,Standard,DSL,Cash,1016.35,5073.9,121.7,2.0,1.0,6.0,0.0,No
CUST11216,Male,23,Delhi,9,Monthly,Basic,Fiber,Debit Card,1082.28,7491.19,123.6,2.0,1.0,5.0,15.0,Yes
CUST11217,Male,23,Chennai,27,Monthly,Premium,DSL,Credit Card,1439.76,38815.52,46.6,3.0,2.0,6.0,0.0,No
CUST11218,Female,20,Delhi,27,Monthly,Basic,Fiber,Credit Card,886.09,22726.6,279.4,2.0,1.0,9.0,0.0,No
CUST11219,Male,24,Bengaluru,12,Quarterly,Basic,DSL,UPI,743.08,8524.51,128.3,1.0,3.0,6.0,0.0,No
CUST11220,Male,68,Bengaluru,72,Monthly,Premium,Fiber,UPI,1708.23,104307.99,85.6,3.0,3.0,5.0,15.0,No
CUST11221,Female,25,Hyderabad,22,Quarterly,Standard,DSL,Debit Card,998.96,22737.58,,2.0,1.0,6.0,0.0,No
CUST11222,Male,59,Ahmedabad,26,Monthly,Standard,DSL,Credit Card,1113.47,27172.67,75.1,2.0,1.0,9.0,5.0,Yes
CUST11223,Female,69,Chennai,29,Monthly,Basic,Fiber,Credit Card,839.28,24078.02,155.0,2.0,4.0,7.0,0.0,Yes
CUST11224,Female,32,Kochi,12,Monthly,Premium,DSL,Debit Card,1383.73,15680.06,94.1,4.0,0.0,7.0,0.0,No
CUST11225,Female,64,Delhi,37,Yearly,Basic,DSL,UPI,779.67,27443.5,131.0,3.0,0.0,8.0,5.0,No
CUST11226,Male,46,Delhi,5,Monthly,Basic,Fiber,Cash,997.14,4990.66,81.7,4.0,0.0,7.0,0.0,Yes
CUST11227,Male,50,Bengaluru,8,Monthly,Basic,DSL,UPI,719.33,5208.29,80.3,1.0,2.0,7.0,0.0,No
CUST11228,Female,69,Mumbai,12,Yearly,Basic,DSL,UPI,718.77,8650.9,28.7,3.0,3.0,5.0,5.0,No
CUST11229,Male,47,Delhi,24,Yearly,,Fiber,UPI,1650.82,36082.06,135.9,5.0,0.0,7.0,10.0,No
CUST11230,Male,56,Ahmedabad,7,Quarterly,Standard,Fiber,UPI,1199.15,8114.4,150.9,1.0,0.0,8.0,0.0,Yes
CUST11231,Female,44,Jaipur,8,Monthly,Standard,,UPI,904.4,5911.0,0.5,2.0,0.0,6.0,5.0,No
CUST11232,Female,53,Kochi,50,Monthly,Premium,DSL,Credit Card,1319.97,,65.5,1.0,0.0,8.0,0.0,No
CUST11233,Male,46,Mumbai,46,Yearly,Basic,,Bank Transfer,466.85,21168.55,5.5,1.0,,7.0,5.0,No
CUST11234,Female,55,Jaipur,7,Yearly,Basic,DSL,UPI,745.07,4502.8,140.0,4.0,0.0,7.0,15.0,No
CUST11235,Female,50,Delhi,11,Quarterly,Standard,Fiber,Credit Card,1236.15,,216.0,3.0,2.0,5.0,20.0,Yes
CUST11236,Female,54,Bengaluru,20,Monthly,Standard,Fiber,Cash,1189.61,24475.32,232.5,6.0,0.0,6.0,0.0,No
CUST11237,Male,44,Jaipur,31,Monthly,Standard,DSL,UPI,1056.39,29380.65,31.1,5.0,0.0,6.0,10.0,No
CUST11238,Male,50,Pune,15,Monthly,Basic,DSL,Bank Transfer,798.52,10786.7,117.1,2.0,2.0,7.0,10.0,No
CUST11239,Male,21,Mumbai,14,Quarterly,Standard,Fiber,UPI,1100.27,14288.63,119.3,3.0,1.0,7.0,15.0,No
CUST11240,Female,39,Hyderabad,42,Monthly,Basic,DSL,UPI,798.51,27290.51,176.1,1.0,1.0,7.0,20.0,No
CUST11241,Male,19,Delhi,12,Yearly,Basic,DSL,Credit Card,834.05,9365.41,70.2,0.0,1.0,8.0,5.0,No
CUST11242,Female,27,Kolkata,17,Monthly,Basic,DSL,UPI,722.57,9397.73,133.2,2.0,0.0,7.0,25.0,No
CUST11243,Male,22,Hyderabad,29,Quarterly,Basic,Fiber,Cash,831.11,18352.13,174.6,0.0,1.0,8.0,25.0,No
CUST11244,Male,27,Kochi,29,Monthly,Standard,Fiber,UPI,1271.1,35429.57,196.9,4.0,2.0,7.0,5.0,No
CUST11245,Female,50,Bengaluru,27,Monthly,Basic,,Debit Card,687.56,17117.61,7.7,1.0,2.0,5.0,5.0,No
CUST11246,Male,55,Delhi,26,Monthly,Premium,DSL,Debit Card,1461.82,35021.4,29.2,0.0,0.0,9.0,10.0,No
CUST11247,Female,30,Hyderabad,24,Quarterly,Premium,Fiber,UPI,1529.37,35581.8,132.2,2.0,1.0,7.0,5.0,No
CUST11248,Male,48,Hyderabad,18,Quarterly,Standard,DSL,Bank Transfer,1049.53,16537.92,124.7,4.0,0.0,7.0,10.0,Yes
CUST11249,Male,64,Delhi,37,Monthly,Premium,Fiber,Credit Card,1533.3,53888.28,279.8,3.0,0.0,,5.0,No
CUST11250,Female,53,Kolkata,30,Yearly,Premium,Fiber,Bank Transfer,1657.29,49756.07,264.8,3.0,0.0,7.0,0.0,No
CUST11251,Female,62,Jaipur,13,Monthly,Standard,Fiber,Bank Transfer,1195.95,13295.41,129.4,3.0,1.0,6.0,15.0,Yes
CUST11252,Female,41,Jaipur,17,Yearly,Standard,Fiber,Credit Card,1125.76,15698.07,216.1,3.0,0.0,6.0,20.0,No
CUST11253,Male,69,Ahmedabad,8,Yearly,Premium,DSL,,1465.95,11561.68,80.6,3.0,0.0,7.0,0.0,Yes
CUST11254,Male,32,Ahmedabad,15,Yearly,Standard,DSL,UPI,997.57,12935.02,61.3,0.0,0.0,10.0,15.0,No
CUST11255,Male,46,Chennai,9,Monthly,Basic,Fiber,UPI,794.8,7112.08,178.0,1.0,0.0,7.0,5.0,No
CUST11256,Female,25,Ahmedabad,38,Monthly,Standard,DSL,UPI,1110.74,38235.13,92.5,2.0,1.0,6.0,10.0,No
CUST11257,Female,22,Delhi,72,Yearly,Basic,DSL,Cash,773.89,53171.91,89.9,1.0,2.0,8.0,5.0,No
CUST11258,Female,46,Delhi,8,Monthly,Basic,Fiber,Credit Card,862.47,6487.26,161.0,4.0,0.0,5.0,10.0,No
CUST11259,Male,64,Delhi,18,Monthly,Basic,DSL,UPI,851.77,14672.77,157.2,2.0,0.0,7.0,5.0,No
CUST11260,Male,21,Hyderabad,16,Quarterly,Basic,DSL,UPI,690.26,8428.53,108.8,2.0,1.0,6.0,15.0,Yes
CUST11261,Female,29,Delhi,3,Monthly,Basic,DSL,UPI,715.23,1424.12,124.1,3.0,0.0,6.0,10.0,No
CUST11262,Male,62,Kochi,13,Quarterly,Premium,DSL,UPI,1480.0,17631.32,47.9,2.0,0.0,7.0,5.0,No
CUST11263,Female,19,Delhi,60,Yearly,Basic,Fiber,Credit Card,970.1,51848.38,53.6,0.0,1.0,7.0,10.0,No
CUST11264,Male,44,Bengaluru,23,Quarterly,Basic,Fiber,UPI,931.28,15569.85,194.6,1.0,2.0,7.0,25.0,No
CUST11265,Male,48,Chennai,19,Monthly,Basic,,UPI,704.88,13910.98,92.4,5.0,1.0,6.0,0.0,Yes
CUST11266,Female,68,Bengaluru,9,Monthly,Standard,DSL,Debit Card,,9482.25,84.7,2.0,1.0,6.0,5.0,Yes
CUST11267,Male,68,Bengaluru,34,Monthly,Premium,Fiber,Cash,1548.38,42437.53,197.7,1.0,1.0,7.0,20.0,No
CUST11268,Male,53,Mumbai,14,Monthly,Basic,Fiber,Credit Card,873.41,10508.37,162.0,0.0,2.0,9.0,10.0,Yes
CUST11269,Female,53,Hyderabad,12,Monthly,Basic,DSL,Bank Transfer,729.47,6541.78,140.1,1.0,1.0,7.0,20.0,No
CUST11270,Female,43,Hyderabad,32,Monthly,Standard,Fiber,UPI,1233.3,39142.6,77.9,4.0,1.0,6.0,0.0,Yes
CUST11271,Male,60,Ahmedabad,18,Monthly,Standard,Fiber,Bank Transfer,1144.8,17149.23,265.1,2.0,1.0,5.0,15.0,No
CUST11272,Female,44,,10,Monthly,Basic,Fiber,,976.39,8959.61,193.9,1.0,0.0,10.0,15.0,Yes
CUST11273,Male,22,Hyderabad,34,Yearly,Basic,Fiber,Bank Transfer,898.0,25273.56,189.8,3.0,4.0,6.0,15.0,Yes
CUST11274,Female,37,Delhi,23,Monthly,Standard,Fiber,Bank Transfer,1131.69,23582.93,192.4,0.0,0.0,6.0,10.0,No
CUST11275,Male,28,Delhi,34,Monthly,Basic,DSL,Bank Transfer,781.09,25920.08,96.1,2.0,0.0,6.0,0.0,No
CUST11276,Male,27,Kolkata,19,Quarterly,Premium,Fiber,Bank Transfer,1590.39,28954.55,229.3,2.0,0.0,6.0,5.0,No
CUST11277,Female,57,Bengaluru,72,Quarterly,Basic,,Debit Card,513.19,34911.11,1.3,1.0,1.0,9.0,5.0,No
CUST11278,Male,55,Bengaluru,5,Monthly,Basic,,UPI,663.32,2589.79,7.0,2.0,0.0,10.0,5.0,Yes
CUST11279,Male,23,Ahmedabad,72,Quarterly,Premium,,Debit Card,1224.99,79100.31,3.3,1.0,0.0,8.0,10.0,No
CUST11280,Female,25,Hyderabad,13,Monthly,Premium,DSL,Credit Card,1413.67,16790.16,83.9,2.0,0.0,8.0,10.0,Yes
CUST11281,Female,40,Bengaluru,5,Monthly,Basic,DSL,UPI,826.86,3320.37,112.1,6.0,1.0,6.0,0.0,Yes
CUST11282,Male,64,Mumbai,24,Yearly,Premium,Fiber,Credit Card,1640.31,35116.91,164.5,3.0,2.0,5.0,10.0,Yes
CUST11283,Female,43,Jaipur,42,Yearly,Standard,Fiber,Debit Card,1260.35,52841.17,174.2,1.0,1.0,7.0,0.0,No
CUST11284,Female,63,Ahmedabad,27,Quarterly,Basic,Fiber,UPI,854.95,22395.52,147.2,2.0,0.0,7.0,0.0,No
CUST11285,Male,60,Pune,4,Quarterly,Standard,Fiber,Debit Card,1217.59,4150.66,169.0,1.0,2.0,8.0,5.0,No
CUST11286,Male,29,Hyderabad,5,Yearly,Basic,Fiber,Debit Card,789.09,4080.03,158.2,3.0,0.0,9.0,15.0,No
CUST11287,Female,43,Chennai,6,Yearly,Basic,,UPI,396.36,1360.06,3.2,3.0,2.0,8.0,15.0,No
CUST11288,Female,30,Kochi,13,Monthly,Basic,Fiber,Credit Card,852.73,10263.41,173.0,1.0,0.0,8.0,5.0,No
CUST11289,Female,57,Kochi,7,Quarterly,Standard,Fiber,Cash,1203.77,7404.67,173.0,1.0,1.0,8.0,15.0,Yes
CUST11290,Male,35,Mumbai,17,Monthly,Premium,DSL,Bank Transfer,1642.02,27876.86,27.4,4.0,0.0,6.0,0.0,No
CUST11291,Male,42,Ahmedabad,4,Monthly,Standard,Fiber,Credit Card,1299.98,3614.29,226.0,1.0,1.0,7.0,25.0,No
CUST11292,Male,50,Mumbai,18,Monthly,Basic,,Credit Card,462.52,7052.61,5.1,3.0,0.0,8.0,20.0,No
CUST11293,Male,64,Mumbai,26,Quarterly,Standard,Fiber,UPI,1270.05,28680.87,196.2,5.0,1.0,6.0,10.0,No
CUST11294,Male,57,,42,Yearly,Standard,Fiber,UPI,1092.36,46228.95,127.5,0.0,1.0,8.0,0.0,No
CUST11295,Male,60,Hyderabad,24,Yearly,Standard,,UPI,972.64,21701.39,0.5,2.0,0.0,6.0,5.0,No
CUST11296,Male,29,Jaipur,48,Monthly,Basic,DSL,Cash,709.57,32781.4,54.6,3.0,0.0,9.0,0.0,No
CUST11297,Female,61,Bengaluru,24,Monthly,Standard,Fiber,,1154.03,26004.83,108.4,6.0,0.0,6.0,10.0,No
CUST11298,Female,53,Chennai,8,Monthly,Standard,DSL,,1131.62,9071.65,98.9,3.0,1.0,7.0,0.0,No
CUST11299,Male,65,Jaipur,16,Monthly,Standard,DSL,Credit Card,1005.27,,46.9,1.0,0.0,9.0,5.0,Yes
CUST11300,Male,21,Jaipur,12,Yearly,Basic,Fiber,UPI,1039.86,13016.15,143.9,1.0,1.0,6.0,0.0,No
CUST11301,Male,22,Bengaluru,22,Monthly,Basic,DSL,Debit Card,704.39,15034.34,76.6,2.0,0.0,6.0,0.0,No
CUST11302,Female,54,Delhi,3,Quarterly,Standard,,Debit Card,921.0,2632.93,6.2,2.0,1.0,6.0,0.0,Yes
CUST11303,Male,25,Pune,45,Monthly,Premium,DSL,Credit Card,1459.28,,101.6,1.0,1.0,6.0,0.0,No
CUST11304,Female,59,Bengaluru,31,Monthly,Standard,DSL,Debit Card,1104.3,30458.56,117.9,1.0,2.0,7.0,10.0,No
CUST11305,Female,66,Kochi,20,Quarterly,Premium,DSL,Bank Transfer,1369.38,27981.74,53.1,0.0,1.0,5.0,0.0,No
CUST11306,Female,45,Jaipur,72,Monthly,Basic,Fiber,Bank Transfer,753.32,49480.88,150.0,0.0,1.0,7.0,10.0,No
CUST11307,Female,48,Mumbai,59,Monthly,Standard,,Credit Card,774.9,41082.43,0.5,1.0,0.0,5.0,10.0,No
CUST11308,Female,26,Bengaluru,29,Monthly,Standard,DSL,Bank Transfer,1017.69,29762.44,52.6,4.0,0.0,6.0,0.0,No
CUST11309,Male,68,Bengaluru,21,Quarterly,Standard,Fiber,UPI,1184.01,25291.52,107.8,2.0,1.0,7.0,0.0,No
CUST11310,Male,46,Jaipur,17,Yearly,Premium,DSL,Debit Card,1411.28,21733.36,88.9,2.0,0.0,8.0,10.0,No
CUST11311,Female,31,Mumbai,16,Yearly,Premium,Fiber,UPI,1429.07,18003.98,185.4,1.0,1.0,8.0,20.0,No
CUST11312,Male,57,Hyderabad,12,Yearly,Standard,Fiber,UPI,1148.9,11855.75,129.8,1.0,1.0,6.0,5.0,No
CUST11313,Female,58,Hyderabad,12,Yearly,Standard,DSL,UPI,1053.16,12053.25,108.2,0.0,0.0,8.0,5.0,No
CUST11314,Female,39,,19,Yearly,Premium,DSL,UPI,1430.53,23500.63,66.6,2.0,,9.0,15.0,No
CUST11315,Male,28,Bengaluru,40,Quarterly,Standard,DSL,Cash,1020.05,34209.73,30.0,2.0,2.0,5.0,15.0,No
CUST11316,Male,40,Mumbai,19,Monthly,Premium,Fiber,Credit Card,1563.19,23846.3,284.7,3.0,2.0,8.0,20.0,Yes
CUST11317,Male,18,Jaipur,6,Monthly,Premium,Fiber,Cash,1604.51,9368.5,201.0,1.0,1.0,8.0,5.0,No
CUST11318,Male,63,Jaipur,16,Yearly,Standard,DSL,UPI,966.22,15685.06,108.2,0.0,0.0,,0.0,No
CUST11319,Male,54,Kolkata,9,Monthly,Standard,,UPI,830.38,6414.86,2.1,1.0,0.0,6.0,15.0,No
CUST11320,Female,38,Bengaluru,53,Monthly,Standard,DSL,Debit Card,1017.4,53422.52,112.5,4.0,1.0,7.0,0.0,No
CUST11321,Male,43,Delhi,3,Yearly,Basic,DSL,Credit Card,650.09,2455.77,154.6,4.0,0.0,7.0,5.0,Yes
CUST11322,Male,63,Pune,21,Monthly,Standard,Fiber,Debit Card,1185.48,22383.14,167.2,1.0,0.0,8.0,10.0,No
CUST11323,Male,53,Mumbai,9,Yearly,Basic,DSL,Credit Card,591.11,4519.46,119.3,2.0,1.0,7.0,10.0,No
CUST11324,Female,40,Jaipur,17,Quarterly,Standard,Fiber,Bank Transfer,1145.69,16708.13,129.0,2.0,1.0,7.0,10.0,Yes
CUST11325,Male,18,Pune,20,Monthly,Premium,Fiber,Credit Card,1626.95,32741.12,103.1,3.0,1.0,5.0,0.0,No
CUST11326,Female,68,Bengaluru,36,Quarterly,Basic,Fiber,Debit Card,932.95,26417.83,104.4,3.0,0.0,7.0,25.0,No
CUST11327,Male,57,Jaipur,15,Yearly,Basic,DSL,Credit Card,751.05,11148.04,83.1,5.0,0.0,8.0,0.0,No
CUST11328,Male,32,Kochi,20,Monthly,Standard,Fiber,Bank Transfer,1217.98,24115.96,209.4,3.0,0.0,7.0,0.0,No
CUST11329,Female,38,Bengaluru,45,Quarterly,Basic,Fiber,Debit Card,949.59,38452.1,202.5,1.0,1.0,7.0,10.0,No
CUST11330,Male,64,Chennai,45,Yearly,Standard,Fiber,Credit Card,1208.37,43463.57,129.3,2.0,0.0,8.0,20.0,No
CUST11331,Male,26,Delhi,71,Monthly,Standard,DSL,,1144.12,72925.48,124.7,0.0,0.0,7.0,10.0,No
CUST11332,Female,70,Delhi,10,Monthly,Basic,DSL,Debit Card,580.28,6260.27,,1.0,0.0,8.0,10.0,No
CUST11333,Male,26,Mumbai,72,Monthly,Basic,Fiber,Cash,965.98,66095.22,144.4,3.0,0.0,8.0,5.0,No
CUST11334,Female,27,Chennai,16,Monthly,Premium,Fiber,UPI,1426.03,22164.97,143.5,5.0,2.0,4.0,0.0,Yes
CUST11335,Female,69,Kochi,51,Monthly,Basic,Fiber,Bank Transfer,849.87,38420.2,196.4,3.0,0.0,,10.0,No
CUST11336,Female,70,Hyderabad,35,,Standard,Fiber,Debit Card,1258.44,42412.74,244.8,1.0,1.0,7.0,5.0,No
CUST11337,Female,43,Bengaluru,14,Monthly,Premium,Fiber,Debit Card,1649.61,18617.68,119.8,1.0,0.0,8.0,20.0,No
CUST11338,Female,58,Pune,63,Yearly,Premium,Fiber,Cash,1522.41,95736.03,134.4,1.0,0.0,6.0,0.0,No
CUST11339,Male,52,Delhi,48,Monthly,Basic,DSL,Debit Card,746.16,35598.27,108.9,,0.0,6.0,0.0,Yes
CUST11340,Male,69,Ahmedabad,7,Monthly,Standard,Fiber,Bank Transfer,1152.38,8011.9,100.8,1.0,1.0,,5.0,No
CUST11341,Male,42,Hyderabad,15,Quarterly,Standard,DSL,Credit Card,1117.79,15533.9,127.9,3.0,1.0,6.0,5.0,No
CUST11342,Female,43,Mumbai,32,Yearly,Standard,,UPI,843.81,25577.02,4.6,0.0,0.0,8.0,5.0,No
CUST11343,Female,28,Mumbai,6,Monthly,Standard,Fiber,Debit Card,,7253.27,247.3,1.0,1.0,5.0,0.0,No
CUST11344,Female,55,Kolkata,19,Monthly,Standard,Fiber,Cash,1230.54,23008.65,128.8,2.0,1.0,8.0,0.0,No
CUST11345,Female,19,Mumbai,40,Yearly,Basic,DSL,Bank Transfer,796.33,27711.13,115.0,2.0,2.0,5.0,15.0,No
CUST11346,Male,24,Kolkata,19,Monthly,Standard,Fiber,UPI,1184.39,20559.44,216.8,4.0,0.0,7.0,5.0,No
CUST11347,Male,35,Mumbai,24,Monthly,Standard,Fiber,Credit Card,1252.27,27068.12,232.7,0.0,1.0,8.0,10.0,No
CUST11348,Female,44,Delhi,38,Monthly,Standard,Fiber,Credit Card,1324.93,47868.05,163.2,2.0,1.0,8.0,5.0,Yes
CUST11349,Female,51,Hyderabad,27,Quarterly,Basic,,Debit Card,383.56,8258.53,4.1,1.0,1.0,7.0,10.0,No
CUST11350,Male,44,Kochi,19,Monthly,Basic,DSL,UPI,846.48,14103.47,126.8,4.0,0.0,5.0,10.0,No
CUST11351,Female,34,Jaipur,51,Quarterly,Premium,Fiber,UPI,1714.56,78996.58,197.5,1.0,,5.0,10.0,No
CUST11352,Female,60,Mumbai,22,Quarterly,Basic,Fiber,Bank Transfer,935.93,20230.08,175.8,1.0,1.0,9.0,0.0,No
CUST11353,Female,61,Delhi,20,Yearly,Basic,Fiber,Bank Transfer,875.0,15617.75,278.8,1.0,0.0,7.0,10.0,No
CUST11354,Male,68,Bengaluru,50,Monthly,Standard,Fiber,Bank Transfer,1075.31,53562.22,191.4,1.0,3.0,6.0,0.0,No
CUST11355,Male,41,Hyderabad,28,Monthly,Standard,Fiber,Cash,1203.4,30812.63,115.2,2.0,0.0,6.0,10.0,No
CUST11356,Female,42,Hyderabad,9,Monthly,Basic,DSL,Credit Card,717.8,6308.51,96.2,3.0,1.0,6.0,5.0,Yes
CUST11357,Male,24,Jaipur,10,Monthly,Standard,Fiber,Bank Transfer,1088.71,10662.08,140.2,0.0,0.0,10.0,0.0,No
CUST11358,Female,69,Jaipur,12,Quarterly,Standard,Fiber,Debit Card,1147.47,12034.31,168.6,4.0,1.0,6.0,10.0,Yes
CUST11359,Female,23,Delhi,39,Quarterly,Standard,Fiber,Cash,1196.81,47108.71,220.0,1.0,0.0,7.0,0.0,No
CUST11360,Male,70,Hyderabad,37,Quarterly,Premium,Fiber,UPI,1621.55,48070.01,225.3,1.0,2.0,8.0,20.0,Yes
CUST11361,Female,41,Jaipur,23,Yearly,Basic,,UPI,468.03,11268.41,3.8,2.0,0.0,4.0,0.0,No
CUST11362,Female,50,Ahmedabad,10,Yearly,Standard,Fiber,Bank Transfer,1009.59,7880.75,146.6,5.0,1.0,5.0,25.0,Yes
CUST11363,Male,66,Bengaluru,16,Monthly,Basic,Fiber,Cash,879.55,11735.11,150.0,1.0,0.0,7.0,5.0,Yes
CUST11364,Female,46,Delhi,47,Yearly,Standard,Fiber,Bank Transfer,1126.56,53484.43,177.6,3.0,1.0,6.0,0.0,No
CUST11365,Female,60,Hyderabad,19,Monthly,Standard,Fiber,Bank Transfer,1165.09,22199.14,129.4,1.0,0.0,6.0,0.0,No
CUST11366,Female,39,Mumbai,18,Quarterly,Basic,,Credit Card,386.25,7075.54,7.7,1.0,2.0,7.0,0.0,No
CUST11367,,43,Mumbai,13,Monthly,Standard,Fiber,Bank Transfer,,14263.36,173.5,2.0,1.0,6.0,0.0,No
CUST11368,Female,45,Bengaluru,40,Yearly,Basic,Fiber,Bank Transfer,929.79,36948.0,85.7,0.0,0.0,7.0,0.0,No
CUST11369,Male,67,Pune,11,Monthly,Basic,Fiber,Bank Transfer,864.53,9538.96,168.5,3.0,0.0,6.0,0.0,No
CUST11370,Female,38,Mumbai,34,Quarterly,Standard,DSL,Debit Card,1058.27,35339.63,130.8,1.0,0.0,5.0,0.0,No
CUST11371,Female,66,Bengaluru,14,Yearly,Standard,DSL,UPI,1026.47,14315.66,161.6,0.0,2.0,10.0,5.0,No
CUST11372,Female,24,Mumbai,30,Quarterly,Basic,DSL,Debit Card,592.31,17254.08,101.7,2.0,0.0,3.0,5.0,Yes
CUST11373,Female,34,Ahmedabad,25,Quarterly,Premium,Fiber,Credit Card,1606.48,35945.02,,0.0,0.0,8.0,10.0,No
CUST11374,Male,37,Ahmedabad,20,Monthly,Basic,,Cash,487.24,10651.69,1.3,4.0,1.0,6.0,0.0,No
CUST11375,Male,58,Hyderabad,16,Monthly,Basic,Fiber,Debit Card,794.02,10348.36,159.3,3.0,0.0,6.0,20.0,No
CUST11376,Female,66,Hyderabad,27,Yearly,Basic,Fiber,Debit Card,954.26,25162.94,173.9,0.0,0.0,8.0,5.0,No
CUST11377,Female,37,Kochi,25,Quarterly,Basic,DSL,Cash,771.55,16951.88,91.6,3.0,0.0,7.0,10.0,No
CUST11378,Female,39,Mumbai,13,Quarterly,Basic,Fiber,UPI,851.02,11302.29,158.7,1.0,1.0,6.0,0.0,Yes
CUST11379,Female,45,Mumbai,43,Monthly,Standard,Fiber,UPI,1187.59,46630.99,199.6,4.0,1.0,4.0,10.0,Yes
CUST11380,Female,57,Delhi,37,Monthly,Standard,Fiber,Debit Card,1212.83,43223.0,140.1,4.0,1.0,5.0,5.0,No
CUST11381,Female,66,Mumbai,10,Monthly,Standard,Fiber,Credit Card,1064.1,9017.28,195.5,1.0,1.0,4.0,20.0,No
CUST11382,Female,24,Delhi,11,Monthly,Premium,Fiber,Credit Card,1508.76,13899.25,227.1,2.0,1.0,6.0,20.0,No
CUST11383,Female,18,Jaipur,4,Monthly,Standard,DSL,Bank Transfer,962.58,4228.96,,3.0,3.0,5.0,10.0,Yes
CUST11384,Male,49,Pune,35,Monthly,Basic,Fiber,Debit Card,939.81,26805.49,186.8,2.0,0.0,7.0,15.0,Yes
CUST11385,Male,30,Hyderabad,17,Monthly,Basic,DSL,UPI,875.24,13178.05,99.2,4.0,3.0,7.0,10.0,No
CUST11386,Male,47,Jaipur,21,Quarterly,Basic,DSL,Credit Card,797.3,15872.11,105.6,5.0,1.0,6.0,0.0,No
CUST11387,Female,40,Bengaluru,11,Monthly,Standard,Fiber,UPI,1209.42,11108.86,192.4,2.0,1.0,7.0,10.0,No
CUST11388,Female,68,Mumbai,21,Quarterly,Basic,Fiber,,817.82,16913.52,220.8,1.0,0.0,7.0,0.0,No
CUST11389,,36,Chennai,26,Yearly,Standard,DSL,UPI,1109.25,25742.1,51.3,2.0,2.0,6.0,10.0,No
CUST11390,Male,49,Pune,7,Monthly,Standard,DSL,Bank Transfer,1021.0,7827.36,80.6,3.0,0.0,6.0,0.0,No
CUST11391,Female,47,Bengaluru,25,Yearly,Standard,Fiber,Debit Card,1119.08,27381.16,244.7,2.0,0.0,7.0,0.0,No
CUST11392,Male,46,Hyderabad,24,Yearly,Standard,Fiber,UPI,1257.81,28767.67,155.9,0.0,1.0,7.0,5.0,No
CUST11393,Female,66,Pune,49,Monthly,Basic,DSL,Credit Card,856.39,42761.82,95.7,4.0,3.0,6.0,0.0,No
CUST11394,Male,62,Pune,26,Monthly,Basic,DSL,Debit Card,809.1,18856.47,121.2,1.0,0.0,8.0,10.0,No
CUST11395,Male,46,Pune,10,Monthly,Standard,DSL,Credit Card,1240.28,12758.62,129.4,1.0,0.0,9.0,5.0,No
CUST11396,Male,47,Delhi,10,Quarterly,Basic,DSL,Credit Card,689.32,4232.25,118.1,1.0,1.0,8.0,25.0,No
CUST11397,Female,33,Bengaluru,24,Monthly,Basic,DSL,Cash,712.49,15820.14,137.9,1.0,0.0,8.0,5.0,No
CUST11398,Male,57,Hyderabad,16,Monthly,Standard,Fiber,Credit Card,1129.55,17036.98,266.3,1.0,0.0,9.0,10.0,No
CUST11399,Female,36,Bengaluru,33,Quarterly,Basic,DSL,Credit Card,679.06,18709.03,117.2,1.0,1.0,8.0,15.0,No
CUST11400,Female,35,Kochi,7,Monthly,Standard,,Bank Transfer,961.78,6612.54,3.7,2.0,1.0,6.0,0.0,No
CUST11401,Female,18,Hyderabad,36,Yearly,Basic,Fiber,Credit Card,811.37,25663.6,95.3,0.0,0.0,7.0,15.0,No
CUST11402,Female,31,Delhi,24,Monthly,Premium,DSL,UPI,1406.21,32393.8,95.3,1.0,0.0,7.0,5.0,No
CUST11403,Female,68,Kolkata,50,Yearly,Standard,Fiber,UPI,1300.86,64220.81,341.6,2.0,0.0,6.0,0.0,No
CUST11404,Male,64,Hyderabad,19,Monthly,Basic,Fiber,Cash,930.9,17995.7,191.3,0.0,2.0,7.0,0.0,Yes
CUST11405,Female,67,Delhi,10,Monthly,Standard,,Cash,768.73,6565.17,0.5,0.0,1.0,8.0,10.0,No
CUST11406,Female,19,Ahmedabad,9,Monthly,,Fiber,UPI,1193.54,10495.2,177.6,7.0,1.0,4.0,0.0,No
CUST11407,Female,45,Ahmedabad,26,Yearly,Standard,Fiber,Debit Card,1064.1,27619.91,210.6,3.0,3.0,5.0,0.0,No
CUST11408,Female,66,Pune,8,Monthly,Standard,Fiber,UPI,1183.92,8708.56,145.8,2.0,2.0,3.0,5.0,Yes
CUST11409,Female,67,Bengaluru,71,Quarterly,Standard,Fiber,Debit Card,1206.14,85880.89,197.9,1.0,2.0,6.0,0.0,No
CUST11410,Male,47,Chennai,19,Yearly,Standard,DSL,UPI,1061.28,17712.06,104.7,2.0,0.0,10.0,10.0,No
CUST11411,Male,55,Kolkata,53,Quarterly,Basic,Fiber,UPI,1050.2,55812.46,206.2,2.0,0.0,8.0,0.0,No
CUST11412,Female,68,Bengaluru,5,Monthly,Premium,Fiber,Bank Transfer,1659.46,8675.68,,4.0,0.0,8.0,0.0,No
CUST11413,Male,21,Mumbai,2,Yearly,,Fiber,Credit Card,806.35,1498.92,208.6,0.0,2.0,8.0,5.0,No
CUST11414,Male,18,Jaipur,12,Yearly,Basic,Fiber,UPI,908.7,10393.79,129.9,3.0,2.0,7.0,5.0,No
CUST11415,Female,25,Bengaluru,28,Monthly,Basic,DSL,Bank Transfer,744.77,17770.71,130.1,3.0,1.0,6.0,15.0,No
CUST11416,Male,46,Kolkata,23,Quarterly,Premium,DSL,Bank Transfer,1599.25,33168.85,30.3,3.0,1.0,5.0,10.0,No
CUST11417,Female,56,Hyderabad,14,Yearly,Standard,Fiber,Debit Card,1164.69,12992.95,163.6,3.0,0.0,8.0,20.0,No
CUST11418,Male,20,Hyderabad,27,Yearly,Standard,Fiber,Cash,1210.43,32605.94,149.0,0.0,0.0,7.0,0.0,No
CUST11419,Male,49,Bengaluru,18,Monthly,Premium,DSL,Credit Card,1471.37,23775.26,90.2,1.0,0.0,8.0,10.0,No
CUST11420,Male,27,Ahmedabad,8,Yearly,Premium,Fiber,UPI,1514.42,10996.86,115.9,0.0,2.0,9.0,10.0,No
CUST11421,Female,27,,58,Monthly,Standard,Fiber,UPI,1078.05,56058.03,158.5,4.0,2.0,,10.0,No
CUST11422,Male,36,Chennai,1,Monthly,Basic,DSL,Credit Card,731.88,475.67,135.2,1.0,1.0,7.0,25.0,No
CUST11423,Male,63,Pune,25,Monthly,Basic,Fiber,UPI,953.34,23137.67,191.1,3.0,2.0,7.0,5.0,No
CUST11424,Female,51,Pune,22,Monthly,Standard,Fiber,Debit Card,1094.96,23888.03,275.9,4.0,1.0,6.0,5.0,Yes
CUST11425,Female,50,Kochi,22,Quarterly,Standard,Fiber,UPI,1192.02,23521.31,151.8,5.0,1.0,5.0,15.0,No
CUST11426,Male,40,Chennai,41,Monthly,Standard,Fiber,Credit Card,1146.45,47071.35,146.4,6.0,0.0,6.0,0.0,Yes
CUST11427,Female,45,Delhi,9,Monthly,Standard,Fiber,UPI,1045.12,8890.51,174.9,1.0,1.0,6.0,0.0,No
CUST11428,Male,49,Kochi,9,Monthly,Standard,,Credit Card,868.65,7305.19,5.9,1.0,1.0,6.0,5.0,Yes
CUST11429,Male,67,Pune,41,Monthly,Basic,Fiber,Debit Card,932.74,38315.22,264.1,3.0,0.0,6.0,0.0,No
CUST11430,Female,24,Delhi,31,Yearly,Basic,DSL,Credit Card,803.63,24208.01,,3.0,1.0,6.0,5.0,No
CUST11431,Female,46,Bengaluru,51,Yearly,Standard,DSL,Credit Card,1112.66,42200.51,136.1,3.0,0.0,5.0,25.0,No
CUST11432,Female,25,Ahmedabad,18,Monthly,Basic,DSL,Cash,742.07,13295.24,52.3,5.0,0.0,6.0,0.0,No
CUST11433,Male,18,Delhi,18,Yearly,Standard,DSL,Bank Transfer,1082.04,17023.59,62.5,3.0,0.0,6.0,10.0,No
CUST11434,Female,20,Pune,38,Monthly,Standard,DSL,Credit Card,1065.03,41304.3,93.1,4.0,1.0,5.0,0.0,No
CUST11435,Male,41,Hyderabad,47,Quarterly,Premium,Fiber,Debit Card,1394.15,65796.39,248.7,2.0,0.0,7.0,0.0,No
CUST11436,Female,40,Mumbai,8,Yearly,Premium,DSL,Debit Card,1330.02,10462.77,138.2,2.0,2.0,5.0,0.0,No
CUST11437,Male,25,Chennai,69,Monthly,Standard,Fiber,UPI,1140.77,70873.86,258.8,1.0,1.0,8.0,10.0,No
CUST11438,Female,64,Bengaluru,15,Quarterly,Standard,DSL,UPI,1054.19,15137.91,107.2,2.0,1.0,9.0,0.0,No
CUST11439,Male,54,Hyderabad,25,Monthly,Basic,DSL,Debit Card,771.42,17584.29,94.8,2.0,0.0,8.0,10.0,No
CUST11440,Female,20,Chennai,31,Monthly,Standard,DSL,Credit Card,1102.17,30943.16,63.2,1.0,1.0,7.0,10.0,No
CUST11441,Male,68,Hyderabad,42,Quarterly,Standard,Fiber,UPI,1253.97,49147.73,192.1,2.0,0.0,8.0,5.0,No
CUST11442,Female,50,Kolkata,34,Yearly,Standard,DSL,UPI,1064.88,,104.9,1.0,0.0,7.0,0.0,No
CUST11443,Female,45,Ahmedabad,23,Monthly,Standard,Fiber,UPI,1239.38,28356.29,55.7,3.0,2.0,7.0,0.0,Yes
CUST11444,Male,64,Kolkata,34,Yearly,Basic,DSL,Cash,872.64,28041.72,107.7,1.0,1.0,8.0,5.0,No
CUST11445,Female,25,Bengaluru,16,Yearly,Premium,Fiber,UPI,1632.87,21953.73,219.9,0.0,0.0,9.0,15.0,No
CUST11446,Male,51,Mumbai,14,Monthly,Basic,DSL,UPI,747.32,9479.95,103.6,4.0,0.0,6.0,10.0,No
CUST11447,Male,52,Chennai,22,Monthly,Premium,DSL,Debit Card,1486.65,31768.14,100.1,3.0,0.0,7.0,5.0,Yes
CUST11448,Female,49,Jaipur,45,Quarterly,Standard,Fiber,Debit Card,1265.25,,105.3,4.0,2.0,6.0,20.0,No
CUST11449,Male,41,Ahmedabad,31,Monthly,Standard,Fiber,Debit Card,1323.96,41631.87,175.6,5.0,2.0,,0.0,No
CUST11450,Female,31,Ahmedabad,15,Monthly,Basic,Fiber,Credit Card,812.41,11759.06,88.0,2.0,1.0,7.0,5.0,Yes
CUST11451,Female,49,Delhi,20,Yearly,Basic,DSL,Credit Card,618.84,10979.55,139.4,3.0,0.0,5.0,10.0,No
CUST11452,Male,63,Hyderabad,39,Quarterly,Premium,DSL,Bank Transfer,1466.59,57108.42,108.4,2.0,0.0,8.0,0.0,No
CUST11453,Female,60,Hyderabad,26,Monthly,Premium,Fiber,UPI,1484.38,29346.79,123.0,2.0,0.0,7.0,25.0,No
CUST11454,Male,33,Bengaluru,24,Quarterly,Standard,Fiber,Credit Card,1180.06,27175.69,228.0,1.0,0.0,6.0,5.0,No
CUST11455,Male,21,Bengaluru,24,Monthly,Standard,DSL,Cash,1194.88,29343.7,175.1,2.0,0.0,6.0,0.0,No
CUST11456,Female,69,Kochi,8,Monthly,Standard,Fiber,UPI,1200.28,9605.73,160.1,1.0,3.0,7.0,0.0,Yes
CUST11457,Female,54,Mumbai,4,Yearly,Standard,,UPI,851.15,2536.66,4.8,3.0,2.0,5.0,5.0,No
CUST11458,Male,38,Mumbai,42,Yearly,Standard,Fiber,UPI,1167.96,44051.5,65.2,2.0,1.0,6.0,10.0,No
CUST11459,,31,Bengaluru,22,Monthly,Basic,Fiber,UPI,1020.4,16090.35,161.2,0.0,1.0,5.0,25.0,Yes
CUST11460,Female,48,Jaipur,24,Monthly,Premium,Fiber,UPI,1633.86,35224.1,151.3,4.0,0.0,7.0,10.0,No
CUST11461,Female,65,Chennai,16,Quarterly,Standard,Fiber,UPI,1162.56,16154.01,278.9,2.0,1.0,6.0,10.0,No
CUST11462,Female,35,Pune,52,Monthly,Basic,Fiber,UPI,1018.4,52910.23,127.2,1.0,0.0,8.0,0.0,No
CUST11463,Female,24,Jaipur,15,Monthly,Premium,Fiber,Credit Card,1614.81,24295.85,217.7,1.0,2.0,6.0,0.0,No
CUST11464,Male,27,Delhi,17,Monthly,Standard,Fiber,UPI,1166.8,17791.52,142.2,1.0,1.0,7.0,10.0,No
CUST11465,Female,24,Pune,42,Quarterly,Basic,DSL,Bank Transfer,582.95,20673.54,82.0,0.0,0.0,8.0,15.0,No
CUST11466,Male,50,Bengaluru,15,Monthly,Basic,DSL,Bank Transfer,760.99,10081.42,141.6,1.0,4.0,6.0,10.0,Yes
CUST11467,Male,40,Mumbai,25,Monthly,Standard,Fiber,Credit Card,1163.89,28209.17,113.2,5.0,1.0,6.0,5.0,No
CUST11468,Female,38,Ahmedabad,7,Monthly,Premium,DSL,Cash,1424.82,9117.37,101.9,1.0,3.0,7.0,10.0,No
CUST11469,Male,36,Kolkata,11,Monthly,Premium,,Debit Card,1220.33,11992.2,4.8,1.0,1.0,6.0,5.0,No
CUST11470,Female,65,Delhi,6,Monthly,Standard,,Bank Transfer,703.55,4287.76,5.4,1.0,0.0,9.0,0.0,No
CUST11471,Male,36,Delhi,23,Monthly,Basic,DSL,UPI,955.1,20529.44,116.4,2.0,,9.0,10.0,No
CUST11472,Female,53,Chennai,24,Monthly,Basic,DSL,Bank Transfer,694.5,15603.86,136.7,1.0,1.0,6.0,5.0,Yes
CUST11473,Male,46,Bengaluru,25,Yearly,Basic,Fiber,Cash,953.47,22452.54,144.6,2.0,0.0,5.0,5.0,No
CUST11474,Male,35,Mumbai,18,Monthly,Premium,Fiber,UPI,1582.49,25952.26,125.8,2.0,2.0,8.0,10.0,No
CUST11475,Female,19,Mumbai,19,Monthly,Premium,Fiber,Debit Card,1381.01,25811.6,130.4,2.0,0.0,6.0,0.0,Yes
CUST11476,Female,18,Mumbai,13,Yearly,Basic,DSL,Bank Transfer,738.14,8525.65,70.3,3.0,0.0,8.0,5.0,No
CUST11477,Male,64,Ahmedabad,16,Quarterly,Standard,DSL,Credit Card,1059.56,14475.18,94.6,3.0,2.0,,10.0,Yes
CUST11478,Male,22,Mumbai,7,Quarterly,Standard,Fiber,Credit Card,1156.39,8434.62,164.8,6.0,0.0,5.0,0.0,No
CUST11479,Female,37,Mumbai,27,Monthly,Basic,Fiber,UPI,1016.07,25125.25,114.8,4.0,1.0,6.0,10.0,No
CUST11480,Male,28,Hyderabad,35,Monthly,Standard,DSL,UPI,1193.36,39386.58,99.7,0.0,2.0,6.0,5.0,No
CUST11481,Female,59,Ahmedabad,19,Quarterly,Premium,Fiber,UPI,1622.97,25633.67,204.4,2.0,0.0,7.0,15.0,No
CUST11482,Male,19,Mumbai,19,Quarterly,Basic,Fiber,Debit Card,933.86,15516.86,173.9,0.0,0.0,9.0,15.0,No
CUST11483,Female,20,,23,Monthly,Premium,Fiber,Debit Card,1507.8,32882.58,140.8,1.0,2.0,7.0,5.0,Yes
CUST11484,Male,40,Delhi,51,Monthly,Basic,,Cash,457.5,22329.04,0.5,4.0,0.0,7.0,0.0,No
CUST11485,Female,29,,20,Yearly,Basic,Fiber,Debit Card,847.64,15443.44,224.4,0.0,1.0,9.0,10.0,No
CUST11486,Female,37,Chennai,21,Monthly,Basic,Fiber,UPI,1060.01,21292.88,222.1,0.0,0.0,8.0,,No
CUST11487,Male,22,Ahmedabad,72,Monthly,Premium,Fiber,UPI,1556.11,101530.17,174.4,2.0,1.0,10.0,10.0,No
CUST11488,Female,54,Kochi,18,Monthly,Standard,Fiber,Bank Transfer,1305.37,23916.34,130.5,3.0,3.0,6.0,0.0,No
CUST11489,Male,55,Ahmedabad,27,Yearly,Standard,Fiber,Credit Card,1142.2,28203.37,167.6,1.0,1.0,8.0,10.0,No
CUST11490,Female,47,Chennai,26,Yearly,Standard,Fiber,Bank Transfer,1123.02,27299.82,141.0,3.0,2.0,6.0,5.0,No
CUST11491,Female,26,Hyderabad,17,Quarterly,Standard,Fiber,UPI,1159.97,19043.06,35.2,1.0,0.0,8.0,0.0,Yes
CUST11492,Female,51,Bengaluru,28,Monthly,Premium,Fiber,Credit Card,1557.93,32972.82,167.0,3.0,2.0,6.0,25.0,Yes
CUST11493,Male,70,Kochi,6,Monthly,Standard,DSL,Credit Card,991.96,5663.4,92.4,2.0,1.0,8.0,5.0,No
CUST11494,Female,61,Delhi,19,Monthly,Premium,Fiber,UPI,1724.92,29819.32,140.1,1.0,0.0,5.0,10.0,Yes
CUST11495,Male,52,Bengaluru,11,Quarterly,Basic,DSL,Bank Transfer,745.67,7444.96,143.4,1.0,0.0,7.0,10.0,No
CUST11496,Female,69,,28,Quarterly,Standard,Fiber,Credit Card,1184.08,33876.56,265.0,2.0,1.0,5.0,0.0,No
CUST11497,Male,39,Delhi,6,Yearly,Standard,Fiber,Credit Card,1202.03,6275.37,114.8,0.0,0.0,,10.0,No
CUST11498,Male,61,Chennai,32,Monthly,Premium,DSL,Bank Transfer,1523.19,48763.04,108.6,0.0,0.0,6.0,0.0,No
CUST11499,Male,41,Chennai,1,Quarterly,Basic,Fiber,Credit Card,902.01,,162.6,3.0,1.0,5.0,15.0,Yes
CUST11500,Female,34,Hyderabad,27,Monthly,Standard,Fiber,UPI,1224.44,29316.4,205.3,3.0,0.0,6.0,10.0,No
CUST11501,Male,27,Ahmedabad,9,Monthly,Standard,Fiber,Cash,1281.41,12195.18,143.5,1.0,0.0,6.0,0.0,No
CUST11502,Female,47,Mumbai,14,Monthly,,DSL,UPI,964.48,12770.91,99.4,1.0,0.0,7.0,5.0,No
CUST11503,Male,63,Hyderabad,18,Monthly,Basic,DSL,Bank Transfer,682.98,12296.91,78.2,3.0,0.0,4.0,10.0,Yes
CUST11504,Male,40,Chennai,53,Yearly,Basic,Fiber,Bank Transfer,908.68,42672.28,180.9,4.0,0.0,8.0,10.0,Yes
CUST11505,Male,49,Pune,9,Monthly,Premium,DSL,UPI,1393.38,11334.98,97.5,2.0,3.0,7.0,10.0,Yes
CUST11506,Male,34,Kolkata,21,Yearly,Standard,,Credit Card,1181.43,24890.36,163.5,5.0,0.0,5.0,0.0,No
CUST11507,Female,67,Delhi,44,Monthly,Standard,,UPI,761.77,29113.65,6.8,3.0,0.0,7.0,15.0,No
CUST11508,Male,68,Pune,21,Monthly,Premium,Fiber,,1530.97,31709.45,224.2,1.0,0.0,8.0,0.0,No
CUST11509,Male,34,Bengaluru,30,Monthly,Basic,DSL,Bank Transfer,838.83,22350.39,81.5,6.0,1.0,4.0,10.0,Yes
CUST11510,Female,31,Jaipur,40,Monthly,Standard,Fiber,UPI,1170.65,46118.69,135.8,5.0,1.0,6.0,0.0,No
CUST11511,Male,26,,13,Monthly,Premium,Fiber,UPI,1563.3,21055.42,171.8,2.0,0.0,7.0,0.0,No
CUST11512,Male,57,Kolkata,15,Monthly,Premium,Fiber,Credit Card,1533.84,19846.0,113.9,4.0,3.0,6.0,10.0,No
CUST11513,Male,19,Bengaluru,9,Monthly,Standard,DSL,Debit Card,979.17,8873.06,49.4,4.0,1.0,5.0,0.0,Yes
CUST11514,Male,62,Mumbai,45,Yearly,Standard,DSL,Debit Card,967.0,,155.0,4.0,1.0,4.0,20.0,No
CUST11515,Female,42,Hyderabad,58,Quarterly,Standard,Fiber,Bank Transfer,1096.71,57817.13,257.9,0.0,0.0,9.0,10.0,No
CUST11516,Female,56,Jaipur,7,Quarterly,Premium,DSL,Debit Card,1393.7,8420.45,143.4,6.0,0.0,5.0,20.0,No
CUST11517,Male,26,Chennai,25,Monthly,Standard,DSL,Bank Transfer,1040.75,25574.64,122.1,2.0,0.0,7.0,5.0,Yes
CUST11518,Female,39,Jaipur,13,Monthly,Standard,DSL,UPI,1101.25,14402.84,117.8,0.0,0.0,8.0,0.0,Yes
CUST11519,Female,60,Hyderabad,14,Monthly,Basic,Fiber,Debit Card,893.24,11338.2,199.1,3.0,1.0,5.0,10.0,Yes
CUST11520,Male,63,Hyderabad,31,Yearly,Standard,Fiber,Credit Card,1119.4,34699.93,210.6,3.0,2.0,6.0,0.0,No
CUST11521,Female,21,Bengaluru,22,Monthly,Standard,Fiber,Cash,1156.69,24136.26,80.4,2.0,0.0,7.0,5.0,No
CUST11522,Male,43,Ahmedabad,29,Monthly,Standard,Fiber,Credit Card,1151.86,29757.3,224.7,4.0,2.0,5.0,10.0,Yes
CUST11523,Female,46,Mumbai,57,Quarterly,Standard,DSL,Cash,997.11,51843.07,69.2,0.0,1.0,9.0,10.0,No
CUST11524,Female,62,Jaipur,26,Monthly,Premium,DSL,Bank Transfer,1419.7,36648.83,29.7,2.0,1.0,6.0,0.0,No
CUST11525,Female,51,Jaipur,32,Yearly,Standard,DSL,Bank Transfer,1121.17,30354.62,56.3,2.0,0.0,6.0,15.0,No
CUST11526,Male,40,Kochi,40,Monthly,Basic,Fiber,Credit Card,953.9,35585.98,241.0,3.0,1.0,8.0,5.0,No
CUST11527,Female,54,Chennai,12,Monthly,Premium,DSL,Credit Card,1577.74,17454.72,,1.0,0.0,6.0,10.0,No
CUST11528,Male,28,Pune,34,Quarterly,Basic,Fiber,Debit Card,828.55,28967.0,213.5,4.0,2.0,6.0,0.0,No
CUST11529,Male,23,Kolkata,14,Monthly,Standard,,UPI,760.66,9001.29,2.1,2.0,1.0,8.0,5.0,No
CUST11530,Female,35,Bengaluru,8,Monthly,Premium,Fiber,Cash,1570.47,12081.2,192.6,2.0,1.0,7.0,10.0,Yes
CUST11531,Male,38,Chennai,28,Monthly,Basic,DSL,Bank Transfer,843.31,20439.85,88.3,2.0,1.0,5.0,15.0,No
CUST11532,Female,59,Bengaluru,8,Quarterly,Premium,DSL,Bank Transfer,1281.62,10375.52,110.0,5.0,0.0,5.0,5.0,No
CUST11533,Male,53,Hyderabad,22,Yearly,Standard,,Credit Card,859.11,17197.08,0.5,3.0,1.0,4.0,10.0,Yes
CUST11534,,58,Bengaluru,19,Quarterly,Standard,Fiber,UPI,1172.92,22585.73,159.8,4.0,1.0,7.0,0.0,No
CUST11535,Female,55,Mumbai,48,Yearly,Basic,,Debit Card,949.88,38921.2,160.1,1.0,2.0,8.0,15.0,No
CUST11536,Female,51,Delhi,8,Monthly,Standard,Fiber,Credit Card,1233.62,8382.42,171.8,4.0,0.0,7.0,10.0,No
CUST11537,Female,34,Hyderabad,26,Monthly,Premium,Fiber,Bank Transfer,1649.53,36394.06,187.2,3.0,3.0,6.0,15.0,Yes
CUST11538,Female,54,Pune,11,Monthly,Basic,DSL,Bank Transfer,789.21,8002.39,69.8,2.0,1.0,6.0,5.0,No
CUST11539,Male,42,Bengaluru,6,Quarterly,Standard,,UPI,1074.18,6988.03,3.6,2.0,0.0,6.0,0.0,No
CUST11540,Male,55,Hyderabad,3,Monthly,Basic,Fiber,Debit Card,1042.74,2837.08,156.2,2.0,0.0,5.0,5.0,Yes
CUST11541,Male,29,Mumbai,9,Quarterly,Basic,DSL,Debit Card,816.03,7221.35,178.1,6.0,0.0,6.0,5.0,No
CUST11542,Female,40,Chennai,8,Quarterly,Standard,DSL,Debit Card,,7545.46,,4.0,2.0,4.0,0.0,Yes
CUST11543,Male,70,Pune,3,Yearly,Basic,Fiber,Credit Card,869.94,3531.27,164.1,4.0,1.0,4.0,0.0,No
CUST11544,Female,59,Chennai,37,Monthly,Premium,Fiber,UPI,1691.93,53341.74,268.4,1.0,0.0,9.0,15.0,No
CUST11545,Male,39,Kolkata,43,Monthly,Standard,DSL,UPI,1145.03,48559.44,108.9,5.0,1.0,5.0,0.0,No
CUST11546,Female,38,Delhi,12,Monthly,,,Bank Transfer,781.94,8011.76,1.4,2.0,1.0,7.0,20.0,Yes
CUST11547,Male,44,Kolkata,15,Monthly,Basic,Fiber,UPI,740.07,11226.52,138.4,3.0,2.0,6.0,0.0,No
CUST11548,Male,48,Hyderabad,18,Yearly,Premium,Fiber,Bank Transfer,1453.44,20017.02,105.7,,0.0,8.0,25.0,No
CUST11549,Female,23,Hyderabad,39,Monthly,Basic,Fiber,Debit Card,993.81,30643.52,180.1,4.0,0.0,5.0,25.0,No
CUST11550,Male,44,Pune,40,Yearly,Standard,DSL,Cash,1158.83,44608.39,114.7,0.0,0.0,9.0,5.0,No
CUST11551,Female,57,Bengaluru,26,Yearly,Standard,Fiber,Cash,1201.38,23973.91,84.5,1.0,0.0,7.0,25.0,No
CUST11552,Male,51,Pune,25,Quarterly,Standard,Fiber,Debit Card,1225.91,25872.96,206.0,2.0,2.0,7.0,15.0,No
CUST11553,Male,29,Pune,14,Monthly,Standard,DSL,Credit Card,1192.59,16749.9,189.8,5.0,0.0,5.0,0.0,No
CUST11554,Female,62,Delhi,3,Monthly,Standard,DSL,Credit Card,1211.13,2728.47,94.3,4.0,2.0,5.0,20.0,No
CUST11555,Female,70,Bengaluru,17,Monthly,Basic,DSL,UPI,804.37,13019.11,175.2,3.0,0.0,8.0,0.0,No
CUST11556,Male,24,Bengaluru,44,Monthly,Standard,Fiber,UPI,1198.26,52508.9,,4.0,1.0,5.0,0.0,No
CUST11557,Male,27,Jaipur,13,Monthly,Standard,Fiber,Debit Card,1165.41,14202.91,,4.0,0.0,6.0,10.0,No
CUST11558,Male,62,Pune,16,Monthly,Standard,DSL,Bank Transfer,1027.48,16630.69,132.5,0.0,0.0,8.0,0.0,No
CUST11559,Male,34,Bengaluru,35,Quarterly,Basic,DSL,UPI,688.03,23497.76,89.5,2.0,1.0,5.0,0.0,No
CUST11560,Male,43,Delhi,16,Monthly,Basic,DSL,Credit Card,802.14,9571.75,114.1,1.0,0.0,7.0,25.0,Yes
CUST11561,Male,38,Chennai,18,Monthly,Basic,,Debit Card,539.49,6890.33,2.8,2.0,0.0,7.0,25.0,Yes
CUST11562,Female,45,Ahmedabad,35,Monthly,Basic,DSL,Cash,684.43,20594.9,83.3,1.0,0.0,8.0,15.0,No
CUST11563,Female,63,Bengaluru,3,Yearly,Standard,Fiber,UPI,1290.34,3335.4,208.0,1.0,0.0,7.0,5.0,No
CUST11564,Female,19,Mumbai,8,Quarterly,Standard,Fiber,UPI,1244.23,7685.57,169.9,1.0,1.0,5.0,20.0,No
CUST11565,Male,60,Jaipur,62,,Basic,DSL,Cash,770.61,47135.06,82.1,2.0,0.0,7.0,0.0,No
CUST11566,Male,18,Bengaluru,35,Quarterly,Standard,DSL,UPI,1037.15,29872.51,163.9,0.0,0.0,7.0,20.0,No
CUST11567,Male,68,Mumbai,38,Quarterly,Premium,Fiber,Debit Card,1636.57,59054.04,93.2,3.0,0.0,5.0,5.0,No
CUST11568,Female,70,Kochi,25,Yearly,Premium,DSL,Debit Card,1422.13,30163.63,48.5,3.0,1.0,7.0,15.0,No
CUST11569,Female,53,Pune,28,Monthly,Premium,Fiber,Credit Card,1821.53,46069.39,188.9,0.0,1.0,8.0,10.0,No
CUST11570,Male,68,Mumbai,13,Yearly,Basic,DSL,Credit Card,932.61,9296.2,98.8,3.0,0.0,7.0,25.0,No
CUST11571,Male,43,Bengaluru,70,Monthly,Basic,Fiber,Bank Transfer,834.62,49317.23,280.4,1.0,0.0,8.0,15.0,No
CUST11572,Female,46,Bengaluru,17,Yearly,Premium,Fiber,UPI,1579.22,21595.63,125.2,2.0,0.0,8.0,20.0,No
CUST11573,Female,38,Mumbai,39,Monthly,Basic,DSL,UPI,678.11,23847.72,61.3,1.0,0.0,8.0,10.0,No
CUST11574,Female,28,Jaipur,15,Yearly,Basic,Fiber,Credit Card,749.95,10072.69,292.9,5.0,1.0,8.0,15.0,No
CUST11575,,57,Hyderabad,13,Yearly,Standard,Fiber,Credit Card,1336.55,15144.8,203.0,2.0,0.0,9.0,15.0,No
CUST11576,Male,28,Kolkata,21,Monthly,Basic,Fiber,Debit Card,888.02,,116.2,3.0,0.0,7.0,0.0,No
CUST11577,Male,53,Jaipur,26,,Premium,DSL,Cash,1362.46,31893.64,69.0,3.0,1.0,4.0,10.0,No
CUST11578,Female,66,Hyderabad,46,Monthly,Standard,DSL,Cash,911.37,41816.88,93.9,2.0,1.0,9.0,0.0,No
CUST11579,Female,56,Mumbai,72,Monthly,Standard,,UPI,867.83,53165.62,4.8,4.0,0.0,6.0,15.0,No
CUST11580,Male,57,Chennai,10,Monthly,Premium,DSL,Credit Card,1478.66,14770.32,88.8,2.0,0.0,8.0,0.0,No
CUST11581,Male,52,Jaipur,32,Yearly,Basic,DSL,UPI,782.92,18869.49,143.2,1.0,0.0,8.0,25.0,No
CUST11582,Female,51,Ahmedabad,22,Monthly,Standard,Fiber,Cash,1285.62,26135.44,157.7,5.0,1.0,5.0,5.0,Yes
CUST11583,,64,Bengaluru,4,Quarterly,Standard,Fiber,Credit Card,,4766.8,129.4,0.0,0.0,7.0,0.0,Yes
CUST11584,Female,41,Pune,52,Quarterly,Standard,Fiber,Credit Card,1097.01,46353.98,248.6,2.0,0.0,7.0,20.0,Yes
CUST11585,Female,39,Chennai,16,Yearly,Basic,DSL,Bank Transfer,,10277.05,112.6,1.0,1.0,4.0,0.0,Yes
CUST11586,Male,22,Jaipur,15,Quarterly,Standard,DSL,Credit Card,1127.97,16004.03,176.3,1.0,1.0,6.0,5.0,No
CUST11587,Female,50,Bengaluru,52,Monthly,Premium,Fiber,UPI,1550.58,68641.19,142.6,3.0,0.0,,15.0,No
CUST11588,Male,53,Chennai,20,Monthly,Basic,Fiber,Credit Card,782.69,15567.85,213.3,3.0,1.0,6.0,0.0,No
CUST11589,Female,64,Jaipur,43,Monthly,Basic,Fiber,Debit Card,790.11,31993.47,156.7,3.0,1.0,7.0,5.0,No
CUST11590,Female,37,Hyderabad,18,Quarterly,Basic,Fiber,Bank Transfer,974.95,16254.52,102.4,2.0,3.0,5.0,10.0,No
CUST11591,Male,36,Hyderabad,29,Monthly,Standard,DSL,Debit Card,1123.55,23918.67,85.4,1.0,2.0,8.0,25.0,No
CUST11592,Female,52,Bengaluru,19,Monthly,Basic,DSL,UPI,760.26,13415.61,91.3,1.0,3.0,6.0,0.0,No
CUST11593,Male,69,Mumbai,11,Yearly,,DSL,Credit Card,1374.58,15764.74,27.8,3.0,2.0,6.0,0.0,No
CUST11594,Male,60,,30,Monthly,,Fiber,Bank Transfer,1194.96,33411.39,,0.0,0.0,,5.0,No
CUST11595,Female,34,Kochi,35,Quarterly,Standard,,Bank Transfer,837.23,,1.7,0.0,1.0,8.0,5.0,No
CUST11596,Male,62,Delhi,21,Monthly,Standard,Fiber,UPI,1164.76,23043.1,149.4,2.0,2.0,6.0,5.0,No
CUST11597,Male,60,Hyderabad,3,Monthly,Standard,Fiber,UPI,1254.71,4515.26,244.5,0.0,0.0,8.0,0.0,No
CUST11598,Male,51,Pune,8,Monthly,Standard,DSL,Debit Card,1011.6,7159.53,106.5,5.0,1.0,,10.0,Yes
CUST11599,Male,26,Mumbai,14,Monthly,Standard,Fiber,Debit Card,1243.22,13653.37,173.3,1.0,0.0,8.0,20.0,No
CUST11600,Male,43,Hyderabad,50,Yearly,Standard,,UPI,1226.71,61779.3,221.6,4.0,1.0,5.0,0.0,No
CUST11601,Male,19,Kolkata,20,Monthly,Basic,Fiber,,784.68,16313.49,128.2,2.0,1.0,,0.0,No
CUST11602,Female,70,Ahmedabad,49,Monthly,Basic,DSL,Cash,909.47,40917.44,96.5,1.0,0.0,8.0,10.0,No
CUST11603,Male,26,Pune,40,Quarterly,Basic,DSL,Debit Card,796.15,30590.01,111.0,0.0,0.0,8.0,0.0,Yes
CUST11604,Female,26,Pune,15,Quarterly,Standard,DSL,Credit Card,922.59,11465.0,81.5,5.0,2.0,4.0,10.0,No
CUST11605,Female,57,Bengaluru,24,Quarterly,Basic,DSL,Bank Transfer,635.05,14696.64,82.1,1.0,1.0,7.0,0.0,No
CUST11606,Male,34,Kochi,35,Yearly,Standard,Fiber,UPI,1326.73,43554.9,211.8,3.0,0.0,,5.0,No
CUST11607,Female,18,Bengaluru,12,Quarterly,Premium,Fiber,Credit Card,1614.38,18157.35,217.4,1.0,0.0,9.0,5.0,Yes
CUST11608,Female,42,Kolkata,33,Monthly,Basic,Fiber,Debit Card,944.86,31205.77,252.4,5.0,0.0,7.0,0.0,No
CUST11609,Male,60,Mumbai,31,Yearly,Standard,DSL,Credit Card,1081.03,28580.91,69.2,2.0,1.0,7.0,15.0,No
CUST11610,Male,57,,11,Monthly,Standard,Fiber,Cash,1286.99,11602.42,170.2,2.0,1.0,7.0,20.0,No
CUST11611,Male,59,Kolkata,29,Monthly,Standard,,UPI,940.55,25563.36,4.8,2.0,1.0,8.0,5.0,No
CUST11612,Female,42,Kolkata,20,Monthly,Standard,Fiber,UPI,1129.79,20291.2,185.5,2.0,2.0,6.0,10.0,Yes
CUST11613,Female,56,Mumbai,7,Monthly,Premium,DSL,Cash,1490.26,10400.53,46.1,3.0,1.0,7.0,0.0,Yes
CUST11614,Male,52,Hyderabad,14,Monthly,Basic,,UPI,437.6,5522.2,4.2,1.0,0.0,8.0,10.0,No
CUST11615,Male,20,Pune,14,Monthly,Basic,Fiber,Credit Card,812.97,9990.65,128.0,1.0,3.0,7.0,10.0,Yes
CUST11616,Female,67,Kolkata,55,Monthly,Standard,DSL,Debit Card,1025.73,56521.51,83.8,3.0,0.0,5.0,0.0,No
CUST11617,Female,54,Bengaluru,9,Yearly,Standard,Fiber,Cash,1063.96,9056.99,121.5,4.0,3.0,5.0,0.0,Yes
CUST11618,Female,61,Kochi,13,Yearly,Basic,Fiber,Debit Card,837.79,11751.55,168.4,4.0,3.0,4.0,0.0,Yes
CUST11619,Female,61,Jaipur,27,Quarterly,Basic,Fiber,Credit Card,726.21,19168.23,171.8,0.0,0.0,10.0,0.0,No
CUST11620,Male,68,Mumbai,22,Yearly,Standard,DSL,Debit Card,1048.4,20956.01,73.1,5.0,1.0,4.0,10.0,No
CUST11621,Female,47,Ahmedabad,18,Monthly,Basic,Fiber,Cash,1031.41,14690.07,229.8,3.0,0.0,5.0,20.0,Yes
CUST11622,Female,55,Chennai,18,Yearly,Premium,Fiber,Bank Transfer,1602.56,24273.4,199.7,3.0,3.0,4.0,15.0,Yes
CUST11623,Female,51,Hyderabad,38,Monthly,Standard,,UPI,852.79,30029.69,7.3,1.0,0.0,7.0,5.0,No
CUST11624,Female,29,Delhi,12,Monthly,Basic,Fiber,Bank Transfer,871.25,9661.37,229.9,2.0,0.0,8.0,5.0,No
CUST11625,Male,36,Chennai,9,Monthly,Standard,Fiber,Bank Transfer,1278.15,10807.04,173.7,3.0,1.0,8.0,5.0,No
CUST11626,Male,54,Kolkata,3,Monthly,Basic,,Debit Card,545.86,1184.42,3.2,2.0,2.0,6.0,10.0,No
CUST11627,Female,61,Hyderabad,15,Monthly,Standard,Fiber,Debit Card,,16184.19,124.0,2.0,1.0,6.0,5.0,No
CUST11628,Female,66,Pune,7,Monthly,Standard,Fiber,Credit Card,1213.57,9330.74,,3.0,3.0,7.0,0.0,No
CUST11629,Male,34,Pune,17,Monthly,Standard,DSL,Debit Card,1174.2,17929.88,96.4,1.0,0.0,9.0,10.0,No
CUST11630,Male,27,Kolkata,4,Monthly,Standard,Fiber,Bank Transfer,1085.81,4381.92,183.2,5.0,0.0,4.0,5.0,Yes
CUST11631,Female,66,Bengaluru,17,Monthly,Basic,Fiber,UPI,824.72,14639.82,231.0,5.0,0.0,5.0,0.0,No
CUST11632,Female,64,Ahmedabad,26,Yearly,Premium,Fiber,UPI,1591.65,40848.04,67.6,3.0,1.0,7.0,0.0,No
CUST11633,Male,29,Hyderabad,21,Monthly,Standard,DSL,UPI,1021.96,22347.62,134.8,3.0,0.0,7.0,0.0,No
CUST11634,Male,33,,32,Monthly,Basic,Fiber,Bank Transfer,933.6,27721.77,137.7,5.0,0.0,8.0,5.0,Yes
CUST11635,Male,41,Mumbai,42,Quarterly,Basic,Fiber,Debit Card,821.36,32771.65,158.8,2.0,1.0,6.0,5.0,No
CUST11636,Male,36,Hyderabad,25,Yearly,Basic,Fiber,Credit Card,857.62,21777.61,160.8,4.0,0.0,5.0,0.0,Yes
CUST11637,Male,25,Jaipur,21,Monthly,Basic,Fiber,Bank Transfer,904.2,19760.98,145.3,1.0,0.0,7.0,0.0,No
CUST11638,Male,48,Delhi,28,Yearly,Standard,DSL,Bank Transfer,1056.94,,30.0,2.0,0.0,8.0,0.0,No
CUST11639,Female,38,Kolkata,26,Monthly,Basic,Fiber,,1108.27,23103.68,166.9,3.0,1.0,6.0,20.0,No
CUST11640,Male,34,Bengaluru,35,Monthly,Premium,DSL,UPI,1512.66,53758.24,161.0,2.0,1.0,9.0,0.0,No
CUST11641,Male,40,Hyderabad,22,Monthly,Basic,Fiber,,776.75,16336.68,267.2,0.0,0.0,9.0,0.0,No
CUST11642,Male,54,Kochi,8,Quarterly,Basic,Fiber,Bank Transfer,818.77,5391.95,139.6,0.0,0.0,7.0,10.0,No
CUST11643,Male,33,Kolkata,41,Monthly,Basic,Fiber,UPI,791.07,31821.51,280.9,1.0,1.0,8.0,0.0,No
CUST11644,Female,23,Mumbai,5,Quarterly,Basic,Fiber,Credit Card,1029.12,4088.66,210.0,0.0,0.0,9.0,10.0,No
CUST11645,Female,25,Hyderabad,33,Monthly,Premium,Fiber,Credit Card,1514.47,,94.6,3.0,0.0,8.0,0.0,No
CUST11646,Male,42,Mumbai,27,Quarterly,Standard,DSL,Bank Transfer,1096.99,22830.44,77.5,3.0,0.0,5.0,25.0,No
CUST11647,Female,35,Hyderabad,28,Monthly,Basic,DSL,Credit Card,788.97,17328.48,137.1,0.0,2.0,8.0,25.0,No
CUST11648,Female,42,Kolkata,22,Monthly,Premium,Fiber,Credit Card,1482.74,29548.53,178.8,1.0,0.0,6.0,10.0,No
CUST11649,Female,29,Kolkata,13,Quarterly,Premium,DSL,Credit Card,1416.49,17063.15,112.8,3.0,0.0,,10.0,Yes
CUST11650,Female,32,Mumbai,20,Quarterly,Standard,,UPI,828.85,16156.89,2.2,2.0,1.0,6.0,5.0,No
CUST11651,Female,43,Jaipur,45,Monthly,Premium,Fiber,Cash,1473.52,49732.18,124.0,5.0,1.0,6.0,25.0,Yes
CUST11652,Female,58,Chennai,29,Yearly,Standard,Fiber,Credit Card,1342.8,37457.5,246.8,2.0,0.0,8.0,5.0,No
CUST11653,Male,62,Delhi,29,Quarterly,Standard,DSL,Debit Card,1063.63,31223.88,77.3,6.0,2.0,4.0,0.0,Yes
CUST11654,Male,43,Hyderabad,45,Monthly,Standard,Fiber,UPI,1327.45,60058.46,130.9,0.0,0.0,9.0,0.0,No
CUST11655,Male,64,Chennai,49,Yearly,Basic,DSL,Credit Card,926.64,45450.08,59.8,1.0,1.0,9.0,0.0,No
CUST11656,Male,49,Chennai,34,Quarterly,Standard,,Cash,862.77,26494.44,7.3,3.0,0.0,7.0,10.0,No
CUST11657,Male,27,Hyderabad,66,Monthly,Premium,Fiber,Cash,1629.89,107487.95,224.8,7.0,1.0,6.0,0.0,No
CUST11658,Female,33,Hyderabad,28,Monthly,Standard,DSL,Credit Card,986.98,23991.97,61.8,,0.0,7.0,10.0,Yes
CUST11659,Male,24,Mumbai,34,Monthly,Premium,Fiber,UPI,1706.69,55094.12,175.9,2.0,0.0,5.0,,No
CUST11660,Male,34,Ahmedabad,39,Monthly,Standard,Fiber,Credit Card,1196.17,37347.44,115.6,1.0,3.0,5.0,20.0,Yes
CUST11661,,40,Chennai,47,Monthly,Standard,Fiber,Credit Card,1166.13,48880.25,179.3,4.0,0.0,6.0,10.0,No
CUST11662,Female,43,Bengaluru,11,Monthly,Standard,Fiber,Debit Card,1138.59,11032.41,143.0,2.0,3.0,7.0,10.0,Yes
CUST11663,Male,38,Kolkata,7,,Standard,Fiber,Credit Card,1205.86,7947.41,170.2,4.0,,,10.0,Yes
CUST11664,Female,39,Jaipur,8,Monthly,Standard,Fiber,Bank Transfer,1249.72,8436.56,306.2,2.0,0.0,7.0,20.0,No
CUST11665,Female,24,,15,Yearly,Basic,DSL,Bank Transfer,766.29,10664.15,96.4,1.0,0.0,10.0,0.0,No
CUST11666,Female,31,Delhi,40,Monthly,Basic,Fiber,UPI,937.0,37132.02,119.0,2.0,0.0,7.0,0.0,No
CUST11667,Female,32,Bengaluru,18,Monthly,Premium,Fiber,Bank Transfer,1582.75,26038.64,248.4,5.0,0.0,8.0,10.0,Yes
CUST11668,Male,70,Chennai,20,Quarterly,Basic,Fiber,Bank Transfer,940.39,15354.2,253.9,1.0,0.0,6.0,15.0,Yes
CUST11669,Female,24,Bengaluru,7,Quarterly,Standard,Fiber,Debit Card,1237.93,8167.03,258.9,5.0,1.0,3.0,5.0,No
CUST11670,Male,26,Jaipur,8,Monthly,Standard,Fiber,Cash,1297.19,9236.05,153.8,0.0,1.0,6.0,5.0,No
CUST11671,Male,68,Mumbai,15,Monthly,Standard,DSL,Bank Transfer,1114.5,16272.81,84.4,1.0,1.0,8.0,0.0,No
CUST11672,Female,65,Mumbai,12,Monthly,Standard,Fiber,Debit Card,1212.37,14724.83,110.6,2.0,0.0,7.0,0.0,No
CUST11673,Female,25,Hyderabad,35,Quarterly,Standard,DSL,Cash,1083.18,30642.82,77.2,0.0,0.0,8.0,20.0,No
CUST11674,Female,67,Delhi,7,Monthly,Premium,Fiber,Debit Card,1507.89,11079.09,186.8,3.0,0.0,9.0,0.0,No
CUST11675,Male,40,Ahmedabad,9,Quarterly,Standard,DSL,Debit Card,1152.23,10731.35,89.6,1.0,0.0,9.0,10.0,No
CUST11676,Female,46,Hyderabad,26,Quarterly,Standard,Fiber,Credit Card,1180.04,25984.11,271.0,2.0,0.0,8.0,15.0,No
CUST11677,Female,35,Mumbai,18,Monthly,Premium,Fiber,Bank Transfer,1590.02,28551.07,142.7,2.0,0.0,8.0,,No
CUST11678,Female,48,Mumbai,17,Monthly,Premium,DSL,UPI,1411.73,,184.6,1.0,2.0,7.0,0.0,Yes
CUST11679,Female,47,Hyderabad,40,Monthly,Premium,Fiber,Credit Card,1529.06,61725.49,122.4,6.0,0.0,6.0,0.0,No
CUST11680,Female,69,Bengaluru,17,Monthly,Standard,DSL,Debit Card,984.6,15336.69,136.2,4.0,1.0,,10.0,Yes
CUST11681,Male,56,Pune,22,Monthly,Basic,DSL,Debit Card,663.79,14410.77,67.0,4.0,1.0,5.0,0.0,Yes
CUST11682,Female,52,Chennai,15,Monthly,Basic,Fiber,Debit Card,880.85,13583.34,141.7,2.0,2.0,6.0,0.0,No
CUST11683,Female,35,Kolkata,20,Quarterly,Premium,DSL,Credit Card,1516.67,30038.9,117.1,1.0,0.0,8.0,0.0,No
CUST11684,Female,59,Jaipur,36,Monthly,Premium,DSL,UPI,1448.19,51805.06,130.1,4.0,0.0,7.0,0.0,No
CUST11685,Male,56,Jaipur,16,Yearly,Standard,Fiber,Bank Transfer,1253.07,20187.65,207.7,2.0,1.0,8.0,0.0,No
CUST11686,Female,34,Kochi,24,Monthly,Basic,Fiber,Debit Card,938.5,23558.45,278.3,1.0,1.0,10.0,0.0,No
CUST11687,Male,31,Mumbai,16,Monthly,Standard,DSL,Bank Transfer,1014.12,16083.82,71.0,1.0,0.0,10.0,0.0,No
CUST11688,Male,48,Bengaluru,3,Quarterly,Basic,Fiber,UPI,999.05,2726.77,182.2,3.0,0.0,8.0,10.0,Yes
CUST11689,Female,41,Delhi,12,Yearly,Standard,Fiber,Debit Card,1279.94,14571.22,191.6,3.0,2.0,4.0,0.0,Yes
CUST11690,Female,52,Jaipur,14,Monthly,Standard,DSL,Bank Transfer,1115.7,13605.26,114.4,1.0,0.0,9.0,10.0,No
CUST11691,Female,61,Kochi,22,Quarterly,Premium,DSL,Credit Card,1483.27,29550.57,58.8,4.0,0.0,8.0,10.0,No
CUST11692,Male,62,Ahmedabad,31,Yearly,Basic,DSL,Bank Transfer,722.82,18165.37,105.9,4.0,2.0,6.0,20.0,No
CUST11693,,51,Bengaluru,18,Quarterly,Standard,DSL,UPI,1022.64,19377.69,76.9,2.0,0.0,5.0,0.0,No
CUST11694,Male,20,Kochi,16,Monthly,Standard,Fiber,Debit Card,1197.61,18638.3,195.8,2.0,1.0,7.0,0.0,No
CUST11695,Male,54,Hyderabad,25,Yearly,Standard,Fiber,Debit Card,1310.23,27911.21,211.6,1.0,0.0,9.0,15.0,No
CUST11696,Male,60,Bengaluru,21,Quarterly,Standard,DSL,Debit Card,1139.42,20111.84,46.9,3.0,1.0,7.0,15.0,No
CUST11697,Male,57,Hyderabad,7,Quarterly,Premium,Fiber,Debit Card,1484.59,10534.33,316.7,3.0,1.0,6.0,0.0,Yes
CUST11698,Female,43,Bengaluru,50,Quarterly,Basic,DSL,UPI,770.77,38270.87,49.8,1.0,1.0,7.0,0.0,No
CUST11699,Female,40,Chennai,17,Yearly,Basic,Fiber,Debit Card,701.03,9262.92,145.6,1.0,0.0,9.0,15.0,No
CUST11700,Male,61,Delhi,21,Monthly,Standard,Fiber,Credit Card,,24779.36,204.4,2.0,1.0,7.0,0.0,No
CUST11701,Female,56,Hyderabad,6,Monthly,Standard,DSL,Credit Card,995.83,4408.94,47.1,4.0,1.0,7.0,20.0,No
CUST11702,Female,32,Pune,41,Monthly,Basic,Fiber,Credit Card,944.49,28926.15,93.4,0.0,0.0,9.0,25.0,No
CUST11703,Male,66,Ahmedabad,15,Monthly,Standard,Fiber,Credit Card,1112.95,16728.08,223.8,1.0,0.0,7.0,0.0,No
CUST11704,Male,21,Pune,53,Monthly,Standard,Fiber,Debit Card,1077.73,48538.9,154.9,2.0,0.0,8.0,15.0,No
CUST11705,Female,46,Hyderabad,20,Quarterly,Basic,Fiber,Bank Transfer,860.09,14856.74,248.1,5.0,0.0,7.0,5.0,No
CUST11706,Male,39,Ahmedabad,30,Monthly,Basic,Fiber,Credit Card,899.37,22137.52,,3.0,0.0,7.0,15.0,No
CUST11707,Male,42,Jaipur,16,Quarterly,Premium,Fiber,Credit Card,1460.89,22066.88,167.1,4.0,0.0,7.0,5.0,No
CUST11708,Female,30,Bengaluru,8,Yearly,Standard,DSL,Credit Card,1141.02,10279.94,106.0,3.0,1.0,5.0,0.0,No
CUST11709,Male,35,Chennai,27,Monthly,Basic,DSL,Debit Card,733.89,17366.94,115.9,2.0,1.0,6.0,10.0,No
CUST11710,Female,50,Delhi,27,Yearly,Basic,Fiber,Credit Card,902.02,24167.52,106.5,2.0,0.0,7.0,0.0,No
CUST11711,Female,33,Bengaluru,2,Monthly,Standard,Fiber,Credit Card,1288.21,2733.72,,1.0,0.0,6.0,20.0,No
CUST11712,Female,62,Pune,7,Yearly,Basic,DSL,Debit Card,691.37,4949.72,129.3,2.0,0.0,7.0,5.0,No
CUST11713,Female,59,Ahmedabad,41,Yearly,Premium,DSL,UPI,1568.5,64520.24,97.1,1.0,1.0,9.0,0.0,No
CUST11714,Female,61,Mumbai,15,Monthly,Standard,Fiber,UPI,1200.44,18067.25,172.2,4.0,1.0,6.0,,Yes
CUST11715,Male,19,Ahmedabad,32,Monthly,Standard,Fiber,UPI,1263.36,33411.65,221.8,3.0,0.0,8.0,15.0,No
CUST11716,Male,52,Ahmedabad,68,Monthly,Premium,Fiber,,,110425.35,197.1,1.0,1.0,8.0,0.0,No
CUST11717,Male,59,Jaipur,28,Yearly,Standard,Fiber,UPI,1254.96,29410.32,157.3,5.0,0.0,8.0,15.0,No
CUST11718,Male,51,Mumbai,20,Yearly,Basic,DSL,Debit Card,756.08,14922.03,75.6,0.0,1.0,8.0,0.0,No
CUST11719,Female,47,Jaipur,12,Monthly,Standard,,UPI,812.55,9866.44,7.3,1.0,0.0,7.0,5.0,No
CUST11720,Female,30,Delhi,25,Quarterly,Standard,DSL,Credit Card,1205.1,24118.18,45.3,2.0,1.0,8.0,20.0,No
CUST11721,Male,30,Chennai,27,Monthly,Basic,,UPI,,14488.34,8.2,2.0,1.0,5.0,0.0,No
CUST11722,Female,35,Bengaluru,22,Monthly,Basic,Fiber,Debit Card,812.19,17727.83,161.3,2.0,2.0,7.0,0.0,No
CUST11723,Male,49,Bengaluru,33,Yearly,Standard,DSL,Bank Transfer,1167.5,31509.25,153.3,3.0,2.0,4.0,20.0,No
CUST11724,Male,49,Kolkata,8,Monthly,Basic,Fiber,Debit Card,875.14,6364.8,,2.0,0.0,6.0,10.0,Yes
CUST11725,Male,52,Hyderabad,22,Yearly,Standard,Fiber,Debit Card,1062.14,21364.13,143.8,3.0,0.0,7.0,10.0,No
CUST11726,Female,56,Mumbai,20,Yearly,Standard,DSL,Debit Card,984.06,16486.97,63.3,3.0,1.0,5.0,15.0,No
CUST11727,Female,63,Mumbai,14,Yearly,Standard,Fiber,UPI,1043.35,12912.79,171.4,1.0,3.0,,5.0,No
CUST11728,Female,69,Pune,27,Monthly,Standard,Fiber,UPI,1137.74,26438.14,,2.0,0.0,6.0,15.0,Yes
CUST11729,Female,46,Bengaluru,8,Monthly,Standard,DSL,UPI,1190.65,8734.07,63.9,2.0,0.0,8.0,10.0,No
CUST11730,Male,66,Ahmedabad,12,Monthly,Basic,Fiber,UPI,936.72,10600.33,178.6,0.0,0.0,9.0,10.0,No
CUST11731,Female,46,Bengaluru,16,Quarterly,Basic,DSL,UPI,749.62,12035.97,135.9,2.0,1.0,7.0,0.0,Yes
CUST11732,Female,70,Mumbai,18,Quarterly,Basic,Fiber,,853.81,13504.81,152.0,1.0,2.0,9.0,20.0,No
CUST11733,Female,61,Delhi,28,Monthly,Basic,DSL,UPI,738.95,17116.03,119.7,0.0,1.0,7.0,15.0,No
CUST11734,Male,33,Hyderabad,30,Quarterly,Standard,Fiber,,1289.18,38131.72,130.9,1.0,0.0,6.0,0.0,Yes
CUST11735,Male,61,Delhi,11,Monthly,Standard,Fiber,Bank Transfer,1053.78,10340.65,245.6,2.0,1.0,5.0,10.0,Yes
CUST11736,Female,64,Delhi,53,Monthly,Standard,Fiber,Cash,1435.15,72112.3,203.3,3.0,0.0,6.0,5.0,No
CUST11737,Female,27,Kochi,27,Monthly,Premium,DSL,UPI,1379.39,33421.62,60.9,3.0,0.0,7.0,10.0,No
CUST11738,Female,47,Pune,62,Monthly,Premium,DSL,Bank Transfer,1430.04,66447.75,39.8,3.0,3.0,8.0,25.0,Yes
CUST11739,Female,42,Bengaluru,47,Monthly,Premium,Fiber,Bank Transfer,1587.22,74438.65,161.9,2.0,1.0,6.0,0.0,Yes
CUST11740,Male,56,Hyderabad,14,Monthly,Premium,Fiber,Cash,1585.12,16371.2,140.3,2.0,0.0,6.0,25.0,Yes
CUST11741,Female,37,Jaipur,8,Yearly,Standard,Fiber,Debit Card,1146.26,8674.76,134.2,0.0,0.0,9.0,0.0,No
CUST11742,Female,22,Delhi,6,Quarterly,Standard,DSL,Bank Transfer,1119.98,6661.93,111.3,4.0,0.0,6.0,5.0,No
CUST11743,Female,18,Bengaluru,3,Monthly,Basic,Fiber,UPI,991.27,3421.0,185.1,1.0,2.0,6.0,5.0,Yes
CUST11744,Male,47,Kolkata,24,Quarterly,Standard,Fiber,UPI,1276.42,32281.46,218.4,3.0,0.0,7.0,0.0,No
CUST11745,Male,66,Chennai,13,Quarterly,Standard,DSL,UPI,1057.13,12552.88,88.3,0.0,2.0,6.0,10.0,No
CUST11746,Female,20,Chennai,31,Monthly,Standard,DSL,Cash,1002.85,26989.54,,4.0,1.0,,15.0,Yes
CUST11747,,62,Bengaluru,14,Quarterly,Standard,Fiber,UPI,1185.16,16700.71,93.5,2.0,0.0,6.0,0.0,Yes
CUST11748,Female,31,Bengaluru,11,Quarterly,Standard,Fiber,UPI,1193.08,13476.97,227.0,0.0,1.0,9.0,0.0,Yes
CUST11749,Female,47,Pune,30,Quarterly,Standard,DSL,Cash,971.57,26196.35,59.2,3.0,1.0,7.0,10.0,No
CUST11750,Female,67,Mumbai,72,Quarterly,Standard,DSL,UPI,1064.25,64987.79,113.9,1.0,1.0,7.0,15.0,No
CUST11751,Male,21,Hyderabad,46,Quarterly,Standard,Fiber,Bank Transfer,1343.96,46248.1,222.0,3.0,1.0,6.0,25.0,No
CUST11752,Male,35,Chennai,30,Monthly,Premium,Fiber,Bank Transfer,1586.42,48540.9,325.7,0.0,0.0,8.0,0.0,No
CUST11753,Male,54,Delhi,43,Yearly,Premium,Fiber,UPI,1639.99,57307.06,145.7,5.0,3.0,4.0,20.0,No
CUST11754,Female,42,Kochi,28,Monthly,Standard,DSL,UPI,997.45,26113.34,96.5,2.0,0.0,5.0,5.0,No
CUST11755,Male,65,Ahmedabad,2,Yearly,Basic,DSL,Debit Card,820.86,1891.76,99.0,1.0,0.0,7.0,0.0,No
CUST11756,Male,18,Kolkata,33,Monthly,Premium,Fiber,Cash,1547.38,38166.66,168.7,6.0,1.0,5.0,25.0,No
CUST11757,Male,70,Bengaluru,29,Monthly,Basic,Fiber,Bank Transfer,866.94,26037.84,,2.0,2.0,7.0,0.0,No
CUST11758,Female,63,Bengaluru,38,Quarterly,Premium,Fiber,Credit Card,1641.39,55542.07,140.5,2.0,2.0,6.0,10.0,No
CUST11759,Female,32,Hyderabad,13,Monthly,Basic,DSL,Credit Card,670.74,7980.75,104.3,2.0,1.0,6.0,15.0,No
CUST11760,Male,26,Mumbai,42,Yearly,Standard,,Credit Card,1234.6,49310.61,229.1,7.0,0.0,5.0,5.0,Yes
CUST11761,Female,32,Kochi,8,Monthly,Standard,Fiber,Bank Transfer,1284.09,8317.83,212.1,2.0,2.0,7.0,10.0,No
CUST11762,Male,66,Bengaluru,23,Quarterly,Standard,DSL,Credit Card,1063.03,22965.58,130.9,0.0,3.0,6.0,10.0,No
CUST11763,Male,41,Hyderabad,21,Monthly,Standard,DSL,UPI,1119.5,22644.02,53.1,3.0,0.0,5.0,0.0,Yes
CUST11764,Male,21,Delhi,1,Monthly,Standard,DSL,Bank Transfer,946.67,294.59,60.9,0.0,0.0,7.0,15.0,No
CUST11765,Male,29,Pune,14,Monthly,Standard,Fiber,Credit Card,1235.86,13220.01,256.0,5.0,0.0,7.0,20.0,No
CUST11766,Female,54,Bengaluru,29,Quarterly,Basic,DSL,UPI,713.51,20308.01,50.6,4.0,1.0,6.0,5.0,No
CUST11767,Female,54,Hyderabad,14,Quarterly,Standard,DSL,Bank Transfer,1080.83,11043.87,,2.0,1.0,8.0,25.0,No
CUST11768,Female,60,Mumbai,50,Quarterly,Basic,DSL,Debit Card,876.54,41054.19,90.3,5.0,0.0,6.0,5.0,No
CUST11769,Female,23,Jaipur,24,Yearly,Standard,Fiber,Credit Card,961.21,22222.1,,2.0,0.0,7.0,5.0,No
CUST11770,Male,56,Bengaluru,17,Quarterly,Basic,,Debit Card,850.34,12455.9,196.6,0.0,0.0,5.0,10.0,No
CUST11771,Female,63,Jaipur,42,Yearly,Standard,DSL,Credit Card,866.73,36635.48,0.5,4.0,1.0,4.0,0.0,No
CUST11772,Male,41,Ahmedabad,15,Monthly,Standard,,Debit Card,751.52,9200.62,4.1,2.0,1.0,7.0,20.0,Yes
CUST11773,Female,28,Delhi,9,Monthly,Basic,DSL,Bank Transfer,711.98,5573.17,92.3,4.0,0.0,6.0,15.0,No
CUST11774,Female,30,Kolkata,30,Monthly,Standard,DSL,Debit Card,1118.8,25877.3,137.3,4.0,0.0,4.0,20.0,No
CUST11775,Female,51,Bengaluru,7,Monthly,Standard,Fiber,Debit Card,1264.63,8548.6,290.8,1.0,0.0,8.0,10.0,No
CUST11776,Male,42,Kochi,15,Monthly,Premium,Fiber,Debit Card,1662.31,20680.6,177.3,2.0,0.0,8.0,20.0,No
CUST11777,Male,24,Chennai,22,Monthly,Premium,DSL,Debit Card,1494.81,30071.63,58.9,3.0,0.0,7.0,10.0,No
CUST11778,Male,69,Delhi,17,Quarterly,Standard,DSL,UPI,942.71,15604.71,83.8,5.0,1.0,5.0,5.0,Yes
CUST11779,Male,21,Delhi,72,Quarterly,Standard,DSL,Credit Card,1114.16,,144.1,3.0,1.0,4.0,20.0,No
CUST11780,Female,25,Bengaluru,28,Yearly,Standard,,Debit Card,795.78,22031.23,7.9,1.0,0.0,8.0,5.0,No
CUST11781,Male,37,Kochi,19,Yearly,Basic,Fiber,Credit Card,935.83,,,1.0,0.0,7.0,5.0,No
CUST11782,Male,46,Bengaluru,13,Monthly,Standard,Fiber,Credit Card,1126.56,13511.09,74.8,1.0,0.0,8.0,0.0,No
CUST11783,Female,70,Pune,26,Monthly,Premium,,Bank Transfer,1235.56,26323.55,,1.0,1.0,8.0,20.0,No
CUST11784,Female,68,Hyderabad,43,Monthly,Standard,,UPI,1194.58,50490.2,227.5,1.0,1.0,8.0,0.0,No
CUST11785,Male,62,Kochi,5,Monthly,Standard,DSL,Debit Card,1077.64,5937.68,161.6,1.0,0.0,8.0,0.0,No
CUST11786,Female,63,Mumbai,26,Monthly,Basic,DSL,Credit Card,682.85,17044.54,63.9,2.0,1.0,6.0,0.0,No
CUST11787,Male,27,Chennai,19,Quarterly,Basic,Fiber,Credit Card,952.93,17520.93,145.6,3.0,1.0,7.0,5.0,No
CUST11788,Female,60,Hyderabad,35,Monthly,Basic,DSL,Credit Card,644.95,22203.35,82.1,1.0,0.0,6.0,0.0,No
CUST11789,Male,51,Pune,22,Quarterly,Standard,Fiber,UPI,1336.04,26650.36,167.3,1.0,2.0,8.0,10.0,Yes
CUST11790,Male,43,Bengaluru,29,Quarterly,Standard,DSL,Credit Card,989.87,29411.9,52.5,2.0,1.0,6.0,0.0,Yes
CUST11791,Male,58,Mumbai,65,Monthly,Standard,Fiber,Credit Card,1043.4,60620.11,208.0,1.0,2.0,9.0,10.0,No
CUST11792,Male,66,Mumbai,35,Monthly,Standard,DSL,Credit Card,1044.23,37376.5,105.0,2.0,2.0,6.0,0.0,No
CUST11793,Male,20,Kolkata,17,Yearly,Standard,DSL,Debit Card,1017.05,17298.56,58.2,0.0,2.0,8.0,0.0,No
CUST11794,,23,Mumbai,10,Monthly,Standard,Fiber,Credit Card,1126.56,9634.06,170.7,1.0,0.0,8.0,15.0,No
CUST11795,Male,22,Chennai,19,Monthly,Standard,DSL,Bank Transfer,,21488.83,78.7,5.0,1.0,3.0,5.0,Yes
CUST11796,Male,22,Mumbai,10,Monthly,Standard,,Debit Card,910.39,9760.56,9.6,6.0,1.0,6.0,0.0,Yes
CUST11797,Male,64,Ahmedabad,23,Monthly,Standard,DSL,UPI,1086.97,18717.41,,0.0,1.0,7.0,25.0,No
CUST11798,Male,40,Kochi,23,Monthly,Premium,,UPI,1173.57,26225.61,5.9,4.0,1.0,6.0,0.0,No
CUST11799,Male,66,Chennai,6,Yearly,Basic,Fiber,UPI,857.6,5170.71,291.5,2.0,0.0,7.0,0.0,No
CUST11800,Female,26,Delhi,23,Monthly,,Fiber,Cash,851.12,,130.3,,1.0,6.0,5.0,No
CUST11801,Female,52,Mumbai,53,Monthly,Standard,Fiber,Bank Transfer,1053.85,55809.83,141.6,7.0,1.0,4.0,0.0,Yes
CUST11802,Male,37,Bengaluru,22,Monthly,Standard,,UPI,871.71,19001.83,3.6,2.0,0.0,8.0,0.0,No
CUST11803,Female,66,Mumbai,16,Quarterly,Basic,Fiber,Debit Card,927.56,11893.67,197.2,2.0,0.0,6.0,15.0,No
CUST11804,Male,59,Pune,34,Monthly,Standard,Fiber,Cash,1209.77,40689.91,150.6,1.0,1.0,8.0,0.0,No
CUST11805,Female,52,Chennai,19,Monthly,Standard,Fiber,Bank Transfer,1218.2,,218.8,1.0,0.0,7.0,0.0,Yes
CUST11806,Female,67,Kochi,20,Quarterly,Standard,Fiber,Credit Card,1109.38,17588.25,175.5,2.0,1.0,8.0,20.0,No
CUST11807,Male,35,Delhi,42,Monthly,Standard,,UPI,778.44,30830.39,4.2,4.0,0.0,7.0,5.0,No
CUST11808,Female,34,Pune,11,Monthly,Standard,Fiber,UPI,1174.69,13190.46,143.3,2.0,0.0,6.0,0.0,No
CUST11809,Female,41,Hyderabad,37,Monthly,Basic,,Bank Transfer,660.75,22822.58,0.7,5.0,0.0,7.0,10.0,No
CUST11810,Male,20,Chennai,6,Quarterly,Basic,,Bank Transfer,993.0,5666.21,169.3,2.0,1.0,6.0,0.0,Yes
CUST11811,Male,49,Mumbai,69,Yearly,Basic,DSL,Debit Card,791.36,,76.6,4.0,0.0,8.0,5.0,No
CUST11812,Female,52,Hyderabad,11,Monthly,Standard,Fiber,UPI,1361.19,13474.95,130.7,5.0,1.0,6.0,10.0,No
CUST11813,Female,55,Hyderabad,22,Monthly,Standard,Fiber,Cash,1240.78,21438.62,185.8,2.0,0.0,7.0,25.0,No
CUST11814,Female,30,Pune,48,Monthly,Standard,Fiber,Bank Transfer,1250.88,60575.63,144.0,2.0,0.0,7.0,0.0,No
CUST11815,Male,64,Kochi,6,Quarterly,Standard,Fiber,UPI,1318.38,6541.36,284.5,2.0,0.0,7.0,15.0,Yes
CUST11816,Female,42,Delhi,15,Quarterly,Standard,Fiber,UPI,1255.65,18973.31,176.7,2.0,0.0,7.0,0.0,No
CUST11817,Female,26,Bengaluru,36,Quarterly,Basic,Fiber,Debit Card,1031.89,34890.01,200.3,2.0,0.0,8.0,5.0,No
CUST11818,Female,21,Hyderabad,4,Quarterly,Basic,Fiber,UPI,902.28,3690.54,111.5,1.0,0.0,7.0,0.0,No
CUST11819,Male,31,Chennai,29,Yearly,Premium,Fiber,UPI,1548.77,42254.8,210.3,3.0,0.0,6.0,5.0,No
CUST11820,Male,54,Mumbai,26,Yearly,Standard,DSL,UPI,1042.37,25401.8,109.2,3.0,0.0,8.0,5.0,No
CUST11821,Male,51,Kolkata,4,Quarterly,Standard,Fiber,Cash,1219.02,4242.34,230.3,4.0,1.0,7.0,25.0,Yes
CUST11822,Male,28,Kochi,3,Monthly,Standard,DSL,Bank Transfer,977.62,2460.44,61.1,4.0,1.0,5.0,20.0,No
CUST11823,Female,58,Kochi,3,Monthly,Standard,,UPI,793.01,2322.72,,2.0,3.0,6.0,10.0,No
CUST11824,Male,20,,26,Monthly,Standard,Fiber,Bank Transfer,,30071.98,236.8,2.0,2.0,8.0,0.0,Yes
CUST11825,Female,45,Jaipur,12,Monthly,Basic,Fiber,Debit Card,812.13,8616.34,189.7,7.0,1.0,5.0,,No
CUST11826,Female,46,Pune,6,Quarterly,Premium,Fiber,Credit Card,1552.95,7742.15,172.3,4.0,0.0,8.0,15.0,Yes
CUST11827,Female,26,Hyderabad,39,Monthly,Basic,Fiber,Bank Transfer,958.79,37098.23,253.5,3.0,1.0,7.0,0.0,No
CUST11828,Female,20,Chennai,50,Quarterly,Basic,DSL,Debit Card,813.52,38328.55,141.8,2.0,2.0,7.0,5.0,No
CUST11829,Male,42,Ahmedabad,48,Monthly,Basic,Fiber,Bank Transfer,787.79,37381.4,115.6,3.0,2.0,6.0,0.0,No
CUST11830,Male,51,Hyderabad,22,Quarterly,Standard,Fiber,Credit Card,1224.72,26253.14,122.6,3.0,1.0,5.0,0.0,No
CUST11831,Male,29,Delhi,3,Monthly,Standard,Fiber,Credit Card,1194.46,3545.54,124.7,6.0,,4.0,0.0,Yes
CUST11832,Male,59,Hyderabad,5,Monthly,Standard,DSL,UPI,1134.09,3776.88,130.6,2.0,3.0,6.0,25.0,No
CUST11833,Male,26,,8,Monthly,Premium,DSL,Credit Card,1428.46,12257.94,54.2,2.0,2.0,8.0,0.0,Yes
CUST11834,Female,32,Mumbai,13,Yearly,Basic,,,450.84,5192.04,5.5,3.0,1.0,5.0,0.0,No
CUST11835,Male,57,Jaipur,48,Monthly,Standard,,Cash,811.07,28996.5,3.6,3.0,0.0,7.0,25.0,No
CUST11836,Male,42,Pune,27,Monthly,Standard,Fiber,Debit Card,1104.21,28690.02,200.1,3.0,1.0,4.0,5.0,No
CUST11837,Male,22,Pune,22,Monthly,Premium,Fiber,UPI,1419.6,25475.74,84.5,2.0,1.0,8.0,15.0,Yes
CUST11838,Male,28,Bengaluru,23,Quarterly,Basic,Fiber,UPI,895.73,20988.8,211.5,2.0,0.0,6.0,0.0,No
CUST11839,Female,51,,38,Monthly,Premium,Fiber,Bank Transfer,1641.54,58847.3,248.7,1.0,0.0,10.0,5.0,No
CUST11840,Female,41,Bengaluru,36,Yearly,Basic,Fiber,Credit Card,914.96,32398.02,185.7,2.0,0.0,8.0,0.0,No
CUST11841,Female,32,Bengaluru,21,Monthly,Standard,Fiber,Credit Card,1097.2,22181.62,126.8,1.0,0.0,9.0,5.0,Yes
CUST11842,Female,55,Chennai,43,Monthly,Standard,Fiber,Bank Transfer,1091.8,42602.15,94.6,3.0,2.0,4.0,10.0,Yes
CUST11843,Female,25,Hyderabad,15,Quarterly,Premium,Fiber,Cash,1617.44,22495.49,234.8,2.0,1.0,4.0,5.0,Yes
CUST11844,Male,22,Chennai,35,Monthly,Basic,DSL,Bank Transfer,885.86,29287.23,150.8,2.0,1.0,6.0,5.0,No
CUST11845,Female,65,Bengaluru,42,Yearly,Basic,,UPI,653.59,23937.28,2.7,3.0,0.0,7.0,15.0,No
CUST11846,Female,43,Hyderabad,37,Monthly,Basic,Fiber,Credit Card,876.51,30587.34,201.0,5.0,0.0,6.0,5.0,No
CUST11847,Female,35,Mumbai,10,Yearly,Standard,Fiber,Bank Transfer,1216.92,10450.15,178.8,3.0,1.0,8.0,10.0,No
CUST11848,Male,23,Kochi,18,Quarterly,Standard,Fiber,Cash,1273.06,22852.85,267.4,4.0,1.0,6.0,0.0,Yes
CUST11849,Male,54,Chennai,4,Yearly,Premium,DSL,Cash,1438.49,4844.14,129.8,1.0,0.0,7.0,15.0,No
CUST11850,Female,65,Pune,7,Monthly,Standard,,Credit Card,742.49,4808.18,1.3,2.0,1.0,6.0,5.0,No
CUST11851,Male,30,Delhi,17,Monthly,Basic,Fiber,Bank Transfer,674.42,11116.32,245.2,1.0,1.0,8.0,5.0,No
CUST11852,Male,45,Bengaluru,22,Quarterly,Basic,Fiber,UPI,914.54,18791.82,205.4,3.0,0.0,5.0,5.0,No
CUST11853,Female,22,Kochi,27,Quarterly,Basic,Fiber,UPI,884.1,19411.77,171.4,1.0,0.0,6.0,,No
CUST11854,,30,Delhi,7,Monthly,Standard,Fiber,Credit Card,1063.53,5771.01,161.4,3.0,0.0,7.0,20.0,No
CUST11855,Male,34,Hyderabad,19,Monthly,Premium,DSL,Cash,1335.84,24660.96,104.2,0.0,0.0,7.0,0.0,No
CUST11856,Male,67,Pune,39,Monthly,Premium,Fiber,UPI,1578.99,53138.08,152.1,1.0,0.0,9.0,15.0,No
CUST11857,Female,57,Bengaluru,25,Quarterly,Standard,,Credit Card,806.28,19386.22,6.5,1.0,3.0,4.0,0.0,Yes
CUST11858,Female,62,Ahmedabad,30,Monthly,Basic,Fiber,Cash,1014.58,30851.56,242.5,0.0,1.0,7.0,0.0,No
CUST11859,Female,49,Chennai,22,Monthly,Basic,DSL,Credit Card,863.51,16066.97,139.1,2.0,2.0,5.0,15.0,Yes
CUST11860,Male,46,,12,Monthly,Standard,Fiber,UPI,1132.01,13594.46,220.0,0.0,1.0,7.0,0.0,No
CUST11861,Female,68,Bengaluru,9,Monthly,Premium,Fiber,Bank Transfer,1720.36,15047.22,192.2,4.0,1.0,5.0,0.0,No
CUST11862,Male,20,Mumbai,18,Monthly,Basic,DSL,Bank Transfer,879.36,14002.71,100.9,2.0,1.0,,10.0,No
CUST11863,Male,57,Jaipur,32,Yearly,Basic,,Credit Card,573.44,15995.61,5.9,4.0,0.0,9.0,15.0,No
CUST11864,Male,51,Pune,10,Monthly,Standard,DSL,Cash,975.53,9200.88,143.9,2.0,0.0,6.0,0.0,Yes
CUST11865,Female,57,Mumbai,14,Yearly,Standard,DSL,UPI,1059.53,14581.98,31.5,3.0,4.0,4.0,0.0,Yes
CUST11866,Female,44,Bengaluru,21,Monthly,Basic,DSL,Cash,579.98,12707.83,107.3,3.0,0.0,6.0,0.0,No
CUST11867,Female,30,Pune,56,Monthly,,Fiber,Bank Transfer,1552.97,86673.28,237.7,2.0,1.0,6.0,0.0,No
CUST11868,Female,62,Chennai,26,Monthly,Basic,DSL,Credit Card,771.32,20068.69,139.9,2.0,0.0,8.0,0.0,No
CUST11869,Male,50,Hyderabad,25,Quarterly,Premium,DSL,Bank Transfer,1480.84,29672.02,66.6,3.0,1.0,5.0,20.0,Yes
CUST11870,Female,23,Delhi,16,Quarterly,Basic,Fiber,UPI,864.42,13395.55,204.2,1.0,1.0,8.0,0.0,No
CUST11871,Male,41,Mumbai,58,Monthly,Basic,Fiber,UPI,905.61,47484.64,130.2,2.0,0.0,7.0,10.0,No
CUST11872,Female,36,,23,Monthly,Basic,DSL,Cash,668.47,12263.18,36.2,3.0,1.0,7.0,20.0,No
CUST11873,Female,33,Kochi,40,Yearly,Basic,DSL,UPI,862.61,30653.36,151.6,5.0,2.0,5.0,10.0,No
CUST11874,Female,57,Mumbai,9,Yearly,Standard,,UPI,1315.83,12158.81,88.5,4.0,1.0,7.0,0.0,No
CUST11875,Male,45,Chennai,19,Monthly,Standard,DSL,Credit Card,1106.84,18999.57,63.1,2.0,1.0,7.0,10.0,No
CUST11876,Male,50,Hyderabad,72,Quarterly,Standard,DSL,UPI,1028.58,59211.39,140.6,0.0,0.0,8.0,20.0,No
CUST11877,Male,65,Hyderabad,23,Monthly,Standard,Fiber,Bank Transfer,1134.11,25929.28,186.2,2.0,1.0,7.0,0.0,No
CUST11878,Male,58,Mumbai,16,Monthly,Standard,DSL,Cash,1117.66,17149.54,131.8,1.0,0.0,9.0,0.0,No
CUST11879,Male,30,Ahmedabad,41,Monthly,Basic,Fiber,Credit Card,914.77,,116.9,2.0,2.0,4.0,0.0,Yes
CUST11880,Female,60,Hyderabad,17,Monthly,Premium,Fiber,Credit Card,1519.85,23434.79,127.6,0.0,2.0,5.0,5.0,No
CUST11881,,62,Chennai,18,Yearly,,DSL,Debit Card,1534.68,27993.28,151.7,1.0,2.0,8.0,0.0,No
CUST11882,Male,42,Delhi,4,Monthly,Basic,,UPI,514.2,1273.69,5.0,3.0,1.0,7.0,10.0,No
CUST11883,Male,70,Mumbai,3,Quarterly,Standard,Fiber,UPI,1130.9,3323.15,198.4,3.0,2.0,8.0,10.0,Yes
CUST11884,Male,59,Bengaluru,28,Yearly,Standard,DSL,UPI,1125.73,29243.29,100.8,2.0,3.0,6.0,5.0,No
CUST11885,Female,53,Kolkata,15,Monthly,Basic,Fiber,Credit Card,836.91,10650.3,166.7,0.0,0.0,10.0,10.0,No
CUST11886,Male,44,Mumbai,31,Monthly,Standard,DSL,Debit Card,1060.06,32491.02,119.4,2.0,0.0,10.0,0.0,No
CUST11887,Female,55,Pune,26,Quarterly,Standard,DSL,Cash,1152.65,27903.94,114.3,0.0,0.0,9.0,10.0,No
CUST11888,Female,24,Delhi,22,Monthly,Basic,DSL,Bank Transfer,844.62,16505.37,153.4,0.0,2.0,8.0,10.0,No
CUST11889,Female,22,Hyderabad,18,Monthly,Basic,DSL,Bank Transfer,777.33,13430.55,107.4,,0.0,7.0,10.0,Yes
CUST11890,Male,60,Hyderabad,11,Monthly,Standard,DSL,Credit Card,956.19,10749.85,149.0,0.0,,,0.0,No
CUST11891,Female,62,Delhi,10,Monthly,Basic,Fiber,Bank Transfer,860.21,7612.28,76.0,3.0,0.0,7.0,10.0,No
CUST11892,Male,68,Bengaluru,6,Yearly,Basic,Fiber,Cash,1093.29,6318.24,151.5,2.0,1.0,7.0,5.0,No
CUST11893,Male,48,Delhi,21,Quarterly,Standard,Fiber,Cash,1275.82,25619.73,172.1,3.0,0.0,9.0,5.0,No
CUST11894,Male,40,Pune,56,Monthly,Standard,DSL,UPI,1031.51,57986.5,112.6,1.0,1.0,6.0,0.0,Yes
CUST11895,Male,59,Pune,72,Monthly,Basic,Fiber,Debit Card,799.24,58207.9,192.3,5.0,0.0,6.0,0.0,No
CUST11896,Male,27,Delhi,11,Yearly,Premium,Fiber,Debit Card,1448.0,15174.88,102.7,1.0,0.0,8.0,5.0,No
CUST11897,Female,49,Hyderabad,37,Monthly,Standard,DSL,UPI,1147.21,40631.2,87.7,4.0,1.0,7.0,5.0,No
CUST11898,Female,60,Mumbai,47,Monthly,Basic,DSL,Cash,848.8,38877.65,70.2,1.0,0.0,8.0,5.0,No
CUST11899,Male,70,Mumbai,13,Yearly,Standard,DSL,UPI,1046.95,11464.87,32.9,6.0,1.0,4.0,10.0,No
CUST11900,Female,47,Bengaluru,33,Yearly,Standard,Fiber,UPI,1167.12,38457.06,139.2,1.0,1.0,,0.0,No
CUST11901,Male,56,Jaipur,43,Monthly,Basic,Fiber,Credit Card,990.74,43002.39,,3.0,0.0,7.0,0.0,No
CUST11902,Female,48,Mumbai,6,Monthly,Standard,Fiber,Credit Card,1081.69,5472.59,136.8,2.0,,7.0,5.0,Yes
CUST11903,Female,35,Mumbai,29,Monthly,Standard,Fiber,Cash,1359.86,35007.03,128.8,3.0,0.0,8.0,10.0,No
CUST11904,Female,53,Mumbai,9,Monthly,Standard,Fiber,Credit Card,1259.02,9727.87,130.7,0.0,1.0,9.0,10.0,No
CUST11905,Female,19,Bengaluru,29,Quarterly,Standard,Fiber,Credit Card,1099.76,25705.96,161.1,2.0,1.0,6.0,20.0,Yes
CUST11906,Female,31,Pune,21,Monthly,Standard,Fiber,Debit Card,1262.88,22805.33,220.3,1.0,1.0,9.0,15.0,No
CUST11907,Male,30,Bengaluru,5,Monthly,Basic,DSL,UPI,695.33,3035.53,101.8,0.0,0.0,6.0,0.0,No
CUST11908,Male,46,Bengaluru,12,Monthly,Standard,Fiber,Bank Transfer,1093.14,12020.11,134.4,4.0,3.0,4.0,10.0,Yes
CUST11909,Female,29,Pune,11,Yearly,Standard,Fiber,,1262.6,12869.91,182.1,2.0,0.0,7.0,5.0,No
CUST11910,Male,56,Delhi,42,Monthly,Standard,DSL,Credit Card,961.63,38996.94,123.9,2.0,1.0,8.0,5.0,No
CUST11911,Female,19,Pune,20,Monthly,Standard,DSL,Cash,943.09,14402.02,83.4,6.0,0.0,3.0,25.0,Yes
CUST11912,Male,49,Chennai,10,Yearly,Standard,DSL,Debit Card,1088.78,10710.74,87.3,5.0,0.0,8.0,5.0,No
CUST11913,Female,30,Mumbai,31,Monthly,Premium,Fiber,Debit Card,1591.71,45203.18,187.5,4.0,0.0,4.0,10.0,Yes
CUST11914,Female,63,Pune,17,Monthly,Basic,,Cash,630.92,,7.3,5.0,1.0,7.0,25.0,No
CUST11915,Female,44,Bengaluru,24,Monthly,Basic,,Debit Card,525.98,12338.65,7.5,4.0,0.0,6.0,0.0,No
CUST11916,Male,66,Chennai,19,Monthly,Basic,DSL,Credit Card,718.79,13718.89,38.4,2.0,0.0,7.0,0.0,No
CUST11917,Male,58,Hyderabad,71,Monthly,Basic,Fiber,UPI,,51675.6,200.6,4.0,0.0,4.0,0.0,No
CUST11918,Female,34,Mumbai,24,Monthly,Standard,Fiber,Bank Transfer,1240.19,29212.85,154.9,3.0,1.0,7.0,0.0,No
CUST11919,Female,57,Chennai,34,Monthly,Basic,DSL,Cash,748.58,25749.64,135.2,2.0,0.0,7.0,0.0,No
CUST11920,Male,48,Jaipur,42,Monthly,Basic,DSL,Credit Card,845.06,27456.25,98.6,0.0,0.0,9.0,25.0,No
CUST11921,Male,51,Kochi,20,Monthly,Basic,,Credit Card,610.79,9698.37,5.3,1.0,1.0,6.0,25.0,No
CUST11922,Male,41,Chennai,48,Monthly,Standard,DSL,Credit Card,1076.57,46678.67,21.9,2.0,0.0,9.0,10.0,No
CUST11923,Male,62,Hyderabad,37,Monthly,Premium,,Bank Transfer,1191.54,36722.2,7.6,2.0,0.0,5.0,15.0,No
CUST11924,Male,52,Mumbai,3,Monthly,Standard,DSL,UPI,1016.77,3117.84,48.9,1.0,0.0,8.0,0.0,Yes
CUST11925,Female,65,Mumbai,12,Yearly,Basic,,Bank Transfer,593.94,5911.63,10.8,1.0,0.0,6.0,10.0,No
CUST11926,Male,23,Hyderabad,20,Monthly,,Fiber,Bank Transfer,1195.87,24112.17,154.7,2.0,0.0,9.0,0.0,No
CUST11927,Female,36,Delhi,22,Monthly,Basic,Fiber,Debit Card,1013.45,20518.86,216.6,3.0,1.0,7.0,5.0,No
CUST11928,Female,47,Jaipur,13,Quarterly,Basic,DSL,UPI,855.17,11198.89,33.3,1.0,0.0,9.0,0.0,No
CUST11929,Male,24,Delhi,28,Monthly,Premium,DSL,Debit Card,1429.97,35776.57,41.6,4.0,0.0,6.0,10.0,Yes
CUST11930,Male,27,Delhi,17,Quarterly,Standard,Fiber,UPI,1207.46,20569.33,128.4,1.0,0.0,7.0,0.0,No
CUST11931,Female,58,Delhi,21,Quarterly,Basic,DSL,Credit Card,686.45,14150.18,37.3,0.0,1.0,8.0,0.0,No
CUST11932,Male,49,Ahmedabad,16,Quarterly,Standard,DSL,UPI,1041.82,14219.61,85.5,3.0,1.0,6.0,10.0,No
CUST11933,Female,51,Pune,18,Quarterly,Basic,Fiber,Debit Card,975.99,16322.98,,4.0,0.0,6.0,10.0,No
CUST11934,Male,45,Pune,9,Monthly,Standard,Fiber,Credit Card,1156.49,10260.11,138.8,2.0,2.0,6.0,0.0,Yes
CUST11935,Male,32,Delhi,26,Quarterly,Standard,,,820.64,21120.24,0.5,1.0,0.0,9.0,0.0,Yes
CUST11936,Male,47,Ahmedabad,30,Monthly,,Fiber,Bank Transfer,806.51,19286.65,199.3,3.0,1.0,7.0,20.0,No
CUST11937,Female,54,Bengaluru,7,Monthly,Premium,DSL,Cash,1404.93,9506.39,113.0,2.0,0.0,6.0,0.0,Yes
CUST11938,Male,46,Jaipur,14,Yearly,Standard,Fiber,UPI,1249.09,15409.39,195.4,2.0,1.0,8.0,10.0,No
CUST11939,Female,39,Chennai,22,Monthly,Premium,DSL,UPI,1430.74,32195.13,136.4,2.0,0.0,6.0,0.0,No
CUST11940,Male,21,Delhi,55,Yearly,Standard,,Credit Card,757.88,37556.17,10.4,1.0,1.0,9.0,10.0,No
CUST11941,Female,37,Hyderabad,9,Monthly,Standard,Fiber,UPI,1216.97,9638.78,136.3,0.0,0.0,7.0,10.0,No
CUST11942,Male,49,Pune,17,Monthly,Standard,Fiber,UPI,1195.89,16450.48,215.4,2.0,1.0,8.0,15.0,Yes
CUST11943,Female,53,Bengaluru,15,Monthly,Basic,DSL,Debit Card,839.65,11708.93,54.7,1.0,0.0,8.0,5.0,No
CUST11944,Female,67,Jaipur,25,Quarterly,Standard,,Debit Card,,20492.79,7.6,2.0,1.0,,0.0,No
CUST11945,Female,21,Hyderabad,9,Monthly,Standard,Fiber,UPI,1120.4,8360.59,178.7,3.0,0.0,6.0,15.0,Yes
CUST11946,Female,44,Delhi,13,Monthly,Basic,Fiber,Credit Card,977.07,12826.47,204.6,2.0,0.0,7.0,5.0,No
CUST11947,Female,34,Bengaluru,70,Monthly,Standard,Fiber,Debit Card,1122.44,67501.39,211.8,0.0,1.0,8.0,15.0,No
CUST11948,Female,29,Hyderabad,3,Quarterly,Standard,Fiber,UPI,1095.89,2664.09,258.7,3.0,1.0,7.0,15.0,No
CUST11949,Male,39,Hyderabad,20,Monthly,Premium,Fiber,Bank Transfer,1516.8,28475.46,185.2,2.0,0.0,10.0,5.0,No
CUST11950,Female,34,Hyderabad,21,Yearly,Standard,,UPI,801.14,12906.9,7.5,4.0,1.0,8.0,25.0,No
CUST11951,Female,27,Pune,15,Monthly,Standard,Fiber,UPI,1048.77,15504.29,278.1,,0.0,6.0,5.0,No
CUST11952,Female,18,Hyderabad,41,Monthly,Premium,DSL,UPI,1311.87,,96.5,3.0,1.0,7.0,10.0,No
CUST11953,Male,39,Kochi,24,Monthly,Basic,DSL,UPI,812.47,18559.75,133.5,4.0,0.0,6.0,10.0,Yes
CUST11954,Male,43,Chennai,58,Yearly,Basic,Fiber,Bank Transfer,886.31,48565.46,157.3,0.0,1.0,8.0,5.0,No
CUST11955,Male,35,Ahmedabad,5,Monthly,Basic,DSL,UPI,736.79,3136.84,109.1,2.0,0.0,9.0,10.0,No
CUST11956,Female,67,Bengaluru,28,Monthly,Premium,DSL,Bank Transfer,1445.49,34323.93,29.5,1.0,,9.0,15.0,Yes
CUST11957,Male,31,Delhi,25,Quarterly,Basic,Fiber,Credit Card,945.13,21096.82,209.6,3.0,0.0,7.0,10.0,No
CUST11958,Male,64,Delhi,30,Monthly,Basic,Fiber,Debit Card,834.48,23207.8,195.0,2.0,0.0,6.0,5.0,No
CUST11959,Female,46,Chennai,39,Quarterly,Standard,Fiber,Cash,1244.83,44079.98,125.2,1.0,2.0,7.0,10.0,No
CUST11960,Female,29,Ahmedabad,49,Monthly,Premium,Fiber,Bank Transfer,1609.02,78698.85,263.6,5.0,1.0,6.0,0.0,Yes
CUST11961,Male,53,Bengaluru,64,Monthly,Premium,Fiber,UPI,1523.38,98573.07,114.4,2.0,1.0,8.0,0.0,No
CUST11962,Female,52,Bengaluru,8,Monthly,Standard,,Bank Transfer,898.72,7576.09,6.1,0.0,3.0,7.0,0.0,Yes
CUST11963,Female,69,Ahmedabad,28,Monthly,Premium,Fiber,Credit Card,1604.58,42843.85,181.4,0.0,1.0,9.0,5.0,No
CUST11964,Female,29,Mumbai,43,Quarterly,Basic,DSL,Credit Card,666.28,23886.69,20.4,1.0,1.0,8.0,20.0,No
CUST11965,Female,24,Pune,20,Quarterly,Basic,Fiber,Debit Card,822.35,15161.43,156.1,3.0,1.0,6.0,10.0,No
CUST11966,Male,46,Chennai,10,Monthly,Premium,,Cash,,10004.92,4.6,1.0,1.0,7.0,25.0,No
CUST11967,Female,28,Ahmedabad,10,Yearly,Standard,DSL,UPI,1131.16,10978.01,101.3,1.0,0.0,9.0,0.0,No
CUST11968,Male,50,Bengaluru,12,Monthly,Basic,DSL,Bank Transfer,772.61,8224.79,80.7,1.0,0.0,8.0,10.0,No
CUST11969,Male,23,Bengaluru,27,Monthly,Standard,Fiber,UPI,1271.15,34819.24,238.5,3.0,2.0,7.0,0.0,No
CUST11970,Male,64,Chennai,13,Quarterly,,Fiber,Credit Card,1298.61,17287.39,228.2,1.0,2.0,6.0,0.0,Yes
CUST11971,Male,32,Kochi,21,Quarterly,Premium,DSL,Bank Transfer,1431.99,25260.08,88.2,1.0,1.0,5.0,15.0,No
CUST11972,Female,49,Hyderabad,6,Monthly,Premium,DSL,Debit Card,1463.17,9947.29,70.7,2.0,0.0,8.0,0.0,Yes
CUST11973,Female,68,Delhi,6,Quarterly,Standard,DSL,UPI,1103.54,6519.06,101.4,2.0,0.0,8.0,0.0,No
CUST11974,Female,28,Chennai,32,Monthly,Premium,Fiber,Credit Card,1508.22,48848.86,306.8,2.0,1.0,8.0,0.0,No
CUST11975,Male,40,Jaipur,1,Quarterly,Standard,,Bank Transfer,932.74,923.59,7.2,0.0,1.0,8.0,15.0,No
CUST11976,Male,43,Ahmedabad,51,Yearly,Standard,,Debit Card,959.07,44249.31,3.6,4.0,1.0,,10.0,No
CUST11977,Male,51,Kochi,27,Quarterly,Standard,DSL,UPI,990.95,,,1.0,0.0,8.0,0.0,Yes
CUST11978,Female,63,Bengaluru,7,Monthly,Standard,Fiber,Credit Card,1429.58,10108.25,163.3,2.0,0.0,8.0,0.0,No
CUST11979,Male,51,Bengaluru,26,Quarterly,Basic,DSL,Cash,813.56,20378.09,138.2,2.0,0.0,8.0,0.0,No
CUST11980,Female,46,Chennai,15,Quarterly,Standard,Fiber,,1187.79,18368.89,181.1,1.0,1.0,6.0,0.0,No
CUST11981,Female,21,Ahmedabad,10,Monthly,Standard,DSL,Bank Transfer,883.82,7888.48,140.9,7.0,1.0,4.0,15.0,Yes
CUST11982,Female,34,Delhi,44,Monthly,Basic,DSL,Bank Transfer,742.66,27073.21,71.9,3.0,1.0,6.0,20.0,No
CUST11983,Female,52,,30,Yearly,Basic,Fiber,UPI,933.76,21047.94,245.5,2.0,0.0,9.0,25.0,No
CUST11984,Male,30,Kolkata,13,Monthly,Basic,DSL,Debit Card,774.61,8062.37,137.7,3.0,1.0,6.0,,No
CUST11985,Female,58,Bengaluru,11,Monthly,Basic,Fiber,Credit Card,795.15,7745.58,233.3,2.0,0.0,9.0,20.0,No
CUST11986,Male,56,Delhi,60,Monthly,Standard,,UPI,797.09,40519.66,1.7,1.0,1.0,7.0,15.0,No
CUST11987,Female,32,Hyderabad,27,Quarterly,Basic,Fiber,UPI,954.41,17536.23,33.8,5.0,0.0,5.0,25.0,No
CUST11988,Male,46,Chennai,22,Yearly,Basic,Fiber,Bank Transfer,947.41,17967.34,229.7,3.0,0.0,6.0,15.0,No
CUST11989,Male,46,Kolkata,11,Quarterly,Standard,DSL,UPI,1125.38,12228.68,97.4,2.0,1.0,6.0,5.0,No
CUST11990,Female,28,Delhi,11,Monthly,Premium,Fiber,Credit Card,1609.5,18314.41,193.2,0.0,0.0,8.0,0.0,No
CUST11991,Female,69,Pune,70,Quarterly,Basic,DSL,UPI,747.46,46639.25,124.4,3.0,1.0,5.0,10.0,No
CUST11992,Female,49,Chennai,33,Quarterly,Basic,Fiber,UPI,940.92,28200.47,237.5,2.0,2.0,7.0,10.0,No
CUST11993,Male,19,Chennai,20,Quarterly,Premium,DSL,Credit Card,1457.55,26525.9,113.0,,0.0,7.0,10.0,No
CUST11994,Female,64,Pune,6,Monthly,Standard,DSL,Bank Transfer,927.6,5317.69,158.5,0.0,1.0,6.0,10.0,No
CUST11995,Female,31,Mumbai,14,Quarterly,Premium,Fiber,UPI,1721.64,21392.97,253.9,3.0,1.0,5.0,10.0,Yes
CUST11996,Male,37,Bengaluru,27,Monthly,Basic,,UPI,623.74,17018.63,2.4,2.0,1.0,6.0,0.0,No
CUST11997,Female,39,Bengaluru,43,Monthly,Basic,Fiber,Bank Transfer,933.84,40714.47,106.3,4.0,0.0,7.0,0.0,No
CUST11998,Male,28,Mumbai,23,Monthly,Basic,Fiber,Debit Card,790.55,13606.28,197.6,4.0,0.0,8.0,20.0,Yes
CUST11999,Female,44,Hyderabad,42,Yearly,Basic,Fiber,Bank Transfer,967.02,36546.45,87.1,2.0,1.0,6.0,10.0,No
CUST12000,Male,20,Ahmedabad,23,Monthly,Premium,DSL,UPI,1414.91,33044.11,179.0,2.0,1.0,7.0,0.0,No
CUST12001,Male,34,Pune,40,Yearly,Premium,Fiber,Bank Transfer,1666.41,57464.51,190.0,2.0,0.0,7.0,15.0,No
CUST12002,Female,61,Kolkata,18,Monthly,Premium,Fiber,Credit Card,1643.71,30361.48,147.1,2.0,0.0,5.0,0.0,Yes
CUST12003,Male,45,Delhi,40,Quarterly,Premium,,Debit Card,1222.81,46939.12,6.7,1.0,1.0,8.0,5.0,No
CUST12004,Female,46,Hyderabad,15,Monthly,Premium,Fiber,UPI,1684.16,26196.17,138.4,2.0,1.0,7.0,0.0,Yes
CUST12005,Female,38,Delhi,34,Monthly,Standard,Fiber,UPI,1104.65,30534.44,186.6,3.0,1.0,5.0,20.0,Yes
CUST12006,Male,64,Mumbai,24,Quarterly,Premium,Fiber,Bank Transfer,1604.5,33494.67,240.9,2.0,2.0,8.0,10.0,No
CUST12007,Female,33,Bengaluru,2,Quarterly,Basic,,UPI,1032.69,1737.29,161.3,2.0,2.0,7.0,5.0,Yes
CUST12008,Male,54,Chennai,12,Quarterly,Standard,Fiber,UPI,1238.93,12607.11,127.7,2.0,0.0,,20.0,Yes
CUST12009,Male,37,Kochi,5,Quarterly,Standard,Fiber,,1273.08,4837.5,240.0,3.0,0.0,7.0,20.0,No
CUST12010,Male,23,Mumbai,72,Quarterly,Premium,Fiber,Debit Card,1606.35,104741.29,186.1,2.0,1.0,10.0,10.0,No
CUST12011,Male,36,Bengaluru,30,Yearly,Standard,Fiber,Debit Card,1198.29,29145.92,290.4,0.0,1.0,8.0,20.0,No
CUST12012,Male,22,Kolkata,14,Monthly,Premium,Fiber,Debit Card,1502.35,19871.18,208.5,3.0,0.0,7.0,10.0,No
CUST12013,Male,20,Mumbai,6,Monthly,Standard,DSL,Credit Card,1037.53,5386.36,109.0,1.0,2.0,6.0,10.0,No
CUST12014,Male,18,Ahmedabad,22,Monthly,Standard,DSL,Credit Card,1103.9,22153.57,81.4,0.0,0.0,8.0,5.0,No
CUST12015,Male,55,Pune,29,Monthly,Premium,Fiber,Cash,1512.48,,210.6,1.0,2.0,9.0,0.0,No
CUST12016,Female,32,,14,Quarterly,Basic,,Debit Card,472.96,5909.73,8.0,0.0,2.0,8.0,0.0,No
CUST12017,Female,51,Hyderabad,25,Monthly,Premium,DSL,,1483.54,31294.49,82.2,0.0,1.0,9.0,15.0,No
CUST12018,Male,52,Pune,44,Monthly,Standard,,UPI,916.14,38913.45,7.3,2.0,1.0,6.0,0.0,No
CUST12019,Female,66,Hyderabad,10,Monthly,Standard,Fiber,Bank Transfer,1361.21,12940.02,132.8,2.0,1.0,7.0,5.0,No
CUST12020,Female,42,Pune,14,Quarterly,Premium,DSL,UPI,1428.07,20209.85,140.3,3.0,0.0,,0.0,No
CUST12021,Female,41,Hyderabad,5,Monthly,Standard,Fiber,Debit Card,1180.23,5851.77,185.1,0.0,1.0,8.0,5.0,No
CUST12022,Female,29,Mumbai,46,Monthly,Standard,DSL,Credit Card,1116.53,51855.04,39.7,,0.0,6.0,0.0,No
CUST12023,Female,35,Hyderabad,1,Quarterly,Standard,Fiber,Debit Card,1245.65,1219.85,196.6,1.0,1.0,9.0,15.0,No
CUST12024,Female,32,Chennai,16,Quarterly,Basic,Fiber,Credit Card,879.34,10228.76,268.8,2.0,0.0,,25.0,Yes
CUST12025,Male,61,Ahmedabad,56,Monthly,Standard,Fiber,Bank Transfer,1197.73,54284.83,190.5,3.0,1.0,7.0,20.0,No
CUST12026,Female,33,Kolkata,2,Quarterly,Basic,DSL,UPI,699.74,1616.0,91.8,0.0,0.0,6.0,10.0,Yes
CUST12027,Female,44,Pune,26,Monthly,Premium,DSL,Credit Card,1357.52,26438.85,89.1,3.0,0.0,8.0,25.0,No
CUST12028,Female,25,Bengaluru,31,Yearly,Basic,Fiber,Bank Transfer,889.19,26132.71,146.4,1.0,0.0,6.0,5.0,No
CUST12029,Female,63,,30,Monthly,Standard,Fiber,UPI,1321.81,37360.81,177.2,3.0,0.0,6.0,5.0,No
CUST12030,Male,42,Hyderabad,37,Yearly,Premium,,UPI,1192.51,44769.7,5.3,3.0,1.0,5.0,0.0,Yes
CUST12031,Male,34,Jaipur,24,Yearly,Premium,DSL,Credit Card,1335.2,25654.84,110.0,3.0,0.0,5.0,20.0,No
CUST12032,Male,46,Jaipur,23,Quarterly,Standard,DSL,Cash,969.7,22744.88,76.2,4.0,2.0,7.0,0.0,No
CUST12033,Male,70,Bengaluru,5,Monthly,Standard,DSL,UPI,1092.53,3917.62,119.5,2.0,1.0,6.0,10.0,Yes
CUST12034,Female,25,Ahmedabad,19,Monthly,Basic,Fiber,UPI,934.3,15162.47,178.9,1.0,1.0,6.0,15.0,No
CUST12035,Male,32,Bengaluru,24,Monthly,Standard,Fiber,Debit Card,1301.66,28258.79,163.7,0.0,3.0,5.0,10.0,Yes
CUST12036,Male,44,Delhi,12,Yearly,Basic,Fiber,UPI,984.93,11235.36,252.8,2.0,3.0,7.0,0.0,Yes
CUST12037,Male,63,Chennai,11,Quarterly,Standard,Fiber,Credit Card,1223.81,11745.15,291.3,3.0,1.0,6.0,10.0,Yes
CUST12038,Male,67,Bengaluru,29,Yearly,Basic,DSL,Bank Transfer,802.04,20146.66,157.1,1.0,1.0,7.0,15.0,No
CUST12039,Female,69,Kolkata,34,Quarterly,Standard,Fiber,UPI,1140.05,39064.61,200.7,3.0,0.0,8.0,0.0,No
CUST12040,Male,24,Bengaluru,12,Monthly,Standard,Fiber,Bank Transfer,1255.14,13705.31,246.5,2.0,0.0,8.0,10.0,No
CUST12041,Female,20,Mumbai,18,Monthly,Standard,Fiber,Credit Card,1191.29,17805.79,179.7,2.0,0.0,7.0,20.0,Yes
CUST12042,Male,46,Chennai,27,Monthly,Standard,Fiber,Cash,1268.06,25965.46,203.1,1.0,1.0,9.0,25.0,No
CUST12043,Female,61,Kolkata,12,Monthly,Premium,DSL,Cash,1483.49,17614.55,,1.0,2.0,5.0,5.0,No
CUST12044,Female,70,Jaipur,21,Quarterly,Basic,Fiber,Credit Card,862.13,17652.11,208.4,1.0,1.0,7.0,0.0,No
CUST12045,Male,41,Pune,25,Yearly,Standard,Fiber,Debit Card,1111.97,26529.33,250.2,0.0,3.0,8.0,5.0,No
CUST12046,Male,20,Pune,63,Quarterly,Basic,DSL,Bank Transfer,709.98,40304.96,89.6,3.0,2.0,8.0,10.0,No
CUST12047,Male,37,Delhi,18,Yearly,Basic,Fiber,Credit Card,914.77,12566.56,88.7,5.0,0.0,8.0,20.0,No
CUST12048,Male,63,Bengaluru,4,Yearly,Standard,Fiber,UPI,1134.72,4519.15,251.2,2.0,1.0,5.0,20.0,No
CUST12049,Female,32,Bengaluru,6,Monthly,Basic,DSL,Cash,737.77,3312.93,125.5,2.0,2.0,6.0,20.0,Yes
CUST12050,Female,42,Chennai,12,Monthly,Basic,Fiber,Credit Card,987.01,10855.29,137.1,1.0,0.0,8.0,10.0,Yes
CUST12051,Male,47,Pune,16,Quarterly,Premium,DSL,UPI,1543.99,21989.44,118.8,,0.0,6.0,10.0,No
CUST12052,Male,31,,43,Monthly,Standard,DSL,Bank Transfer,1088.25,47364.47,67.0,1.0,0.0,8.0,0.0,No
CUST12053,Female,24,Kolkata,72,Monthly,Basic,Fiber,Debit Card,1009.06,68892.07,123.1,3.0,3.0,8.0,5.0,Yes
CUST12054,Male,34,Chennai,19,Monthly,Basic,Fiber,UPI,798.77,12010.6,96.1,5.0,0.0,5.0,20.0,No
CUST12055,Female,61,Bengaluru,30,Yearly,Basic,,UPI,653.8,17663.37,5.1,3.0,0.0,5.0,10.0,No
CUST12056,Male,37,Mumbai,49,Monthly,Standard,Fiber,UPI,1091.21,50838.1,271.7,1.0,1.0,8.0,5.0,No
CUST12057,Female,53,Ahmedabad,34,Quarterly,Standard,,Cash,850.8,28652.96,1.0,1.0,1.0,7.0,0.0,No
CUST12058,Female,26,,17,Yearly,Standard,Fiber,Cash,1134.97,18908.51,324.0,3.0,0.0,7.0,0.0,No
CUST12059,Female,55,Jaipur,20,Quarterly,Basic,DSL,Credit Card,809.11,,126.1,3.0,1.0,,10.0,No
CUST12060,Female,65,Bengaluru,21,Quarterly,Standard,DSL,Bank Transfer,924.73,15457.81,159.9,4.0,0.0,6.0,20.0,No
CUST12061,Female,39,Kochi,51,Quarterly,Standard,DSL,Credit Card,908.81,46485.12,48.5,0.0,0.0,7.0,0.0,No
CUST12062,Male,70,Mumbai,40,Monthly,Standard,Fiber,Debit Card,1147.64,45702.43,67.6,3.0,1.0,6.0,0.0,No
CUST12063,Female,70,Bengaluru,39,Monthly,Premium,Fiber,Credit Card,1541.98,53554.48,168.5,2.0,1.0,6.0,10.0,No
CUST12064,Male,19,Kochi,28,Yearly,Basic,Fiber,Credit Card,854.33,23317.07,276.8,0.0,0.0,,0.0,No
CUST12065,Female,41,Delhi,24,Monthly,Basic,,UPI,496.0,11447.27,2.5,3.0,0.0,7.0,0.0,Yes
CUST12066,Female,25,Pune,19,Quarterly,Premium,Fiber,UPI,1654.98,31610.24,244.6,3.0,0.0,5.0,0.0,Yes
CUST12067,Male,28,Mumbai,8,Monthly,Basic,,UPI,543.22,4566.83,5.3,4.0,2.0,7.0,5.0,Yes
CUST12068,Male,30,Chennai,33,Monthly,Basic,Fiber,UPI,1023.93,29858.8,143.6,1.0,0.0,7.0,10.0,No
CUST12069,Male,34,Jaipur,14,Yearly,Standard,Fiber,Cash,1218.47,13859.43,201.4,7.0,0.0,7.0,20.0,Yes
CUST12070,Male,25,Delhi,36,Quarterly,Standard,Fiber,Cash,1270.58,,216.4,2.0,1.0,6.0,5.0,No
CUST12071,Female,38,,3,Monthly,Premium,DSL,Bank Transfer,1496.39,4957.91,110.3,3.0,1.0,5.0,10.0,No
CUST12072,Male,35,Mumbai,9,Yearly,Basic,DSL,UPI,678.14,7265.06,75.9,2.0,1.0,6.0,0.0,Yes
CUST12073,Female,47,Pune,39,Quarterly,Standard,Fiber,Credit Card,1158.34,41188.52,128.9,1.0,1.0,7.0,10.0,No
CUST12074,Male,35,Delhi,52,Monthly,Basic,,Credit Card,629.53,29814.07,7.5,0.0,1.0,7.0,10.0,No
CUST12075,Male,63,Mumbai,36,Quarterly,Standard,Fiber,Credit Card,1057.91,38351.02,199.3,2.0,2.0,6.0,0.0,No
CUST12076,Female,64,Delhi,10,Monthly,Basic,DSL,,788.93,6734.67,89.2,4.0,0.0,6.0,10.0,No
CUST12077,Female,48,Mumbai,41,Quarterly,Standard,DSL,Debit Card,1035.74,41893.23,86.4,,1.0,9.0,0.0,No
CUST12078,Male,55,Jaipur,11,Monthly,Basic,Fiber,UPI,840.41,7540.88,154.0,2.0,0.0,7.0,10.0,No
CUST12079,Female,49,Delhi,42,Monthly,Basic,Fiber,Bank Transfer,878.7,33293.56,182.8,1.0,0.0,10.0,10.0,No
CUST12080,Female,28,Mumbai,9,Quarterly,Standard,Fiber,Debit Card,1329.63,10394.14,137.7,1.0,2.0,8.0,10.0,No
CUST12081,Female,62,Hyderabad,15,Yearly,,Fiber,Credit Card,1462.1,17942.17,222.4,1.0,2.0,7.0,20.0,Yes
CUST12082,Female,42,Delhi,1,Quarterly,Premium,,Debit Card,1152.51,359.82,4.6,1.0,1.0,8.0,20.0,No
CUST12083,Female,50,Kolkata,9,Monthly,Premium,,UPI,1094.96,8503.13,2.4,1.0,1.0,7.0,15.0,No
CUST12084,Female,55,Kochi,33,Yearly,Standard,DSL,UPI,1014.96,26413.24,130.7,2.0,0.0,8.0,20.0,No
CUST12085,Female,58,Hyderabad,66,Quarterly,Basic,DSL,Credit Card,700.03,45512.67,193.5,3.0,0.0,8.0,0.0,No
CUST12086,Female,25,Ahmedabad,43,Quarterly,Basic,Fiber,Bank Transfer,912.84,36882.81,320.1,6.0,0.0,6.0,5.0,No
CUST12087,Male,28,Chennai,35,Monthly,Standard,Fiber,UPI,1161.64,40333.78,139.8,3.0,0.0,6.0,0.0,No
CUST12088,Female,39,Bengaluru,6,Yearly,Basic,DSL,Debit Card,786.08,4705.98,127.7,2.0,1.0,7.0,0.0,No
CUST12089,Male,68,Pune,16,Yearly,Basic,DSL,UPI,686.98,10139.85,129.8,2.0,0.0,6.0,5.0,No
CUST12090,Female,41,Chennai,57,Quarterly,Basic,DSL,UPI,917.8,44004.21,54.2,3.0,0.0,5.0,15.0,No
CUST12091,Female,58,Pune,22,Yearly,Standard,DSL,UPI,1099.2,22572.48,60.8,1.0,0.0,8.0,5.0,No
CUST12092,Female,34,Jaipur,8,Monthly,Basic,Fiber,,941.25,4911.07,113.9,4.0,0.0,4.0,10.0,Yes
CUST12093,Female,29,Hyderabad,16,Yearly,Basic,Fiber,Debit Card,950.12,14252.06,125.6,1.0,1.0,7.0,5.0,No
CUST12094,Male,63,Jaipur,3,Monthly,Standard,DSL,Bank Transfer,,2625.98,130.2,0.0,0.0,8.0,10.0,No
CUST12095,Male,49,Kolkata,38,Monthly,Standard,Fiber,UPI,1180.26,37911.49,,1.0,0.0,9.0,15.0,No
CUST12096,Female,32,Hyderabad,6,Quarterly,Standard,DSL,UPI,1033.72,6301.38,105.9,1.0,1.0,6.0,0.0,No
CUST12097,Male,33,Chennai,21,Quarterly,Standard,Fiber,Debit Card,1162.24,20008.23,202.5,1.0,0.0,6.0,20.0,No
CUST12098,Female,39,Delhi,7,Monthly,Basic,Fiber,UPI,872.23,6635.34,192.4,1.0,0.0,,0.0,Yes
CUST12099,Female,45,Kochi,24,Monthly,Standard,Fiber,UPI,1266.34,24802.53,169.3,5.0,4.0,5.0,,No
CUST12100,Male,37,Pune,36,Monthly,Basic,DSL,Credit Card,745.3,26523.08,98.3,1.0,2.0,7.0,0.0,Yes
CUST12101,Male,50,Bengaluru,14,Monthly,Standard,DSL,Bank Transfer,1073.97,13819.42,117.1,1.0,2.0,5.0,5.0,Yes
CUST12102,Female,27,Delhi,48,Monthly,Standard,Fiber,Debit Card,1064.89,38055.43,258.6,2.0,0.0,8.0,25.0,No
CUST12103,Female,57,Pune,34,Monthly,Premium,Fiber,UPI,1460.14,44981.86,262.3,1.0,0.0,5.0,10.0,No
CUST12104,Male,49,Bengaluru,30,Monthly,Standard,Fiber,Debit Card,1124.49,30517.03,107.9,1.0,3.0,7.0,10.0,Yes
CUST12105,Female,67,Bengaluru,47,Yearly,Basic,Fiber,Bank Transfer,1031.16,43237.0,158.6,2.0,1.0,8.0,10.0,No
CUST12106,Male,50,Hyderabad,24,Quarterly,Standard,Fiber,Credit Card,1360.69,33195.08,204.9,3.0,0.0,7.0,0.0,No
CUST12107,Female,19,Delhi,16,Monthly,Standard,Fiber,UPI,1278.64,19903.93,130.5,1.0,1.0,7.0,0.0,No
CUST12108,Female,50,Hyderabad,28,Yearly,Standard,Fiber,Debit Card,1168.45,32455.36,220.9,2.0,1.0,6.0,0.0,No
CUST12109,Male,50,Mumbai,8,Quarterly,,Fiber,Debit Card,934.12,7577.5,192.0,2.0,0.0,6.0,0.0,No
CUST12110,Male,58,Mumbai,39,Monthly,Standard,Fiber,UPI,1300.97,41007.05,225.9,2.0,1.0,9.0,20.0,No
CUST12111,Male,30,Pune,39,Monthly,Basic,Fiber,Debit Card,1048.35,35331.97,307.5,3.0,0.0,6.0,15.0,Yes
CUST12112,Female,47,Chennai,18,Monthly,,Fiber,Credit Card,1108.0,20096.34,88.2,2.0,1.0,7.0,0.0,No
CUST12113,Female,50,Mumbai,13,Monthly,Standard,Fiber,Bank Transfer,1216.33,12821.83,260.6,2.0,1.0,6.0,15.0,Yes
CUST12114,Female,30,Delhi,25,Monthly,Basic,,UPI,524.19,13634.16,4.4,1.0,1.0,7.0,0.0,Yes
CUST12115,Female,69,Chennai,7,Monthly,Premium,Fiber,UPI,1646.88,11007.32,218.7,2.0,1.0,,0.0,Yes
CUST12116,Male,43,Bengaluru,16,Monthly,Standard,DSL,Debit Card,1054.18,14097.12,107.6,1.0,1.0,,15.0,No
CUST12117,Female,39,Bengaluru,46,Quarterly,Basic,Fiber,Credit Card,819.97,37226.11,257.8,0.0,1.0,7.0,0.0,No
CUST12118,Female,56,Bengaluru,9,Monthly,Basic,DSL,Credit Card,781.59,6988.91,65.8,0.0,0.0,9.0,0.0,No
CUST12119,Female,19,Ahmedabad,50,Quarterly,Standard,,Bank Transfer,794.28,35232.26,4.7,2.0,0.0,6.0,10.0,No
CUST12120,Male,55,Kolkata,29,Quarterly,Standard,Fiber,Debit Card,1197.17,26274.56,196.0,1.0,0.0,7.0,25.0,Yes
CUST12121,Female,56,Kolkata,31,Yearly,Premium,DSL,Bank Transfer,1451.01,40690.78,105.5,1.0,2.0,8.0,10.0,Yes
CUST12122,Female,43,Kolkata,14,Monthly,Basic,Fiber,UPI,1034.96,14866.34,201.8,2.0,0.0,7.0,0.0,No
CUST12123,Male,63,Pune,11,Yearly,Basic,Fiber,,925.65,9815.61,151.2,4.0,2.0,5.0,5.0,No
CUST12124,Female,67,Hyderabad,17,Yearly,Premium,Fiber,Credit Card,1592.86,24482.51,174.1,3.0,0.0,6.0,10.0,No
CUST12125,Female,32,Pune,59,Quarterly,Premium,Fiber,UPI,1657.94,87546.38,196.5,1.0,0.0,6.0,10.0,No
CUST12126,Male,51,Bengaluru,13,Quarterly,Basic,Fiber,UPI,829.27,8285.39,189.1,2.0,1.0,6.0,20.0,No
CUST12127,Female,59,Pune,2,Monthly,Standard,Fiber,UPI,1208.08,1882.24,181.5,,0.0,8.0,20.0,No
CUST12128,Female,61,Kolkata,23,Yearly,Basic,Fiber,Credit Card,950.75,18578.38,236.7,1.0,2.0,6.0,,No
CUST12129,Female,66,Hyderabad,44,Monthly,Standard,DSL,Credit Card,1097.1,43278.22,108.8,4.0,2.0,4.0,10.0,Yes
CUST12130,Male,57,Delhi,25,Quarterly,Premium,Fiber,Cash,1557.63,37271.99,235.0,0.0,0.0,9.0,5.0,No
CUST12131,Female,28,Mumbai,61,Monthly,Basic,Fiber,Bank Transfer,929.11,52166.53,217.0,4.0,1.0,6.0,10.0,No
CUST12132,Female,20,Pune,33,Monthly,Basic,Fiber,Bank Transfer,954.43,28548.99,239.6,3.0,1.0,7.0,10.0,Yes
CUST12133,Male,23,,25,Quarterly,Basic,Fiber,Credit Card,827.59,20354.47,218.3,1.0,1.0,7.0,,No
CUST12134,Male,26,Jaipur,17,Yearly,Basic,Fiber,Bank Transfer,851.67,14145.18,190.7,2.0,0.0,7.0,5.0,No
CUST12135,Female,23,Delhi,30,Monthly,Basic,Fiber,UPI,874.21,25914.57,150.9,,2.0,4.0,0.0,Yes
CUST12136,Female,26,Kolkata,6,Yearly,Premium,Fiber,Debit Card,1786.36,8751.57,150.9,0.0,2.0,6.0,20.0,No
CUST12137,Female,56,Chennai,59,Quarterly,Basic,Fiber,Credit Card,840.16,49806.59,182.1,3.0,0.0,7.0,0.0,No
CUST12138,Female,48,Jaipur,36,Monthly,Standard,DSL,UPI,1076.01,33041.42,164.3,1.0,0.0,7.0,15.0,No
CUST12139,Male,49,Chennai,36,Monthly,Standard,Fiber,UPI,1171.75,39777.04,245.4,2.0,0.0,7.0,5.0,No
CUST12140,Female,58,Chennai,21,Quarterly,Standard,Fiber,Debit Card,,20118.7,176.9,1.0,0.0,8.0,15.0,No
CUST12141,Male,67,Chennai,49,Monthly,Standard,Fiber,UPI,1255.83,61284.26,163.6,4.0,0.0,5.0,0.0,No
CUST12142,Male,29,Kolkata,19,Monthly,Basic,,Bank Transfer,437.14,6806.13,10.2,3.0,1.0,6.0,15.0,No
CUST12143,Female,25,Kochi,14,Monthly,Standard,DSL,Cash,1165.48,15491.76,121.5,3.0,0.0,6.0,0.0,No
CUST12144,Female,25,,22,Monthly,Basic,Fiber,UPI,816.85,17010.66,150.9,2.0,2.0,7.0,5.0,Yes
CUST12145,Male,67,Bengaluru,37,Quarterly,Standard,Fiber,Credit Card,1146.76,43512.63,143.2,3.0,0.0,5.0,0.0,No
CUST12146,Male,45,Jaipur,12,Monthly,Basic,Fiber,Bank Transfer,945.75,9530.28,218.2,1.0,2.0,7.0,5.0,No
CUST12147,Female,37,Chennai,11,Monthly,Standard,Fiber,UPI,1260.2,10670.78,176.0,2.0,2.0,6.0,15.0,No
CUST12148,Male,64,Pune,11,Monthly,Standard,DSL,Cash,1068.66,10020.71,112.5,5.0,1.0,,15.0,Yes
CUST12149,Female,24,Hyderabad,15,Monthly,Standard,DSL,Bank Transfer,1007.38,15485.97,139.6,2.0,0.0,6.0,0.0,Yes
CUST12150,Female,28,Bengaluru,40,Monthly,Basic,Fiber,UPI,772.52,28683.3,178.9,4.0,1.0,6.0,5.0,No
CUST12151,Male,37,Kolkata,24,Quarterly,Basic,Fiber,UPI,892.81,18321.39,118.0,3.0,1.0,7.0,15.0,No
CUST12152,Male,33,Kolkata,8,Quarterly,Premium,DSL,Cash,1382.0,9869.65,125.5,3.0,1.0,7.0,10.0,No
CUST12153,Female,21,Delhi,72,Monthly,Basic,DSL,Cash,942.96,67591.91,112.8,5.0,0.0,7.0,0.0,No
CUST12154,Male,23,Delhi,7,Monthly,Basic,DSL,Credit Card,760.64,5515.15,128.7,1.0,0.0,7.0,0.0,No
CUST12155,Female,39,Ahmedabad,15,Monthly,Standard,Fiber,UPI,1096.86,14303.87,265.9,1.0,1.0,8.0,10.0,No
CUST12156,Female,43,Bengaluru,10,Monthly,Premium,DSL,Debit Card,1423.42,14743.1,187.8,3.0,0.0,6.0,0.0,No
CUST12157,Female,20,Jaipur,13,Quarterly,Standard,Fiber,UPI,1260.64,13793.02,231.9,1.0,1.0,5.0,10.0,No
CUST12158,Male,58,Mumbai,22,Monthly,Standard,Fiber,Cash,1293.0,25560.21,121.9,1.0,0.0,9.0,10.0,No
CUST12159,Female,59,Chennai,18,Monthly,Standard,DSL,Bank Transfer,1025.25,18508.22,84.0,4.0,1.0,7.0,0.0,No
CUST12160,Female,31,Jaipur,12,Quarterly,Basic,DSL,Debit Card,740.51,7914.31,51.0,1.0,0.0,9.0,10.0,No
CUST12161,Female,28,Pune,26,Monthly,Standard,Fiber,UPI,1245.18,27262.07,220.5,2.0,1.0,5.0,15.0,No
CUST12162,Female,35,Hyderabad,29,Quarterly,Premium,DSL,Bank Transfer,,38199.82,90.3,4.0,3.0,5.0,5.0,No
CUST12163,Female,29,Pune,33,Monthly,Premium,DSL,UPI,1477.78,48562.58,162.5,,0.0,5.0,0.0,Yes
CUST12164,Female,40,Delhi,22,Monthly,Basic,Fiber,UPI,922.85,17513.54,105.0,3.0,0.0,8.0,10.0,No
CUST12165,Female,29,Mumbai,28,Quarterly,Standard,DSL,Credit Card,1092.69,30253.64,73.1,1.0,1.0,6.0,0.0,No
CUST12166,Female,30,Kochi,32,Quarterly,Standard,Fiber,Credit Card,1196.89,32603.21,254.8,6.0,3.0,4.0,15.0,No
CUST12167,Female,42,Kolkata,13,Monthly,Basic,DSL,Bank Transfer,624.83,6224.39,68.6,3.0,2.0,6.0,20.0,Yes
CUST12168,Female,62,Pune,68,Quarterly,Standard,Fiber,Bank Transfer,1218.22,61966.83,140.1,3.0,0.0,7.0,25.0,No
CUST12169,Female,68,Delhi,57,Yearly,Basic,Fiber,Credit Card,829.92,45326.75,159.0,1.0,1.0,8.0,5.0,No
CUST12170,Male,36,Bengaluru,37,Yearly,Standard,DSL,Credit Card,1188.07,39264.27,116.8,1.0,1.0,7.0,10.0,No
CUST12171,Female,63,Bengaluru,16,Quarterly,Basic,Fiber,Credit Card,1040.36,14101.35,212.8,1.0,0.0,7.0,15.0,No
CUST12172,Female,53,Chennai,3,Yearly,Standard,Fiber,Credit Card,1108.41,3227.5,193.8,2.0,0.0,7.0,0.0,No
CUST12173,Female,62,Kolkata,4,Monthly,Standard,DSL,Bank Transfer,981.6,4463.64,71.1,1.0,1.0,8.0,0.0,No
CUST12174,Male,25,Chennai,17,Monthly,Standard,DSL,Debit Card,865.37,14000.07,76.0,3.0,1.0,5.0,5.0,No
CUST12175,Female,46,Ahmedabad,58,Monthly,Standard,Fiber,Cash,1258.84,58810.79,189.0,2.0,1.0,6.0,20.0,No
CUST12176,Male,70,Bengaluru,19,Monthly,Basic,Fiber,Debit Card,854.15,15057.54,191.1,0.0,1.0,7.0,5.0,No
CUST12177,Female,49,Delhi,10,Monthly,Standard,DSL,UPI,1071.65,11057.18,88.3,1.0,2.0,5.0,5.0,No
CUST12178,Female,68,Mumbai,11,Quarterly,Premium,Fiber,UPI,1556.87,15828.33,241.2,1.0,0.0,5.0,10.0,Yes
CUST12179,Male,61,Hyderabad,57,Monthly,Basic,Fiber,Credit Card,771.83,40423.87,199.2,2.0,1.0,5.0,10.0,No
CUST12180,Female,35,Bengaluru,18,Quarterly,Standard,Fiber,Credit Card,1216.85,22003.01,196.3,0.0,3.0,7.0,0.0,Yes
CUST12181,Male,23,Kochi,55,Monthly,Standard,DSL,Credit Card,1153.1,56775.55,81.8,3.0,1.0,7.0,10.0,No
CUST12182,Male,35,Mumbai,10,Monthly,Standard,Fiber,UPI,1197.76,10665.89,187.3,2.0,0.0,6.0,10.0,No
CUST12183,Female,36,Jaipur,11,Monthly,Standard,DSL,Cash,967.84,9686.43,89.8,5.0,0.0,4.0,10.0,No
CUST12184,Female,39,Hyderabad,15,Monthly,Standard,DSL,UPI,1038.15,14113.26,138.9,2.0,0.0,8.0,10.0,No
CUST12185,Female,54,Kochi,30,Monthly,Basic,Fiber,Debit Card,941.06,26615.65,150.2,3.0,1.0,7.0,5.0,No
CUST12186,Female,49,Chennai,34,Quarterly,Standard,Fiber,UPI,1183.85,32193.71,147.2,2.0,1.0,7.0,20.0,No
CUST12187,Male,58,Jaipur,12,Monthly,Standard,Fiber,Credit Card,1112.11,12805.36,145.5,,0.0,7.0,5.0,Yes
CUST12188,Male,20,Bengaluru,13,Monthly,Basic,Fiber,Credit Card,1061.58,12703.29,243.2,4.0,0.0,5.0,5.0,Yes
CUST12189,Female,45,Kolkata,6,Quarterly,Standard,Fiber,Credit Card,1079.0,5318.75,88.7,3.0,0.0,8.0,15.0,No
CUST12190,Male,27,Jaipur,6,Monthly,Standard,DSL,Credit Card,1231.97,,78.2,2.0,0.0,7.0,15.0,No
CUST12191,Male,68,Bengaluru,10,Monthly,Standard,Fiber,Debit Card,1192.58,11333.4,146.2,1.0,1.0,7.0,10.0,Yes
CUST12192,Female,52,Bengaluru,52,Monthly,Basic,DSL,Debit Card,821.78,42335.62,72.8,2.0,1.0,6.0,0.0,No
CUST12193,Male,46,Hyderabad,10,Monthly,Premium,DSL,Debit Card,1467.22,15619.09,100.7,2.0,2.0,6.0,0.0,Yes
CUST12194,Male,32,Jaipur,23,Quarterly,Standard,Fiber,Bank Transfer,1129.79,25586.97,134.5,4.0,2.0,6.0,0.0,Yes
CUST12195,Female,50,Chennai,16,Yearly,Standard,Fiber,Bank Transfer,1306.31,21104.48,199.5,1.0,2.0,5.0,0.0,Yes
CUST12196,Male,24,Chennai,10,,Basic,DSL,Bank Transfer,799.28,7857.86,,,0.0,6.0,10.0,No
CUST12197,Female,29,Bengaluru,31,Monthly,Standard,DSL,UPI,1042.35,27067.34,128.0,0.0,1.0,7.0,15.0,No
CUST12198,Male,66,,14,Quarterly,Premium,,Cash,1308.21,15919.55,2.7,7.0,0.0,4.0,10.0,Yes
CUST12199,Female,47,Ahmedabad,38,Monthly,Standard,Fiber,Cash,1189.01,45427.66,247.7,2.0,1.0,6.0,0.0,No
CUST12200,Male,38,Bengaluru,39,Monthly,Standard,,Bank Transfer,673.91,26246.78,8.4,5.0,0.0,7.0,0.0,No
CUST12201,Male,48,Pune,14,Monthly,Standard,Fiber,Credit Card,1063.15,13222.25,175.4,4.0,1.0,5.0,10.0,No
CUST12202,Female,41,Jaipur,35,Quarterly,Standard,Fiber,UPI,1198.23,37066.58,203.7,0.0,0.0,7.0,10.0,No
CUST12203,Female,37,Mumbai,35,Quarterly,Basic,Fiber,Bank Transfer,874.59,26677.64,157.5,2.0,0.0,7.0,15.0,No
CUST12204,Female,54,Pune,17,Quarterly,Standard,Fiber,Bank Transfer,1192.84,15334.53,229.0,4.0,1.0,8.0,25.0,Yes
CUST12205,Female,21,Bengaluru,15,Quarterly,Standard,DSL,Debit Card,1022.79,12617.28,51.8,2.0,2.0,6.0,20.0,Yes
CUST12206,Male,45,Chennai,26,Monthly,Basic,Fiber,Debit Card,810.27,20596.2,,1.0,1.0,7.0,5.0,No
CUST12207,Male,61,Mumbai,65,Monthly,Standard,DSL,UPI,939.39,,178.2,3.0,0.0,6.0,10.0,No
CUST12208,Male,37,Kolkata,44,Quarterly,Premium,DSL,Credit Card,1382.34,60912.46,82.5,3.0,0.0,5.0,0.0,No
CUST12209,Female,41,Delhi,22,Quarterly,Standard,,Bank Transfer,910.34,19269.5,7.3,1.0,2.0,7.0,0.0,No
CUST12210,Male,67,Hyderabad,3,Quarterly,Basic,Fiber,UPI,834.63,,213.0,4.0,2.0,6.0,0.0,No
CUST12211,Male,66,Chennai,21,Monthly,Premium,DSL,Debit Card,1533.37,32874.04,42.6,5.0,2.0,6.0,0.0,Yes
CUST12212,Female,68,Mumbai,3,Quarterly,Basic,Fiber,Bank Transfer,817.07,2406.55,173.0,4.0,0.0,6.0,0.0,Yes
CUST12213,Female,49,Kolkata,5,Monthly,Basic,Fiber,Credit Card,994.81,4193.41,122.2,4.0,1.0,5.0,15.0,Yes
CUST12214,Male,58,Delhi,11,Quarterly,Basic,DSL,UPI,708.75,7693.61,105.5,2.0,,8.0,5.0,No
CUST12215,Female,53,Pune,23,Monthly,Basic,Fiber,Bank Transfer,875.36,17351.22,,4.0,,6.0,15.0,No
CUST12216,Male,70,Bengaluru,12,Yearly,Basic,Fiber,UPI,876.05,8299.53,97.4,4.0,1.0,5.0,20.0,Yes
CUST12217,Male,51,,46,Monthly,Standard,DSL,Credit Card,1096.57,38185.35,103.7,2.0,1.0,6.0,25.0,No
CUST12218,Female,53,,21,Quarterly,Standard,Fiber,Bank Transfer,1220.17,20381.03,242.5,2.0,1.0,6.0,20.0,No
CUST12219,Male,19,Hyderabad,13,Quarterly,Standard,Fiber,Bank Transfer,1211.13,14323.37,237.6,3.0,0.0,6.0,10.0,Yes
CUST12220,Female,32,Mumbai,33,Monthly,Standard,Fiber,Bank Transfer,1193.53,36790.15,209.3,1.0,0.0,7.0,5.0,No
CUST12221,Female,51,Kolkata,12,Monthly,Standard,Fiber,Debit Card,1154.45,13043.72,190.5,2.0,0.0,7.0,10.0,No
CUST12222,Male,53,Mumbai,23,Quarterly,Basic,DSL,Credit Card,837.75,15941.89,59.0,3.0,1.0,6.0,15.0,No
CUST12223,Male,23,Jaipur,2,Monthly,Standard,Fiber,Bank Transfer,1206.88,2089.38,183.1,2.0,2.0,7.0,20.0,No
CUST12224,Male,56,Jaipur,12,Monthly,Standard,DSL,Debit Card,1095.93,9299.93,143.4,2.0,1.0,7.0,25.0,No
CUST12225,Female,59,Mumbai,44,Yearly,Premium,DSL,Debit Card,1466.01,57832.31,92.8,0.0,1.0,7.0,10.0,No
CUST12226,Male,68,Pune,29,Quarterly,Basic,DSL,Credit Card,716.27,19475.13,56.3,3.0,0.0,6.0,5.0,No
CUST12227,Female,68,Bengaluru,25,Monthly,Basic,DSL,Credit Card,941.63,17916.69,118.7,1.0,3.0,6.0,25.0,No
CUST12228,Female,29,Delhi,32,Quarterly,Standard,Fiber,Credit Card,1298.41,31900.91,174.3,1.0,1.0,6.0,25.0,No
CUST12229,Male,20,Kolkata,45,Monthly,Standard,Fiber,Credit Card,1156.79,49070.95,279.2,4.0,1.0,,5.0,No
CUST12230,Female,62,Pune,20,Yearly,Basic,Fiber,Credit Card,1064.21,18699.62,150.7,2.0,1.0,7.0,,No
CUST12231,Male,35,Pune,14,Quarterly,Standard,Fiber,Cash,1274.19,15682.75,,3.0,0.0,8.0,15.0,No
CUST12232,Male,57,Delhi,35,Yearly,Basic,Fiber,Credit Card,812.56,26660.82,215.0,1.0,1.0,7.0,5.0,No
CUST12233,Male,38,Delhi,18,Monthly,Premium,DSL,UPI,1520.56,24424.87,147.7,3.0,1.0,10.0,15.0,No
CUST12234,Male,32,Bengaluru,14,,Basic,DSL,Credit Card,783.29,10435.82,39.1,0.0,1.0,8.0,0.0,No
CUST12235,Male,50,Kolkata,16,Monthly,Basic,Fiber,Debit Card,913.25,14244.38,267.9,3.0,0.0,5.0,5.0,No
CUST12236,Male,52,Hyderabad,28,Monthly,Basic,Fiber,Cash,981.18,25331.06,134.0,3.0,2.0,6.0,5.0,No
CUST12237,Male,43,Pune,4,Quarterly,Standard,Fiber,Bank Transfer,1227.27,3909.68,211.5,0.0,0.0,9.0,10.0,Yes
CUST12238,Female,25,Mumbai,29,Monthly,Basic,DSL,Bank Transfer,589.21,16597.18,,1.0,2.0,7.0,0.0,No
CUST12239,Male,53,Delhi,8,Quarterly,Standard,DSL,Bank Transfer,941.73,7234.97,205.7,1.0,1.0,6.0,0.0,No
CUST12240,Female,65,Delhi,12,Yearly,Premium,Fiber,Cash,1531.55,15116.97,192.8,3.0,0.0,5.0,20.0,Yes
CUST12241,Female,47,Bengaluru,7,Monthly,Basic,DSL,UPI,909.65,6348.16,110.3,3.0,1.0,6.0,0.0,No
CUST12242,Female,40,Delhi,32,Monthly,Standard,,Credit Card,1252.13,,171.8,2.0,2.0,5.0,0.0,Yes
CUST12243,Male,59,Ahmedabad,25,Quarterly,Basic,Fiber,Credit Card,943.29,20448.37,104.0,5.0,1.0,5.0,15.0,No
CUST12244,Female,61,Jaipur,8,Yearly,Standard,Fiber,Credit Card,1208.63,8689.79,224.3,2.0,1.0,6.0,5.0,Yes
CUST12245,Female,31,Chennai,36,Quarterly,Basic,DSL,Debit Card,676.28,20640.68,148.5,2.0,0.0,9.0,15.0,No
CUST12246,Male,31,Hyderabad,5,Quarterly,Basic,Fiber,Credit Card,783.71,4334.47,250.7,3.0,0.0,8.0,5.0,No
CUST12247,Male,19,Bengaluru,16,Monthly,Standard,Fiber,Debit Card,1279.66,16976.2,174.8,4.0,0.0,6.0,15.0,No
CUST12248,Female,54,Jaipur,6,Monthly,Basic,Fiber,Credit Card,1033.07,6175.58,225.8,3.0,0.0,6.0,5.0,Yes
CUST12249,Male,22,Bengaluru,18,Quarterly,Premium,Fiber,Credit Card,1654.2,23457.94,60.0,2.0,1.0,8.0,20.0,No
CUST12250,Male,55,Kochi,14,Monthly,Standard,DSL,Credit Card,1010.73,13673.92,97.5,2.0,0.0,7.0,0.0,No
CUST12251,Male,62,Hyderabad,8,Yearly,Standard,Fiber,Bank Transfer,1167.28,8722.3,179.3,1.0,0.0,8.0,5.0,No
CUST12252,Male,58,Delhi,21,Monthly,Premium,DSL,Debit Card,1505.45,23156.31,122.6,0.0,0.0,9.0,25.0,No
CUST12253,Female,64,Jaipur,9,Monthly,Premium,Fiber,Cash,1590.68,13505.92,222.6,4.0,0.0,5.0,10.0,Yes
CUST12254,Male,31,Bengaluru,2,Quarterly,Standard,Fiber,Bank Transfer,1187.41,605.77,149.3,4.0,0.0,7.0,15.0,No
CUST12255,Male,56,Chennai,5,Quarterly,Standard,Fiber,Credit Card,1156.92,6044.72,136.5,1.0,1.0,7.0,0.0,No
CUST12256,Male,42,Chennai,16,Quarterly,Basic,Fiber,UPI,846.93,13131.07,162.2,0.0,1.0,5.0,5.0,Yes
CUST12257,Female,37,Mumbai,17,Yearly,Standard,Fiber,Debit Card,1190.37,20007.76,227.3,3.0,0.0,5.0,0.0,No
CUST12258,Female,19,Hyderabad,11,Yearly,Standard,Fiber,Bank Transfer,1073.3,10805.7,193.4,3.0,0.0,6.0,0.0,Yes
CUST12259,Male,56,Pune,50,Yearly,Premium,DSL,Credit Card,1499.54,71455.65,1.4,0.0,3.0,8.0,5.0,No
CUST12260,Male,23,Kolkata,26,Yearly,Basic,DSL,,600.63,11488.74,131.3,2.0,0.0,7.0,25.0,No
CUST12261,Female,34,Bengaluru,27,Quarterly,Basic,DSL,Debit Card,835.23,,136.2,0.0,1.0,7.0,0.0,No
CUST12262,Male,42,Jaipur,10,Quarterly,Basic,Fiber,UPI,857.78,9173.28,231.2,5.0,0.0,7.0,0.0,Yes
CUST12263,Male,45,Mumbai,9,Monthly,Premium,Fiber,Cash,1590.48,15048.13,198.6,1.0,1.0,6.0,0.0,Yes
CUST12264,Female,19,Mumbai,24,,Basic,Fiber,Debit Card,944.64,19016.24,221.3,1.0,2.0,6.0,15.0,No
CUST12265,,52,Mumbai,17,Monthly,Standard,DSL,UPI,1026.97,16198.25,102.0,2.0,0.0,7.0,5.0,No
CUST12266,Male,54,Bengaluru,25,Monthly,Standard,,UPI,790.93,,7.1,3.0,1.0,6.0,5.0,No
CUST12267,Female,22,Bengaluru,17,Monthly,Basic,DSL,Bank Transfer,772.91,10368.87,99.7,3.0,0.0,7.0,15.0,No
CUST12268,Female,18,Kochi,33,Monthly,Standard,Fiber,Bank Transfer,1375.87,45011.49,,1.0,1.0,8.0,0.0,No
CUST12269,Male,57,,21,Yearly,Standard,Fiber,Debit Card,1263.02,25734.96,232.0,2.0,1.0,6.0,5.0,No
CUST12270,Female,29,Bengaluru,18,Yearly,Basic,Fiber,Debit Card,839.37,15334.61,234.3,2.0,0.0,5.0,0.0,Yes
CUST12271,Male,53,Bengaluru,29,Monthly,Standard,Fiber,Debit Card,1171.84,34512.39,102.9,3.0,0.0,7.0,0.0,Yes
CUST12272,Male,62,Kolkata,54,Monthly,Premium,Fiber,Credit Card,1561.82,,165.3,2.0,0.0,5.0,0.0,No
CUST12273,Male,40,Ahmedabad,32,Yearly,Premium,Fiber,Cash,1517.47,48559.42,210.7,6.0,0.0,6.0,0.0,No
CUST12274,Female,64,Mumbai,7,Yearly,Standard,Fiber,Credit Card,1247.99,8346.68,112.2,1.0,2.0,8.0,5.0,No
CUST12275,Female,48,Bengaluru,18,Yearly,Standard,Fiber,UPI,1173.92,21399.53,201.9,1.0,0.0,9.0,0.0,No
CUST12276,Male,28,Mumbai,19,Yearly,Basic,Fiber,Credit Card,925.42,17471.39,,1.0,1.0,7.0,0.0,No
CUST12277,Male,27,Bengaluru,26,Yearly,Premium,DSL,UPI,1240.81,32419.63,134.6,1.0,1.0,9.0,0.0,No
CUST12278,,20,Bengaluru,15,Monthly,Basic,Fiber,Credit Card,955.2,14508.91,183.6,0.0,0.0,6.0,0.0,No
CUST12279,Female,31,Hyderabad,21,Monthly,Standard,Fiber,Debit Card,1152.64,24327.07,199.4,,1.0,8.0,0.0,No
CUST12280,Female,33,Mumbai,22,Quarterly,Basic,DSL,UPI,669.58,14447.19,85.7,1.0,1.0,6.0,0.0,No
CUST12281,Male,27,Chennai,25,Monthly,Basic,DSL,Bank Transfer,642.99,12725.3,87.2,0.0,0.0,8.0,25.0,Yes
CUST12282,Female,46,Mumbai,7,Yearly,Basic,Fiber,Debit Card,826.41,5868.74,232.0,2.0,0.0,7.0,10.0,No
CUST12283,Female,27,Kochi,8,Monthly,Standard,DSL,UPI,1015.77,6275.44,129.2,2.0,1.0,8.0,15.0,Yes
CUST12284,Male,29,Jaipur,64,Quarterly,Standard,Fiber,Credit Card,1271.1,68137.94,166.3,2.0,1.0,6.0,15.0,No
CUST12285,Male,47,Chennai,3,Monthly,Standard,Fiber,Credit Card,1164.5,2923.45,232.4,1.0,1.0,10.0,10.0,No
CUST12286,Male,58,Delhi,22,Monthly,Basic,Fiber,UPI,978.62,18976.5,88.2,3.0,1.0,4.0,10.0,No
CUST12287,Female,18,Delhi,32,Quarterly,Premium,Fiber,UPI,1623.37,45929.85,,3.0,1.0,6.0,,Yes
CUST12288,Male,22,Hyderabad,9,Yearly,Basic,DSL,UPI,895.55,7065.84,105.9,2.0,0.0,8.0,10.0,Yes
CUST12289,Male,37,Kolkata,43,Monthly,Basic,Fiber,Credit Card,859.93,30295.12,122.5,4.0,1.0,7.0,20.0,No
CUST12290,Male,25,Hyderabad,21,Yearly,Standard,Fiber,UPI,1233.1,26123.71,98.4,4.0,0.0,5.0,0.0,No
CUST12291,Male,60,Ahmedabad,55,Yearly,Premium,,UPI,1349.91,74654.59,5.4,2.0,2.0,4.0,0.0,No
CUST12292,Female,29,Kochi,10,Quarterly,Basic,Fiber,Bank Transfer,950.43,10165.65,208.1,0.0,1.0,9.0,0.0,No
CUST12293,Male,18,Delhi,18,Quarterly,Standard,DSL,UPI,1036.38,16242.25,65.9,1.0,2.0,7.0,15.0,No
CUST12294,Female,37,Chennai,14,Quarterly,Standard,Fiber,Credit Card,1160.99,15358.54,,5.0,0.0,4.0,5.0,Yes
CUST12295,Female,45,Bengaluru,13,Monthly,Premium,Fiber,UPI,1444.51,15607.04,163.8,2.0,0.0,7.0,20.0,No
CUST12296,,60,Mumbai,14,Monthly,Basic,Fiber,UPI,880.84,11315.71,329.2,3.0,0.0,,5.0,No
CUST12297,Male,54,Hyderabad,16,Yearly,Standard,DSL,Bank Transfer,976.21,14078.75,70.8,1.0,0.0,9.0,5.0,No
CUST12298,Female,64,Mumbai,15,Quarterly,Basic,DSL,UPI,706.66,10769.49,90.5,0.0,0.0,8.0,5.0,No
CUST12299,Male,54,Jaipur,34,Monthly,Basic,Fiber,UPI,904.13,28435.24,172.9,5.0,0.0,6.0,10.0,No
CUST12300,Male,29,Bengaluru,33,Quarterly,Basic,Fiber,Debit Card,775.11,21537.6,192.5,2.0,2.0,,15.0,No
CUST12301,,54,Hyderabad,6,Monthly,Premium,,UPI,1170.57,,6.9,6.0,0.0,7.0,5.0,No
CUST12302,Female,66,Chennai,14,Monthly,Basic,DSL,Credit Card,780.99,10119.69,112.4,2.0,0.0,8.0,10.0,No
CUST12303,Male,66,Pune,26,Monthly,Premium,Fiber,UPI,1498.8,38420.65,164.1,2.0,0.0,8.0,0.0,No
CUST12304,Male,61,Delhi,25,Monthly,Basic,Fiber,Credit Card,896.38,20048.44,158.7,7.0,0.0,5.0,10.0,No
CUST12305,Male,45,Ahmedabad,18,Monthly,Premium,DSL,UPI,1337.87,22994.86,76.6,2.0,1.0,7.0,5.0,No
CUST12306,Female,64,Chennai,21,Monthly,Standard,Fiber,Cash,1242.11,20521.84,186.6,3.0,1.0,5.0,20.0,No
CUST12307,Female,32,Hyderabad,16,Quarterly,Basic,DSL,Credit Card,802.57,10822.58,110.8,4.0,2.0,6.0,20.0,No
CUST12308,Female,23,Bengaluru,36,Monthly,Standard,Fiber,Debit Card,1298.79,44547.22,299.1,0.0,1.0,7.0,5.0,No
CUST12309,Male,61,Hyderabad,34,Monthly,Basic,DSL,Debit Card,849.62,28818.95,151.9,2.0,0.0,,0.0,No
CUST12310,Female,37,Ahmedabad,17,Monthly,Standard,Fiber,Bank Transfer,1221.93,18148.2,102.4,3.0,1.0,6.0,15.0,No
CUST12311,Male,67,Pune,20,Monthly,Standard,DSL,Debit Card,909.07,18257.16,180.6,2.0,0.0,7.0,0.0,No
CUST12312,Male,31,Ahmedabad,17,Monthly,Standard,DSL,Bank Transfer,1050.17,16602.67,86.9,3.0,3.0,7.0,5.0,No
CUST12313,Female,19,Hyderabad,19,Monthly,Standard,DSL,Credit Card,1086.63,21278.3,85.2,3.0,1.0,7.0,0.0,No
CUST12314,Male,26,Bengaluru,40,Monthly,Standard,DSL,Credit Card,1059.67,40254.55,92.1,1.0,0.0,6.0,5.0,No
CUST12315,,54,Bengaluru,15,Yearly,Basic,DSL,Bank Transfer,883.02,10259.06,13.7,1.0,0.0,9.0,10.0,No
CUST12316,Male,37,Delhi,13,Monthly,Premium,DSL,Bank Transfer,1553.81,19329.83,152.1,1.0,0.0,5.0,5.0,No
CUST12317,Female,43,Pune,20,Monthly,Premium,Fiber,UPI,1602.1,24674.02,226.9,3.0,1.0,7.0,20.0,No
CUST12318,Male,46,Ahmedabad,67,Monthly,Basic,Fiber,,959.66,58911.73,214.6,3.0,1.0,6.0,10.0,No
CUST12319,Male,18,Delhi,17,Monthly,Basic,,Debit Card,,9861.31,93.7,4.0,0.0,5.0,10.0,Yes
CUST12320,Male,52,Hyderabad,12,Quarterly,Standard,DSL,UPI,1065.13,12323.63,67.4,3.0,0.0,5.0,5.0,Yes
CUST12321,Male,23,Hyderabad,31,Monthly,Standard,Fiber,Cash,1098.9,34442.12,168.8,1.0,0.0,9.0,0.0,No
CUST12322,Male,54,Hyderabad,33,Monthly,Basic,DSL,Debit Card,735.68,20958.22,82.5,1.0,0.0,8.0,10.0,No
CUST12323,Female,70,Mumbai,22,Monthly,Basic,Fiber,Debit Card,845.7,16943.73,170.2,2.0,1.0,7.0,10.0,No
CUST12324,Male,22,Bengaluru,13,Quarterly,Standard,Fiber,UPI,,13669.09,204.7,0.0,0.0,9.0,5.0,No
CUST12325,Female,50,Mumbai,36,Monthly,Standard,DSL,,985.01,33483.41,101.5,2.0,1.0,6.0,5.0,No
CUST12326,Female,66,Bengaluru,8,Quarterly,Basic,DSL,UPI,717.99,5674.69,82.5,2.0,0.0,9.0,5.0,No
CUST12327,Female,68,Mumbai,2,Monthly,Premium,DSL,UPI,1404.25,2250.56,147.6,2.0,1.0,7.0,10.0,No
CUST12328,Male,31,Bengaluru,18,Monthly,Standard,DSL,Credit Card,1100.66,,118.9,2.0,0.0,4.0,10.0,Yes
CUST12329,Male,29,Pune,63,Quarterly,Standard,Fiber,Bank Transfer,1178.85,67080.46,271.7,1.0,0.0,9.0,10.0,No
CUST12330,Male,59,Delhi,23,Quarterly,Standard,Fiber,Debit Card,1196.35,22370.29,149.4,2.0,3.0,3.0,20.0,Yes
CUST12331,Female,37,Kochi,16,Quarterly,Basic,DSL,UPI,773.29,10582.87,112.0,2.0,0.0,7.0,10.0,No
CUST12332,Male,70,Mumbai,27,Monthly,Standard,Fiber,UPI,1223.03,32628.06,192.8,3.0,1.0,7.0,0.0,No
CUST12333,Male,67,Delhi,27,Monthly,Basic,Fiber,Debit Card,814.49,19693.37,200.4,2.0,0.0,5.0,10.0,Yes
CUST12334,Female,41,Delhi,43,Monthly,Basic,DSL,Credit Card,728.85,29167.22,,0.0,1.0,7.0,10.0,Yes
CUST12335,Female,60,Bengaluru,11,Quarterly,Basic,DSL,Cash,768.98,9324.42,61.3,1.0,1.0,7.0,0.0,Yes
CUST12336,Female,51,Ahmedabad,28,Quarterly,Basic,DSL,Bank Transfer,679.53,18620.12,97.6,4.0,0.0,7.0,5.0,No
CUST12337,Female,42,Bengaluru,20,Monthly,Standard,DSL,Bank Transfer,970.49,18506.68,41.3,2.0,0.0,8.0,10.0,No
CUST12338,Female,67,Kochi,21,,Standard,Fiber,UPI,1106.15,21444.91,281.0,5.0,1.0,4.0,10.0,No
CUST12339,Female,46,Jaipur,19,Quarterly,Basic,,Bank Transfer,916.16,14061.93,140.5,2.0,1.0,6.0,20.0,No
CUST12340,Male,56,Chennai,19,Monthly,Basic,DSL,UPI,726.49,11179.77,65.7,5.0,1.0,4.0,15.0,No
CUST12341,Female,48,Chennai,6,Yearly,Standard,DSL,Debit Card,1037.89,5362.49,106.5,3.0,1.0,4.0,0.0,Yes
CUST12342,Male,64,Pune,15,Yearly,Basic,Fiber,Credit Card,757.59,9982.71,179.8,4.0,2.0,5.0,10.0,No
CUST12343,Male,60,Delhi,19,Monthly,Basic,Fiber,Debit Card,905.67,15582.51,194.0,1.0,0.0,9.0,10.0,No
CUST12344,Male,67,Pune,26,Yearly,Standard,DSL,UPI,1059.65,28702.3,44.9,1.0,2.0,7.0,0.0,No
CUST12345,Female,40,,22,Monthly,Premium,Fiber,Credit Card,1621.07,35550.56,237.3,3.0,1.0,7.0,0.0,No
CUST12346,Male,61,Bengaluru,21,Quarterly,Premium,DSL,UPI,1565.37,32949.16,110.3,4.0,0.0,5.0,0.0,Yes
CUST12347,Female,55,Hyderabad,30,Yearly,Standard,Fiber,UPI,1139.22,34349.13,130.9,2.0,0.0,,0.0,No
CUST12348,Female,37,Chennai,47,Monthly,Basic,Fiber,Debit Card,939.02,37616.73,218.1,2.0,0.0,8.0,15.0,No
CUST12349,Male,40,,18,Monthly,Standard,DSL,Cash,1076.76,20270.56,49.3,3.0,2.0,7.0,0.0,No
CUST12350,Female,62,Bengaluru,11,Yearly,Basic,Fiber,Bank Transfer,936.42,10964.56,141.8,2.0,0.0,7.0,0.0,No
CUST12351,Male,69,Ahmedabad,36,Monthly,,Fiber,Credit Card,875.17,31508.72,88.6,5.0,0.0,7.0,0.0,No
CUST12352,Male,33,Mumbai,28,Monthly,Standard,,UPI,1111.08,27687.12,31.8,2.0,1.0,6.0,10.0,No
CUST12353,Female,67,Delhi,17,Monthly,Standard,DSL,UPI,991.65,16576.64,133.0,1.0,0.0,8.0,0.0,No
CUST12354,Male,59,Delhi,2,Yearly,Basic,Fiber,UPI,862.42,1741.24,194.7,2.0,2.0,6.0,0.0,No
CUST12355,Male,25,Hyderabad,37,Yearly,Basic,Fiber,Cash,885.18,30758.68,243.7,1.0,2.0,7.0,5.0,No
CUST12356,Male,67,Bengaluru,11,Monthly,Standard,Fiber,Credit Card,1181.65,13450.88,85.8,2.0,1.0,7.0,0.0,Yes
CUST12357,Female,38,Hyderabad,18,Yearly,Premium,DSL,Bank Transfer,1479.89,24968.25,57.5,2.0,2.0,7.0,5.0,Yes
CUST12358,Male,18,Ahmedabad,16,Monthly,Standard,Fiber,Bank Transfer,1220.82,17380.86,192.2,1.0,2.0,8.0,15.0,No
CUST12359,Female,25,Hyderabad,38,Yearly,Standard,Fiber,Debit Card,1221.51,46762.46,94.3,5.0,2.0,5.0,0.0,No
CUST12360,Female,46,Hyderabad,25,Quarterly,Premium,Fiber,Cash,1705.74,41990.32,138.3,4.0,0.0,7.0,0.0,No
CUST12361,Male,49,,8,Monthly,Standard,Fiber,UPI,1183.37,10203.32,151.0,0.0,1.0,7.0,0.0,Yes
CUST12362,Male,55,Pune,72,Monthly,Standard,Fiber,Credit Card,1284.5,73325.71,,2.0,0.0,9.0,20.0,No
CUST12363,Female,22,Hyderabad,29,Monthly,Basic,Fiber,Bank Transfer,814.84,24433.35,251.9,0.0,,10.0,,No
CUST12364,Female,64,Mumbai,12,Monthly,Basic,,Debit Card,539.74,5229.8,7.0,1.0,0.0,8.0,25.0,No
CUST12365,Male,39,Jaipur,45,Quarterly,Standard,,UPI,844.64,33428.46,5.5,3.0,0.0,6.0,15.0,No
CUST12366,Male,64,Chennai,20,Monthly,Basic,Fiber,UPI,795.34,13842.94,257.0,4.0,0.0,6.0,5.0,No
CUST12367,Female,51,Mumbai,18,Yearly,Basic,DSL,Bank Transfer,753.6,12279.29,103.4,4.0,1.0,5.0,10.0,No
CUST12368,,18,Mumbai,19,Quarterly,Standard,DSL,UPI,1059.26,,99.2,7.0,2.0,5.0,5.0,Yes
CUST12369,Female,43,Ahmedabad,20,Quarterly,Basic,Fiber,Cash,947.79,16750.79,147.7,1.0,1.0,5.0,10.0,No
CUST12370,Female,60,Bengaluru,20,Monthly,Premium,Fiber,UPI,1638.57,29989.02,103.3,,0.0,7.0,10.0,No
CUST12371,Female,27,Kochi,19,Yearly,Basic,Fiber,Debit Card,797.8,13482.03,140.7,2.0,0.0,8.0,10.0,No
CUST12372,Male,47,Bengaluru,14,Quarterly,Standard,DSL,Debit Card,1145.68,16759.95,107.2,1.0,2.0,8.0,0.0,No
CUST12373,Female,67,Ahmedabad,12,Yearly,Standard,DSL,Debit Card,1013.0,10475.23,117.1,1.0,0.0,8.0,10.0,No
CUST12374,Female,35,Delhi,23,Yearly,Standard,,Credit Card,801.61,15634.93,0.5,5.0,0.0,5.0,10.0,Yes
CUST12375,Male,34,Hyderabad,12,Monthly,Standard,DSL,Bank Transfer,1089.22,12697.69,98.8,3.0,2.0,5.0,0.0,No
CUST12376,Male,43,Jaipur,25,Monthly,Standard,DSL,Debit Card,1118.08,21250.72,77.7,2.0,2.0,6.0,25.0,No
CUST12377,Female,25,Hyderabad,44,Yearly,Premium,DSL,Bank Transfer,1412.23,62639.05,129.6,5.0,0.0,4.0,0.0,No
CUST12378,Female,64,Chennai,20,Yearly,Premium,DSL,UPI,1446.45,22665.0,102.2,0.0,0.0,8.0,20.0,No
CUST12379,Male,57,Bengaluru,23,Quarterly,Standard,Fiber,UPI,1272.89,26609.25,271.6,1.0,2.0,9.0,10.0,No
CUST12380,Female,66,Bengaluru,38,Monthly,Standard,Fiber,UPI,1125.55,38669.52,298.3,1.0,0.0,8.0,10.0,No
CUST12381,Female,29,Mumbai,18,Quarterly,Basic,DSL,UPI,526.11,7679.64,79.7,1.0,1.0,8.0,20.0,No
CUST12382,Male,44,Pune,13,Monthly,Premium,DSL,Debit Card,1493.02,17371.89,75.0,1.0,0.0,6.0,15.0,No
CUST12383,Female,25,Bengaluru,2,Monthly,Premium,Fiber,Credit Card,1673.2,3203.05,,1.0,0.0,9.0,0.0,No
CUST12384,Male,42,Bengaluru,22,Monthly,Standard,DSL,Bank Transfer,922.45,17795.56,115.9,1.0,1.0,9.0,10.0,No
CUST12385,Male,63,Hyderabad,14,Monthly,Standard,,UPI,848.38,11915.21,8.4,1.0,0.0,8.0,0.0,No
CUST12386,Male,21,Pune,17,Monthly,Standard,DSL,Credit Card,1010.16,16232.85,,3.0,0.0,7.0,5.0,No
CUST12387,Male,50,Kolkata,3,Yearly,Basic,Fiber,Bank Transfer,910.29,2636.64,196.1,3.0,1.0,6.0,20.0,No
CUST12388,Female,18,Mumbai,17,Yearly,Premium,DSL,Cash,1284.52,21840.72,63.0,0.0,1.0,7.0,0.0,No
CUST12389,Male,36,Bengaluru,9,Yearly,Standard,Fiber,Cash,1098.61,10014.08,227.7,1.0,0.0,10.0,0.0,No
CUST12390,,48,Kochi,7,Yearly,Standard,Fiber,Bank Transfer,1235.9,7642.88,142.5,3.0,0.0,,10.0,No
CUST12391,Female,33,Mumbai,9,Monthly,Standard,DSL,Debit Card,1039.34,7743.55,169.2,2.0,0.0,9.0,5.0,No
CUST12392,Female,31,Ahmedabad,9,Yearly,,DSL,Cash,1570.36,13517.63,91.7,4.0,0.0,8.0,5.0,No
CUST12393,Female,70,Ahmedabad,34,Yearly,Standard,Fiber,Bank Transfer,1247.08,38751.19,176.7,0.0,1.0,8.0,10.0,No
CUST12394,Female,65,Kolkata,39,Yearly,Basic,DSL,Cash,672.96,23912.83,119.7,2.0,0.0,7.0,10.0,No
CUST12395,Male,22,Mumbai,22,Quarterly,Standard,Fiber,UPI,1257.55,25525.42,269.4,5.0,0.0,4.0,5.0,No
CUST12396,Male,58,Ahmedabad,54,Monthly,Premium,DSL,Cash,1586.67,81226.91,104.3,0.0,3.0,8.0,5.0,No
CUST12397,Male,43,Kolkata,16,Monthly,Standard,DSL,Debit Card,1044.22,12406.01,19.6,2.0,2.0,6.0,25.0,Yes
CUST12398,Male,45,Chennai,1,Monthly,Premium,Fiber,UPI,1632.22,1501.27,319.0,1.0,1.0,7.0,25.0,Yes
CUST12399,Female,19,Delhi,11,Yearly,Premium,Fiber,UPI,1666.03,16565.7,296.2,1.0,0.0,7.0,10.0,Yes
CUST12400,Male,67,Mumbai,19,Monthly,Standard,,Bank Transfer,836.65,14390.59,2.5,0.0,1.0,8.0,0.0,No
CUST12401,Female,23,Bengaluru,10,Yearly,Basic,Fiber,Credit Card,730.79,6427.92,120.3,4.0,0.0,7.0,5.0,No
CUST12402,Female,26,Hyderabad,21,Monthly,Basic,Fiber,Cash,944.47,15685.35,255.6,1.0,4.0,6.0,20.0,Yes
CUST12403,Male,50,Chennai,30,Quarterly,Standard,Fiber,UPI,1263.98,35698.22,82.6,0.0,2.0,9.0,5.0,No
CUST12404,Male,58,Delhi,10,Monthly,Standard,Fiber,Credit Card,1317.05,9776.45,187.5,2.0,0.0,7.0,25.0,No
CUST12405,Male,42,Hyderabad,48,Monthly,Standard,DSL,Credit Card,961.98,43628.68,105.4,4.0,0.0,6.0,5.0,No
CUST12406,Male,65,Delhi,65,Monthly,Standard,Fiber,Credit Card,1115.68,61521.99,141.4,5.0,2.0,4.0,15.0,No
CUST12407,Female,30,Pune,58,Quarterly,Basic,DSL,Debit Card,694.87,40697.05,96.4,1.0,1.0,7.0,0.0,No
CUST12408,Female,26,Jaipur,4,Monthly,Standard,Fiber,Debit Card,,5090.91,213.7,3.0,1.0,6.0,5.0,Yes
CUST12409,Male,70,Mumbai,14,Quarterly,Standard,DSL,UPI,1093.07,13692.79,124.0,6.0,0.0,3.0,10.0,No
CUST12410,Female,30,Delhi,24,Monthly,Basic,DSL,UPI,660.31,13763.03,,1.0,2.0,7.0,15.0,Yes
CUST12411,Female,48,Bengaluru,6,Yearly,Standard,Fiber,UPI,1275.94,7099.74,168.4,2.0,1.0,8.0,10.0,No
CUST12412,Female,58,Pune,7,Monthly,Premium,,Bank Transfer,1321.9,9938.26,7.3,5.0,1.0,8.0,0.0,Yes
CUST12413,Male,28,Kolkata,4,Quarterly,Standard,Fiber,Credit Card,1274.19,4413.04,228.3,3.0,0.0,6.0,20.0,No
CUST12414,Female,21,Jaipur,21,Monthly,Basic,,Credit Card,725.17,14738.91,155.9,5.0,1.0,5.0,10.0,Yes
CUST12415,Male,51,Mumbai,25,Quarterly,Standard,,Credit Card,671.2,17128.84,6.6,4.0,0.0,7.0,0.0,No
CUST12416,Male,55,Kochi,38,Monthly,Basic,,Bank Transfer,878.1,30890.52,152.9,1.0,0.0,7.0,5.0,No
CUST12417,Female,63,Bengaluru,28,Quarterly,Standard,DSL,UPI,1002.57,25936.47,88.1,1.0,0.0,7.0,10.0,No
CUST12418,Female,21,Chennai,31,Yearly,Basic,Fiber,UPI,957.41,28655.79,233.5,4.0,1.0,4.0,5.0,Yes
CUST12419,Male,55,Bengaluru,5,Monthly,Premium,Fiber,Debit Card,1609.73,6888.26,168.8,1.0,3.0,7.0,20.0,No
CUST12420,Female,36,Jaipur,24,Monthly,Basic,Fiber,Cash,990.3,,,2.0,0.0,8.0,5.0,No
CUST12421,Female,23,Chennai,19,Quarterly,Standard,,Debit Card,845.9,15011.82,7.6,3.0,1.0,6.0,10.0,No
CUST12422,Male,51,Pune,12,Quarterly,Basic,,UPI,555.5,7159.84,5.5,0.0,1.0,8.0,0.0,No
CUST12423,Male,35,Ahmedabad,15,Monthly,Premium,,Credit Card,1614.39,22305.43,158.3,2.0,1.0,7.0,5.0,No
CUST12424,Male,30,Bengaluru,25,Monthly,Standard,Fiber,Cash,1233.41,31189.64,175.2,3.0,2.0,7.0,,No
CUST12425,Male,58,Bengaluru,32,Monthly,Premium,Fiber,Debit Card,1501.18,48184.16,205.0,2.0,2.0,7.0,0.0,No
CUST12426,Female,40,Jaipur,60,Monthly,Standard,Fiber,Credit Card,1350.05,81007.65,113.2,1.0,0.0,6.0,0.0,No
CUST12427,Female,36,Delhi,26,,Standard,Fiber,Credit Card,1194.35,31011.18,62.1,3.0,1.0,7.0,0.0,No
CUST12428,Male,62,Bengaluru,34,Yearly,Premium,DSL,Cash,1496.01,49912.14,139.3,3.0,2.0,5.0,0.0,No
CUST12429,Male,28,Hyderabad,33,Monthly,Basic,DSL,Bank Transfer,871.27,27279.97,49.4,5.0,2.0,4.0,5.0,Yes
CUST12430,Male,18,Chennai,40,Quarterly,Standard,DSL,Debit Card,1049.37,42362.85,60.1,2.0,1.0,6.0,0.0,No
CUST12431,Female,41,Bengaluru,8,Yearly,Basic,DSL,UPI,670.32,4950.57,136.0,0.0,2.0,7.0,0.0,No
CUST12432,Male,24,Mumbai,21,Monthly,Standard,DSL,Debit Card,967.77,15213.98,73.9,4.0,1.0,5.0,,No
CUST12433,Female,42,Bengaluru,10,Quarterly,Premium,DSL,Credit Card,1414.02,13178.97,108.6,1.0,1.0,7.0,5.0,Yes
CUST12434,Male,38,Hyderabad,10,Yearly,Premium,Fiber,UPI,1626.67,15238.88,138.4,3.0,1.0,5.0,5.0,No
CUST12435,Male,32,,27,Monthly,Basic,Fiber,Bank Transfer,,24327.41,91.2,2.0,0.0,8.0,0.0,No
CUST12436,Male,18,Kochi,27,Monthly,Standard,Fiber,Credit Card,1290.39,33428.74,202.4,1.0,2.0,6.0,5.0,No
CUST12437,Female,29,Pune,26,Yearly,Standard,DSL,UPI,927.07,21703.07,134.5,4.0,0.0,5.0,10.0,No
CUST12438,Female,24,Mumbai,13,Yearly,Basic,,,,6603.01,3.9,0.0,0.0,6.0,5.0,No
CUST12439,Female,32,Jaipur,22,Monthly,Basic,DSL,UPI,799.25,17303.01,149.9,2.0,1.0,9.0,5.0,No
CUST12440,Male,38,Chennai,17,Monthly,Standard,,Bank Transfer,896.25,14140.94,5.5,3.0,3.0,4.0,10.0,No
CUST12441,Female,36,Bengaluru,26,Monthly,Premium,Fiber,Debit Card,1406.65,29224.92,237.7,1.0,2.0,7.0,20.0,No
CUST12442,Female,46,Jaipur,39,Monthly,Standard,DSL,Cash,1020.24,32456.35,107.5,2.0,0.0,8.0,20.0,Yes
CUST12443,Male,42,Kolkata,10,Monthly,Standard,DSL,Bank Transfer,1115.1,11942.62,56.8,2.0,1.0,6.0,0.0,Yes
CUST12444,Male,50,Kolkata,20,Quarterly,Standard,DSL,Bank Transfer,985.0,17259.69,79.4,4.0,,6.0,10.0,Yes
CUST12445,Female,66,Pune,34,Yearly,Standard,,Credit Card,755.1,25115.78,3.9,1.0,1.0,8.0,0.0,No
CUST12446,Female,49,Mumbai,5,Monthly,Premium,DSL,Credit Card,1495.11,5611.94,143.4,1.0,0.0,8.0,10.0,No
CUST12447,Female,66,Mumbai,36,Yearly,Standard,Fiber,Cash,1223.93,41504.08,85.6,2.0,0.0,8.0,5.0,No
CUST12448,Female,52,Pune,3,Monthly,,Fiber,UPI,918.44,2423.88,164.8,1.0,2.0,,5.0,No
CUST12449,Male,61,Mumbai,8,Monthly,Standard,DSL,Bank Transfer,998.3,6372.14,88.8,1.0,0.0,7.0,10.0,No
CUST12450,Male,55,Hyderabad,19,Monthly,Premium,,UPI,1144.83,19157.4,5.2,1.0,0.0,10.0,10.0,No
CUST12451,Male,43,Kolkata,16,Monthly,Standard,Fiber,UPI,1275.96,18743.6,219.2,3.0,1.0,8.0,10.0,Yes
CUST12452,Female,28,Kolkata,15,Monthly,Standard,DSL,UPI,1316.99,19886.67,55.9,2.0,0.0,,0.0,Yes
CUST12453,Female,52,Hyderabad,57,Yearly,Basic,DSL,UPI,620.38,31445.45,142.1,2.0,1.0,7.0,10.0,No
CUST12454,Male,25,Ahmedabad,8,Monthly,Basic,Fiber,Cash,981.62,7294.68,,0.0,0.0,8.0,15.0,No
CUST12455,Male,63,Ahmedabad,27,Quarterly,Premium,Fiber,Bank Transfer,1586.3,42156.52,216.4,0.0,1.0,8.0,0.0,No
CUST12456,Female,31,Pune,59,Monthly,Basic,Fiber,Debit Card,925.37,54847.07,225.6,2.0,1.0,9.0,0.0,No
CUST12457,,27,Mumbai,35,Monthly,Basic,Fiber,Bank Transfer,895.22,26516.72,240.9,2.0,0.0,7.0,15.0,No
CUST12458,Male,19,Mumbai,25,Quarterly,Standard,Fiber,Debit Card,1375.62,32718.71,164.0,3.0,2.0,6.0,5.0,No
CUST12459,Male,63,Delhi,23,,Premium,Fiber,Bank Transfer,,31942.24,175.0,4.0,2.0,6.0,10.0,No
CUST12460,Male,26,Bengaluru,15,Monthly,Basic,Fiber,Bank Transfer,851.88,12737.84,224.6,0.0,1.0,7.0,5.0,No
CUST12461,Female,20,Mumbai,14,Quarterly,Premium,DSL,UPI,1456.09,15643.63,79.4,4.0,1.0,5.0,25.0,No
CUST12462,Female,38,Mumbai,6,Yearly,Basic,DSL,Credit Card,795.4,4364.72,53.0,2.0,1.0,8.0,20.0,No
CUST12463,Female,43,Hyderabad,38,Quarterly,Premium,DSL,Debit Card,1556.79,58649.17,139.8,1.0,1.0,7.0,0.0,No
CUST12464,Female,25,Jaipur,7,Monthly,Premium,Fiber,Cash,1639.33,10757.29,219.5,1.0,1.0,6.0,5.0,Yes
CUST12465,Female,65,Bengaluru,19,Quarterly,Basic,,Debit Card,568.04,9779.98,,1.0,0.0,8.0,5.0,No
CUST12466,Female,19,Kolkata,16,Monthly,Basic,DSL,Bank Transfer,714.66,10781.03,65.8,0.0,0.0,8.0,0.0,No
CUST12467,Male,23,Pune,23,Quarterly,Basic,,Bank Transfer,591.0,13365.16,9.3,2.0,0.0,9.0,5.0,No
CUST12468,Male,45,Bengaluru,30,Monthly,Standard,Fiber,Debit Card,1142.92,28165.34,140.8,1.0,1.0,,15.0,No
CUST12469,Female,70,Jaipur,14,Monthly,Basic,DSL,Bank Transfer,766.17,8825.46,42.2,6.0,0.0,6.0,15.0,No
CUST12470,Male,46,Chennai,8,Quarterly,Basic,DSL,Credit Card,732.56,4414.03,89.9,1.0,2.0,9.0,20.0,No
CUST12471,Female,43,Delhi,12,Monthly,Basic,Fiber,Credit Card,821.4,9750.66,154.3,3.0,0.0,8.0,0.0,Yes
CUST12472,Male,42,Kolkata,10,Monthly,Standard,Fiber,Bank Transfer,1324.69,10687.93,257.8,0.0,1.0,8.0,15.0,No
CUST12473,Female,29,Mumbai,60,Yearly,Basic,DSL,UPI,671.63,37914.31,113.4,3.0,0.0,6.0,5.0,No
CUST12474,Male,22,Pune,44,Yearly,Premium,Fiber,Credit Card,1568.48,69945.73,187.0,3.0,1.0,8.0,0.0,No
CUST12475,Male,51,Bengaluru,6,Monthly,Premium,Fiber,Debit Card,1473.21,8266.5,257.2,3.0,1.0,8.0,5.0,No
CUST12476,Female,65,Ahmedabad,16,Monthly,Standard,Fiber,Credit Card,1186.56,15695.48,184.4,3.0,0.0,5.0,15.0,No
CUST12477,Female,54,Hyderabad,9,Monthly,Standard,DSL,Cash,1084.69,9391.85,140.7,1.0,0.0,7.0,5.0,No
CUST12478,Male,32,Pune,12,Monthly,Standard,,Cash,777.46,7034.97,4.7,2.0,0.0,6.0,25.0,No
CUST12479,Male,61,Mumbai,13,Yearly,Standard,DSL,Credit Card,904.48,11544.88,81.6,3.0,2.0,5.0,10.0,No
CUST12480,Female,53,Pune,10,Quarterly,Standard,DSL,Debit Card,1020.0,9553.38,162.7,4.0,1.0,7.0,5.0,Yes
CUST12481,Male,32,Kolkata,35,Monthly,Standard,Fiber,Bank Transfer,1187.46,41804.59,207.7,5.0,0.0,6.0,0.0,No
CUST12482,Female,60,Hyderabad,25,Monthly,Standard,DSL,Credit Card,1031.19,25179.79,103.4,2.0,3.0,5.0,0.0,No
CUST12483,Female,65,Pune,24,Quarterly,Standard,Fiber,UPI,1326.82,28299.98,197.5,2.0,1.0,,10.0,No
CUST12484,Male,40,Hyderabad,47,Quarterly,Basic,DSL,Bank Transfer,776.79,32547.6,88.8,0.0,2.0,8.0,10.0,No
CUST12485,Female,23,Jaipur,34,Quarterly,Basic,Fiber,Bank Transfer,920.51,28991.25,187.2,0.0,0.0,9.0,5.0,No
CUST12486,Male,63,Hyderabad,20,Monthly,Basic,Fiber,UPI,926.4,17625.3,178.9,4.0,1.0,7.0,5.0,No
CUST12487,Male,67,Ahmedabad,24,Monthly,Standard,Fiber,Bank Transfer,1225.89,25134.0,210.5,2.0,2.0,7.0,15.0,Yes
CUST12488,Female,61,Ahmedabad,37,Monthly,Standard,DSL,Debit Card,1014.55,37602.04,120.1,1.0,,6.0,0.0,No
CUST12489,Male,60,Hyderabad,36,Monthly,Standard,,UPI,775.15,24309.3,6.9,6.0,1.0,5.0,10.0,Yes
CUST12490,Female,62,Mumbai,2,Monthly,Standard,Fiber,Debit Card,1397.71,2033.11,224.9,4.0,1.0,6.0,10.0,No
CUST12491,Female,38,Hyderabad,27,Yearly,Premium,Fiber,UPI,1588.3,42686.79,161.1,2.0,0.0,5.0,0.0,No
CUST12492,Female,40,Ahmedabad,21,Monthly,Basic,DSL,UPI,751.73,12045.59,151.2,0.0,2.0,8.0,20.0,No
CUST12493,Male,60,Mumbai,31,Yearly,Standard,DSL,Bank Transfer,1053.62,28375.63,92.1,1.0,1.0,5.0,10.0,No
CUST12494,Female,33,Chennai,4,Monthly,Standard,Fiber,Cash,1139.44,5036.77,139.5,0.0,0.0,9.0,0.0,No
CUST12495,Male,64,Ahmedabad,39,Monthly,Standard,Fiber,UPI,1214.28,41008.47,72.6,3.0,1.0,6.0,15.0,No
CUST12496,Female,70,Delhi,32,Monthly,Standard,Fiber,Cash,1097.68,28672.78,167.5,1.0,2.0,6.0,20.0,No
CUST12497,Female,32,Pune,15,Monthly,Premium,DSL,UPI,1507.27,19363.68,78.2,1.0,1.0,7.0,15.0,Yes
CUST12498,Female,42,Mumbai,54,Yearly,Basic,Fiber,UPI,879.51,44822.02,213.6,0.0,0.0,7.0,5.0,No
CUST12499,Male,53,,8,Monthly,Premium,Fiber,UPI,1690.26,11225.51,186.2,5.0,0.0,5.0,25.0,Yes
CUST12500,Male,28,Ahmedabad,23,Monthly,Premium,Fiber,UPI,1641.39,38287.84,141.8,1.0,1.0,8.0,0.0,Yes
CUST12501,Female,68,Bengaluru,13,Yearly,Standard,DSL,Credit Card,1081.5,12945.59,110.2,0.0,1.0,6.0,5.0,No
CUST12502,Female,32,Mumbai,11,Monthly,Standard,,Cash,786.5,9406.29,0.5,4.0,0.0,6.0,0.0,Yes
CUST12503,Male,21,Ahmedabad,19,Monthly,Standard,,UPI,855.62,15526.57,3.6,0.0,1.0,10.0,5.0,No
CUST12504,Male,38,Delhi,4,Monthly,Standard,DSL,Credit Card,1110.45,4213.53,170.8,1.0,0.0,7.0,20.0,No
CUST12505,Male,30,Kochi,32,Monthly,Premium,DSL,Bank Transfer,1459.32,,168.9,1.0,2.0,7.0,15.0,No
CUST12506,Female,39,Kochi,72,Monthly,Basic,Fiber,Credit Card,791.39,48102.05,157.4,6.0,0.0,6.0,15.0,No
CUST12507,Male,36,Mumbai,8,Monthly,Basic,DSL,Debit Card,828.84,6231.87,51.5,2.0,1.0,9.0,5.0,Yes
CUST12508,Female,51,Bengaluru,47,Yearly,Basic,Fiber,Credit Card,960.47,36237.53,231.4,2.0,1.0,8.0,20.0,No
CUST12509,Male,31,Pune,38,Yearly,Standard,DSL,UPI,929.95,33617.49,55.9,1.0,1.0,7.0,5.0,No
CUST12510,Female,21,Hyderabad,6,Monthly,Basic,,Bank Transfer,560.07,2846.27,4.0,2.0,2.0,7.0,0.0,Yes
CUST12511,Female,65,Bengaluru,8,Monthly,Premium,,UPI,1515.22,10965.65,135.0,1.0,1.0,7.0,10.0,No
CUST12512,Female,70,Pune,23,Monthly,Standard,Fiber,UPI,1152.03,25025.57,290.0,1.0,1.0,8.0,5.0,No
CUST12513,Male,69,Bengaluru,31,Quarterly,Premium,DSL,Credit Card,1344.0,41525.79,82.8,0.0,2.0,7.0,0.0,No
CUST12514,Male,63,Jaipur,40,Monthly,Basic,,,464.02,14061.46,10.5,2.0,1.0,9.0,20.0,No
CUST12515,Male,44,Bengaluru,19,Yearly,Basic,Fiber,Debit Card,891.29,15124.62,173.9,0.0,1.0,6.0,10.0,No
CUST12516,Female,46,Bengaluru,21,Quarterly,Basic,DSL,Credit Card,824.45,14922.27,124.5,1.0,0.0,8.0,20.0,No
CUST12517,Female,64,Mumbai,6,Monthly,Basic,Fiber,Debit Card,813.02,4618.19,145.4,1.0,3.0,7.0,10.0,No
CUST12518,Male,45,Kochi,47,Quarterly,Standard,DSL,Debit Card,963.62,45132.01,81.3,2.0,1.0,4.0,0.0,No
CUST12519,Female,52,Pune,39,Monthly,Premium,Fiber,Credit Card,,61722.58,173.4,5.0,0.0,4.0,0.0,No
CUST12520,Female,25,Ahmedabad,28,Monthly,Standard,Fiber,Cash,1255.01,,142.2,2.0,0.0,9.0,20.0,No
CUST12521,Female,33,Delhi,20,Monthly,Standard,DSL,Cash,1190.3,23446.44,67.7,4.0,2.0,6.0,0.0,No
CUST12522,Male,59,Delhi,47,Monthly,Standard,Fiber,Debit Card,1207.03,51900.45,253.3,1.0,0.0,8.0,10.0,No
CUST12523,Female,53,Mumbai,8,Quarterly,Basic,Fiber,UPI,846.02,6233.97,211.1,1.0,0.0,9.0,0.0,No
CUST12524,Male,47,Hyderabad,24,Quarterly,Standard,DSL,Credit Card,986.29,21108.81,56.9,3.0,1.0,6.0,10.0,No
CUST12525,Male,35,Chennai,61,Monthly,Basic,DSL,UPI,859.77,52207.43,108.1,4.0,1.0,8.0,0.0,Yes
CUST12526,Male,19,Pune,8,Yearly,Premium,Fiber,Credit Card,1498.97,12600.54,132.2,0.0,5.0,9.0,0.0,No
CUST12527,Male,66,Mumbai,70,Monthly,Standard,DSL,UPI,1065.51,66573.98,68.3,5.0,2.0,6.0,10.0,No
CUST12528,Male,30,Kochi,37,Monthly,Standard,DSL,Bank Transfer,1155.41,43281.94,142.1,1.0,2.0,7.0,0.0,No
CUST12529,Female,21,Mumbai,32,Monthly,Standard,DSL,UPI,1037.33,29782.87,132.1,1.0,0.0,,10.0,No
CUST12530,Male,43,Kochi,46,Quarterly,Basic,DSL,Cash,663.51,26012.4,118.7,0.0,2.0,8.0,15.0,No
CUST12531,Male,42,Bengaluru,41,Yearly,Standard,Fiber,UPI,1242.34,46435.09,224.9,2.0,4.0,6.0,10.0,No
CUST12532,Male,47,Hyderabad,6,Quarterly,Premium,Fiber,Debit Card,1608.32,9890.83,180.6,3.0,1.0,6.0,0.0,Yes
CUST12533,Female,28,Delhi,5,Yearly,Premium,Fiber,Cash,1637.63,8007.98,151.0,1.0,0.0,6.0,10.0,No
CUST12534,Female,24,Hyderabad,14,Monthly,Basic,Fiber,UPI,946.29,11120.29,272.1,2.0,0.0,8.0,20.0,No
CUST12535,Female,48,Chennai,26,Monthly,Basic,Fiber,Cash,941.42,23338.98,118.2,0.0,0.0,8.0,10.0,No
CUST12536,Female,61,Hyderabad,42,Monthly,Standard,Fiber,Credit Card,1223.68,46831.73,202.0,3.0,0.0,8.0,10.0,No
CUST12537,Male,27,Hyderabad,17,Quarterly,Premium,DSL,Cash,1504.16,21796.58,82.5,2.0,0.0,8.0,15.0,No
CUST12538,Male,56,Kolkata,11,Monthly,Premium,DSL,Cash,1557.93,14597.27,64.2,1.0,1.0,6.0,15.0,No
CUST12539,Female,30,Pune,35,Yearly,Standard,,UPI,787.33,27046.58,7.2,1.0,1.0,6.0,5.0,No
CUST12540,Female,48,Ahmedabad,17,Monthly,Standard,Fiber,Bank Transfer,1178.75,15189.8,272.9,2.0,0.0,7.0,25.0,No
CUST12541,Female,24,Mumbai,27,Monthly,Premium,Fiber,UPI,1663.5,45178.46,154.2,6.0,,4.0,0.0,No
CUST12542,Female,66,Chennai,21,Monthly,Basic,Fiber,UPI,894.17,14693.21,195.9,1.0,3.0,7.0,25.0,No
CUST12543,Male,59,Chennai,12,Quarterly,Premium,Fiber,UPI,1498.9,17835.8,139.5,2.0,1.0,6.0,0.0,No
CUST12544,Female,59,Delhi,12,Monthly,Basic,DSL,UPI,776.63,8430.45,115.3,0.0,0.0,9.0,5.0,No
CUST12545,Female,53,Hyderabad,8,Monthly,Basic,Fiber,Debit Card,860.69,5819.16,117.7,4.0,0.0,7.0,20.0,No
CUST12546,Female,37,Delhi,43,Monthly,Basic,Fiber,Credit Card,1069.63,45775.05,273.2,3.0,1.0,7.0,0.0,No
CUST12547,Female,21,Bengaluru,15,Quarterly,Standard,Fiber,Bank Transfer,1279.46,19977.07,167.2,3.0,0.0,6.0,0.0,No
CUST12548,Female,24,Mumbai,11,,Premium,Fiber,Credit Card,1692.77,15561.15,103.8,6.0,0.0,6.0,10.0,Yes
CUST12549,Female,18,Bengaluru,4,Quarterly,Standard,Fiber,Cash,1203.33,4108.89,237.1,3.0,2.0,7.0,10.0,Yes
CUST12550,Female,61,Pune,3,Monthly,Basic,Fiber,UPI,924.84,2955.24,217.0,1.0,2.0,7.0,0.0,No
CUST12551,Male,62,Pune,8,Yearly,Basic,Fiber,UPI,872.61,6347.14,200.7,4.0,1.0,7.0,5.0,No
CUST12552,Male,59,Kochi,26,Yearly,Standard,Fiber,Bank Transfer,1132.95,28750.07,143.8,1.0,0.0,7.0,5.0,No
CUST12553,Male,64,Kolkata,21,Monthly,Standard,Fiber,Bank Transfer,1127.06,23838.32,157.8,2.0,0.0,8.0,0.0,No
CUST12554,Male,30,Bengaluru,16,Monthly,Standard,DSL,Bank Transfer,1220.93,18285.97,61.0,1.0,0.0,7.0,5.0,No
CUST12555,Male,39,Jaipur,8,Monthly,Basic,Fiber,Credit Card,931.75,7642.21,201.2,3.0,1.0,9.0,0.0,No
CUST12556,Male,38,Ahmedabad,4,Monthly,Standard,Fiber,UPI,1094.18,3731.18,150.9,1.0,0.0,8.0,0.0,No
CUST12557,Female,39,Hyderabad,12,Yearly,Premium,Fiber,UPI,1676.92,18436.5,220.9,1.0,2.0,8.0,10.0,No
CUST12558,Female,45,,17,Quarterly,Standard,Fiber,Credit Card,1409.85,19902.12,226.4,1.0,0.0,7.0,20.0,Yes
CUST12559,Male,26,Kochi,33,Yearly,Standard,Fiber,Credit Card,1077.15,31983.0,279.7,7.0,3.0,4.0,10.0,No
CUST12560,Female,43,Chennai,6,Monthly,Premium,Fiber,Credit Card,1648.02,9950.75,183.6,2.0,0.0,7.0,0.0,No
CUST12561,Male,26,Jaipur,16,Quarterly,Standard,Fiber,Debit Card,1110.19,15487.74,220.3,2.0,1.0,5.0,10.0,Yes
CUST12562,Female,32,Bengaluru,8,Monthly,Standard,Fiber,Bank Transfer,1292.44,7957.33,209.2,3.0,1.0,3.0,20.0,Yes
CUST12563,Female,27,Mumbai,13,Monthly,Standard,DSL,Bank Transfer,878.84,11444.87,192.8,7.0,2.0,4.0,5.0,Yes
CUST12564,Female,41,Hyderabad,67,Quarterly,Basic,DSL,UPI,756.31,48145.47,17.6,1.0,1.0,5.0,5.0,No
CUST12565,Female,59,Chennai,10,Monthly,Standard,Fiber,Debit Card,1235.5,10446.04,214.2,1.0,0.0,8.0,25.0,No
CUST12566,Female,25,Ahmedabad,8,Quarterly,Premium,,UPI,1489.23,11074.15,218.1,4.0,3.0,5.0,10.0,Yes
CUST12567,Female,41,Kochi,72,Quarterly,Basic,DSL,UPI,785.53,47567.41,75.0,1.0,1.0,4.0,15.0,No
CUST12568,Male,33,Delhi,30,Yearly,Premium,DSL,Bank Transfer,1412.81,39360.85,109.0,0.0,0.0,7.0,10.0,No
CUST12569,Male,66,Bengaluru,29,Monthly,Standard,,Debit Card,987.85,27993.19,1.5,5.0,0.0,6.0,0.0,No
CUST12570,Female,43,Ahmedabad,10,Quarterly,Standard,Fiber,Bank Transfer,1086.1,10728.87,204.0,2.0,3.0,8.0,0.0,Yes
CUST12571,Male,44,Chennai,67,Yearly,Standard,Fiber,UPI,1272.68,76889.32,153.5,1.0,0.0,7.0,10.0,No
CUST12572,Female,54,Mumbai,6,Yearly,Standard,DSL,Cash,1042.0,6156.17,66.6,2.0,2.0,5.0,5.0,Yes
CUST12573,Male,21,Hyderabad,40,Quarterly,Premium,DSL,UPI,1553.49,58783.1,69.4,1.0,1.0,5.0,5.0,No
CUST12574,Female,67,Kolkata,44,Quarterly,Standard,Fiber,Bank Transfer,1305.33,57499.8,103.6,4.0,0.0,6.0,0.0,Yes
CUST12575,Male,41,Kolkata,50,Monthly,Premium,DSL,Credit Card,1429.87,57921.61,120.2,4.0,2.0,4.0,20.0,Yes
CUST12576,Female,36,Hyderabad,54,Quarterly,Standard,Fiber,UPI,1196.43,52419.65,183.3,,0.0,5.0,20.0,No
CUST12577,Male,53,Delhi,17,Quarterly,Standard,Fiber,UPI,1272.7,21525.78,146.0,2.0,0.0,7.0,5.0,Yes
CUST12578,Female,56,Kochi,25,Quarterly,Premium,Fiber,UPI,1641.76,36565.17,239.5,2.0,0.0,8.0,10.0,No
CUST12579,Male,27,Pune,21,Quarterly,Basic,Fiber,Credit Card,890.62,18909.84,124.3,1.0,0.0,8.0,0.0,No
CUST12580,Female,42,Hyderabad,9,Monthly,Standard,DSL,Cash,983.33,8694.4,90.8,1.0,0.0,7.0,5.0,No
CUST12581,Female,35,Delhi,16,Monthly,Basic,DSL,Credit Card,779.23,10990.93,12.2,0.0,0.0,9.0,5.0,No
CUST12582,Female,36,Kolkata,44,Quarterly,Premium,DSL,Debit Card,1361.11,53804.59,137.5,0.0,1.0,6.0,10.0,No
CUST12583,Male,53,Mumbai,6,Monthly,Standard,Fiber,Bank Transfer,1251.86,7471.52,256.4,1.0,0.0,8.0,5.0,Yes
CUST12584,Male,27,Mumbai,35,Monthly,Premium,Fiber,Debit Card,1688.85,56137.57,176.8,1.0,2.0,7.0,5.0,No
CUST12585,Male,50,Chennai,36,Monthly,Premium,Fiber,Credit Card,1533.9,54935.63,181.5,2.0,0.0,7.0,0.0,No
CUST12586,Female,67,Delhi,22,Monthly,Basic,Fiber,Cash,866.62,19310.23,222.8,0.0,0.0,7.0,0.0,Yes
CUST12587,Male,22,Pune,37,Yearly,Basic,DSL,UPI,699.55,21369.6,70.0,3.0,1.0,5.0,20.0,No
CUST12588,Female,64,Bengaluru,9,Monthly,Standard,Fiber,Debit Card,1284.31,11712.59,173.8,0.0,0.0,9.0,0.0,No
CUST12589,Male,66,Pune,8,Monthly,Standard,Fiber,Bank Transfer,1204.38,8609.8,252.5,2.0,0.0,7.0,0.0,No
CUST12590,Male,52,Delhi,15,Monthly,Basic,Fiber,UPI,870.72,13061.35,187.1,1.0,1.0,8.0,5.0,No
CUST12591,Male,61,Bengaluru,26,Monthly,Basic,Fiber,Bank Transfer,951.8,24158.58,209.8,0.0,1.0,7.0,0.0,No
CUST12592,Male,51,Bengaluru,64,Monthly,Standard,DSL,UPI,1011.54,57725.28,,3.0,0.0,10.0,10.0,No
CUST12593,,50,Jaipur,22,Monthly,Basic,Fiber,UPI,883.7,18646.23,46.4,0.0,0.0,8.0,5.0,No
CUST12594,Male,38,Ahmedabad,15,Yearly,Premium,DSL,UPI,1360.8,20595.64,127.8,1.0,3.0,8.0,0.0,No
CUST12595,Male,34,Mumbai,43,Monthly,Premium,DSL,Cash,1517.09,64956.29,89.2,5.0,0.0,8.0,0.0,No
CUST12596,Female,39,Kolkata,7,Quarterly,Standard,Fiber,Bank Transfer,1112.64,8203.1,216.2,1.0,1.0,8.0,0.0,No
CUST12597,Female,65,Chennai,6,,Basic,Fiber,UPI,1014.64,5819.42,275.9,2.0,1.0,6.0,5.0,No
CUST12598,Male,54,Kochi,64,Yearly,Basic,DSL,UPI,769.12,41112.07,141.7,0.0,1.0,8.0,15.0,No
CUST12599,Male,32,Delhi,11,Monthly,Standard,Fiber,Credit Card,1187.46,12600.59,157.1,6.0,1.0,1.0,0.0,No
CUST12600,Female,52,Pune,51,Monthly,Premium,DSL,Debit Card,1448.95,66395.92,157.2,2.0,1.0,4.0,10.0,No
CUST12601,Female,45,Bengaluru,47,Monthly,Basic,Fiber,Bank Transfer,1036.8,41477.2,84.3,2.0,3.0,6.0,15.0,No
CUST12602,Female,24,Delhi,38,Monthly,Basic,Fiber,Cash,792.31,29872.65,,2.0,0.0,6.0,0.0,No
CUST12603,Male,49,Kochi,43,Monthly,Basic,,Bank Transfer,448.24,16458.32,4.2,2.0,2.0,5.0,10.0,No
CUST12604,Male,28,Chennai,42,Yearly,Standard,DSL,Debit Card,1126.75,42273.37,105.1,2.0,0.0,7.0,10.0,No
CUST12605,Male,27,Delhi,2,Monthly,Standard,Fiber,UPI,1126.29,2389.87,118.2,4.0,0.0,6.0,10.0,Yes
CUST12606,Female,26,Bengaluru,26,Monthly,Basic,Fiber,UPI,840.86,17554.51,177.8,2.0,3.0,5.0,20.0,No
CUST12607,Female,31,Pune,23,Monthly,Standard,Fiber,Debit Card,1164.55,,113.9,3.0,1.0,7.0,5.0,No
CUST12608,Female,30,Pune,14,Yearly,Standard,DSL,Debit Card,1140.04,16383.91,114.1,1.0,4.0,5.0,0.0,Yes
CUST12609,Male,42,Delhi,17,Quarterly,Standard,Fiber,Bank Transfer,1264.76,19590.91,121.5,3.0,1.0,7.0,5.0,No
CUST12610,Female,19,Kochi,19,Monthly,Standard,Fiber,Credit Card,1188.71,22284.49,182.1,5.0,2.0,5.0,0.0,Yes
CUST12611,Male,52,Bengaluru,17,Monthly,Premium,,UPI,1282.04,22169.49,8.1,2.0,2.0,8.0,0.0,Yes
CUST12612,Female,24,Delhi,46,Monthly,Standard,Fiber,Credit Card,1230.11,45547.33,,3.0,0.0,6.0,20.0,No
CUST12613,Male,38,Jaipur,17,Quarterly,Standard,Fiber,Cash,1119.8,18361.37,82.7,1.0,2.0,5.0,5.0,Yes
CUST12614,Male,35,Delhi,72,Quarterly,Premium,DSL,Bank Transfer,1375.24,94594.58,109.4,1.0,1.0,7.0,5.0,No
CUST12615,Female,20,Mumbai,12,Quarterly,Premium,Fiber,UPI,1437.06,17911.13,183.6,2.0,2.0,6.0,0.0,No
CUST12616,Male,59,Chennai,15,Monthly,Standard,Fiber,Bank Transfer,1319.25,,169.6,5.0,2.0,6.0,0.0,No
CUST12617,Female,56,Ahmedabad,18,Quarterly,Basic,Fiber,Credit Card,846.39,15054.42,201.4,1.0,2.0,8.0,0.0,Yes
CUST12618,Male,58,Bengaluru,11,Quarterly,Premium,,Credit Card,1251.09,12050.83,11.3,2.0,1.0,7.0,15.0,Yes
CUST12619,Female,66,Kochi,18,Yearly,Basic,Fiber,Credit Card,943.11,13152.13,280.8,2.0,,6.0,25.0,No
CUST12620,Female,28,Ahmedabad,13,Quarterly,Premium,Fiber,Debit Card,1522.3,19699.72,154.3,0.0,0.0,9.0,5.0,No
CUST12621,Male,56,Mumbai,35,Monthly,Basic,DSL,,682.19,24649.19,120.2,1.0,0.0,9.0,0.0,No
CUST12622,Female,41,Kolkata,15,Monthly,Premium,Fiber,Debit Card,1526.33,20061.29,170.0,2.0,0.0,7.0,15.0,No
CUST12623,Male,63,Delhi,10,Monthly,Standard,DSL,Debit Card,818.25,6336.68,92.4,1.0,0.0,8.0,20.0,No
CUST12624,Female,36,Hyderabad,16,Quarterly,Standard,Fiber,UPI,1194.79,15747.58,201.5,0.0,4.0,7.0,20.0,Yes
CUST12625,Female,21,Kolkata,20,Quarterly,Standard,DSL,UPI,1236.97,23286.27,28.7,3.0,2.0,6.0,10.0,Yes
CUST12626,Female,43,Kochi,17,Monthly,Premium,DSL,Bank Transfer,1407.64,23513.89,98.1,1.0,0.0,8.0,5.0,No
CUST12627,Female,55,Bengaluru,72,Monthly,Basic,DSL,Debit Card,709.83,46216.06,86.4,4.0,0.0,5.0,10.0,No
CUST12628,Male,59,Hyderabad,29,Monthly,Basic,Fiber,Credit Card,870.42,25996.95,227.7,5.0,0.0,4.0,0.0,Yes
CUST12629,Female,49,Hyderabad,8,Yearly,Basic,DSL,UPI,774.93,5722.9,90.9,3.0,0.0,,10.0,Yes
CUST12630,Female,56,Delhi,32,Monthly,Premium,Fiber,UPI,1670.52,48260.18,77.4,1.0,0.0,7.0,10.0,Yes
CUST12631,Male,62,Delhi,26,Monthly,Standard,DSL,Credit Card,983.24,22928.66,87.9,1.0,1.0,8.0,10.0,No
CUST12632,Male,63,Bengaluru,30,Monthly,Standard,Fiber,UPI,1237.01,32739.4,188.4,2.0,0.0,7.0,10.0,No
CUST12633,Male,53,Pune,32,Monthly,Standard,Fiber,Credit Card,1193.14,34873.49,112.8,4.0,0.0,6.0,10.0,No
CUST12634,Male,57,Hyderabad,49,Quarterly,Premium,Fiber,Bank Transfer,1623.91,71598.75,135.7,3.0,1.0,6.0,10.0,No
CUST12635,Male,54,Mumbai,19,Yearly,Standard,Fiber,UPI,1236.1,23593.08,76.0,4.0,0.0,7.0,0.0,No
CUST12636,Male,50,Ahmedabad,20,Monthly,Standard,Fiber,Bank Transfer,1122.02,18242.73,134.5,0.0,0.0,8.0,20.0,No
CUST12637,Female,53,Ahmedabad,12,Quarterly,Standard,DSL,Bank Transfer,1007.91,10631.49,80.4,2.0,1.0,6.0,10.0,No
CUST12638,Male,20,Hyderabad,25,Monthly,Standard,Fiber,UPI,1236.99,28308.24,145.2,1.0,1.0,5.0,10.0,No
CUST12639,Female,26,Delhi,11,Yearly,Basic,DSL,Debit Card,738.79,8088.47,77.2,2.0,0.0,7.0,0.0,No
CUST12640,Male,25,Pune,9,Monthly,Basic,Fiber,UPI,963.38,6918.19,303.3,4.0,0.0,3.0,20.0,Yes
CUST12641,Female,50,Delhi,61,Monthly,Basic,Fiber,Debit Card,882.21,49571.23,198.2,2.0,1.0,7.0,5.0,Yes
CUST12642,Female,23,,20,Monthly,Standard,Fiber,UPI,1280.84,23167.72,196.0,3.0,0.0,8.0,10.0,No
CUST12643,Female,58,Kolkata,30,Monthly,Standard,Fiber,Credit Card,1042.99,23037.48,127.5,3.0,1.0,6.0,25.0,No
CUST12644,Male,56,,14,Monthly,,Fiber,Debit Card,1225.87,13587.37,192.5,1.0,0.0,8.0,20.0,No
CUST12645,Male,21,Bengaluru,68,Quarterly,Premium,,UPI,1146.83,69837.1,4.2,5.0,1.0,5.0,10.0,No
CUST12646,Male,30,Bengaluru,18,Quarterly,Basic,Fiber,UPI,989.71,17497.78,113.5,4.0,0.0,6.0,0.0,Yes
CUST12647,Male,66,Bengaluru,54,Monthly,Standard,DSL,Credit Card,1038.05,41965.03,104.8,1.0,0.0,,25.0,Yes
CUST12648,Female,19,Bengaluru,30,Quarterly,Standard,Fiber,Credit Card,1172.76,26668.07,115.4,2.0,0.0,8.0,25.0,No
CUST12649,,22,Kochi,22,Monthly,Basic,DSL,Bank Transfer,683.9,15830.32,133.8,,2.0,5.0,0.0,No
CUST12650,Female,61,Delhi,27,Quarterly,Standard,Fiber,UPI,1253.1,32257.05,115.1,2.0,1.0,,5.0,No
CUST12651,Female,44,Bengaluru,20,Quarterly,Premium,,Credit Card,1295.45,24420.53,0.7,1.0,0.0,8.0,5.0,No
CUST12652,Male,49,Mumbai,19,Quarterly,Basic,Fiber,Credit Card,877.48,16548.33,116.2,4.0,2.0,5.0,0.0,No
CUST12653,,38,Jaipur,25,Monthly,Standard,Fiber,UPI,1253.23,31841.63,104.0,2.0,2.0,6.0,0.0,No
CUST12654,Male,25,Chennai,4,Monthly,Basic,Fiber,Debit Card,917.65,,185.1,1.0,1.0,8.0,5.0,No
CUST12655,Female,55,Delhi,14,Monthly,Basic,Fiber,UPI,906.88,8929.08,160.7,2.0,0.0,9.0,25.0,No
CUST12656,Male,25,Jaipur,35,Monthly,Standard,Fiber,Bank Transfer,1262.63,43876.25,199.3,3.0,0.0,7.0,0.0,No
CUST12657,Female,67,Delhi,37,Quarterly,Premium,Fiber,Credit Card,1744.91,51691.47,214.2,1.0,0.0,8.0,20.0,No
CUST12658,Male,20,Delhi,72,Monthly,Standard,DSL,UPI,1072.55,61699.39,110.8,0.0,0.0,8.0,20.0,No
CUST12659,Female,61,Mumbai,40,Monthly,Standard,Fiber,Debit Card,1222.67,41303.06,,1.0,1.0,9.0,15.0,No
CUST12660,Male,20,Delhi,38,Monthly,Premium,Fiber,Debit Card,1673.49,60326.26,129.8,1.0,1.0,8.0,5.0,Yes
CUST12661,Male,39,Delhi,27,Monthly,Basic,Fiber,Credit Card,823.8,21279.46,187.9,4.0,2.0,5.0,5.0,No
CUST12662,Female,23,Pune,45,Quarterly,Standard,DSL,UPI,1035.35,44462.16,113.6,2.0,0.0,8.0,5.0,No
CUST12663,Male,19,Delhi,24,Monthly,Standard,Fiber,UPI,1169.11,22476.29,165.8,1.0,0.0,8.0,20.0,No
CUST12664,Male,40,Chennai,22,Quarterly,Premium,DSL,Credit Card,1474.03,31276.59,165.1,3.0,4.0,5.0,5.0,Yes
CUST12665,Male,61,Bengaluru,23,Monthly,Standard,Fiber,UPI,1217.36,28233.08,101.2,3.0,2.0,7.0,0.0,Yes
CUST12666,Male,19,Mumbai,45,Yearly,Premium,Fiber,Debit Card,1740.69,77830.09,118.1,1.0,2.0,5.0,0.0,Yes
CUST12667,Male,55,Hyderabad,22,Yearly,Basic,Fiber,Bank Transfer,1019.93,21155.73,193.4,2.0,3.0,6.0,5.0,No
CUST12668,Male,34,Jaipur,29,Quarterly,Standard,,Bank Transfer,728.81,15790.28,,2.0,1.0,6.0,25.0,No
CUST12669,Male,52,Delhi,15,Yearly,Standard,Fiber,Debit Card,1228.58,16515.69,128.2,2.0,0.0,5.0,10.0,No
CUST12670,Female,51,Pune,65,Monthly,Standard,Fiber,Debit Card,1256.66,73127.19,176.4,5.0,0.0,6.0,10.0,No
CUST12671,Female,40,Mumbai,17,Yearly,Standard,DSL,Debit Card,1056.72,17698.33,100.8,1.0,0.0,7.0,0.0,No
CUST12672,Male,47,Bengaluru,22,Yearly,Basic,Fiber,Cash,858.72,15572.87,230.4,2.0,,6.0,20.0,No
CUST12673,Male,69,Bengaluru,38,Yearly,Basic,DSL,UPI,860.3,30571.13,120.9,4.0,1.0,5.0,5.0,No
CUST12674,Male,25,Delhi,49,Quarterly,Basic,,UPI,576.41,22456.73,9.5,0.0,1.0,10.0,20.0,No
CUST12675,Female,39,Bengaluru,23,Quarterly,Premium,,UPI,1166.53,26122.25,3.3,0.0,3.0,4.0,5.0,Yes
CUST12676,Female,61,Mumbai,35,Monthly,Premium,Fiber,,1678.08,52831.59,181.6,4.0,0.0,4.0,10.0,Yes
CUST12677,Male,53,Kolkata,12,Monthly,Basic,Fiber,UPI,937.42,11890.07,237.4,0.0,0.0,9.0,5.0,Yes
CUST12678,Female,22,Bengaluru,26,Monthly,Premium,,UPI,1198.51,31977.27,3.7,2.0,0.0,8.0,0.0,No
CUST12679,Male,30,Chennai,35,Yearly,Basic,Fiber,Credit Card,838.92,28284.38,254.6,0.0,1.0,6.0,0.0,Yes
CUST12680,Male,46,Delhi,53,Monthly,Standard,Fiber,Cash,1136.31,59687.37,177.0,0.0,0.0,7.0,0.0,No
CUST12681,Male,48,Hyderabad,8,Quarterly,Basic,Fiber,Cash,994.7,7598.55,187.7,0.0,1.0,8.0,5.0,No
CUST12682,Male,64,Chennai,10,Monthly,Premium,Fiber,Bank Transfer,1647.16,14673.69,173.0,1.0,0.0,7.0,10.0,No
CUST12683,Female,33,Delhi,5,Monthly,Standard,,Credit Card,926.5,4991.6,1.9,2.0,1.0,8.0,0.0,Yes
CUST12684,Female,59,Delhi,9,Yearly,Standard,DSL,Bank Transfer,,9447.46,131.8,4.0,1.0,6.0,5.0,No
CUST12685,Male,47,Kolkata,38,Yearly,Standard,Fiber,Bank Transfer,1145.48,,181.9,4.0,1.0,5.0,5.0,No
CUST12686,Female,33,Jaipur,26,Quarterly,Basic,DSL,Cash,686.45,17543.58,74.7,2.0,1.0,5.0,5.0,No
CUST12687,Female,29,Mumbai,10,Monthly,,Fiber,Debit Card,1285.85,13826.46,164.6,3.0,0.0,7.0,0.0,Yes
CUST12688,Male,34,Bengaluru,45,Monthly,Standard,DSL,UPI,1085.7,45734.85,171.4,3.0,1.0,6.0,5.0,No
CUST12689,Female,33,Jaipur,23,Monthly,Basic,Fiber,UPI,878.74,19013.28,80.3,1.0,1.0,8.0,5.0,No
CUST12690,Male,29,Delhi,38,Monthly,Premium,Fiber,Cash,1601.71,60705.29,166.5,1.0,0.0,9.0,0.0,No
CUST12691,Male,25,Chennai,26,Monthly,Standard,Fiber,UPI,1279.85,30575.35,149.1,2.0,1.0,6.0,10.0,Yes
CUST12692,Male,37,Delhi,25,Monthly,Basic,Fiber,UPI,945.05,24384.02,198.0,0.0,1.0,8.0,0.0,No
CUST12693,Male,20,Bengaluru,24,Monthly,Basic,Fiber,Credit Card,892.62,16922.74,208.1,2.0,1.0,6.0,20.0,No
CUST12694,Female,33,Chennai,15,Quarterly,Basic,Fiber,UPI,896.3,10526.71,188.0,4.0,0.0,6.0,20.0,No
CUST12695,Male,47,Chennai,44,Monthly,Basic,,Cash,502.76,20417.61,10.5,,1.0,6.0,10.0,No
CUST12696,Female,62,Mumbai,4,Monthly,Standard,,UPI,851.85,3303.31,9.3,3.0,1.0,6.0,0.0,No
CUST12697,Male,40,Hyderabad,22,Monthly,,DSL,UPI,726.97,14507.93,84.6,2.0,1.0,6.0,10.0,No
CUST12698,Male,45,Ahmedabad,12,,Standard,DSL,Cash,,11776.44,113.2,2.0,1.0,8.0,10.0,No
CUST12699,Female,68,Chennai,6,Monthly,Standard,,Credit Card,806.67,4964.31,6.6,0.0,0.0,8.0,5.0,No
CUST12700,Male,57,Bengaluru,23,Monthly,Basic,DSL,Bank Transfer,642.82,14930.49,87.4,2.0,2.0,9.0,0.0,Yes
CUST12701,Female,22,Chennai,24,Monthly,Premium,Fiber,Credit Card,1676.3,39576.28,129.4,0.0,0.0,10.0,0.0,No
CUST12702,Female,37,Pune,12,Yearly,Basic,DSL,Debit Card,795.85,9851.29,19.5,2.0,0.0,6.0,0.0,No
CUST12703,Male,57,Ahmedabad,72,Quarterly,Standard,DSL,UPI,1028.76,67160.39,59.6,0.0,1.0,8.0,10.0,No
CUST12704,Male,61,Pune,44,Quarterly,Standard,Fiber,Credit Card,1174.26,41711.11,180.4,3.0,1.0,5.0,20.0,No
CUST12705,Male,18,Bengaluru,29,Monthly,Basic,Fiber,UPI,788.9,21047.82,183.3,2.0,0.0,7.0,5.0,No
CUST12706,Male,47,Kolkata,35,Quarterly,Basic,Fiber,Cash,985.27,34894.72,225.1,3.0,0.0,7.0,0.0,No
CUST12707,Male,38,Pune,18,Quarterly,Basic,,UPI,650.32,11352.83,7.2,1.0,2.0,7.0,0.0,No
CUST12708,Male,37,Bengaluru,22,Quarterly,Premium,DSL,UPI,1442.96,28956.76,127.1,1.0,1.0,6.0,5.0,No
CUST12709,Female,23,Hyderabad,26,Yearly,Standard,DSL,Bank Transfer,1076.14,27902.45,143.0,2.0,2.0,6.0,0.0,No
CUST12710,Female,39,Delhi,26,Monthly,Standard,DSL,Credit Card,970.9,24670.35,51.6,2.0,1.0,7.0,0.0,No
CUST12711,Male,35,Pune,40,Monthly,Standard,Fiber,Debit Card,1206.85,48272.99,148.6,2.0,0.0,7.0,0.0,No
CUST12712,Female,25,Mumbai,31,Yearly,Standard,DSL,Debit Card,994.96,27135.53,97.7,0.0,0.0,9.0,10.0,No
CUST12713,Female,56,Chennai,36,Quarterly,Basic,Fiber,UPI,845.24,27280.2,216.3,3.0,1.0,6.0,10.0,No
CUST12714,Male,49,Jaipur,18,Monthly,Basic,Fiber,UPI,876.91,11815.65,215.2,1.0,3.0,5.0,20.0,Yes
CUST12715,Male,50,Ahmedabad,22,Monthly,Basic,DSL,Cash,716.06,13840.17,64.7,3.0,1.0,5.0,10.0,No
CUST12716,Female,70,Jaipur,22,Yearly,Standard,DSL,UPI,1039.74,23042.44,148.8,2.0,0.0,7.0,0.0,No
CUST12717,Male,33,Kochi,15,Monthly,Basic,DSL,Credit Card,834.53,11525.12,163.9,4.0,0.0,5.0,15.0,Yes
CUST12718,Female,29,Bengaluru,4,Monthly,Basic,Fiber,Debit Card,731.04,2784.28,331.6,4.0,0.0,,0.0,Yes
CUST12719,Male,55,Pune,3,Monthly,Basic,DSL,UPI,707.34,1903.11,,3.0,1.0,6.0,10.0,No
CUST12720,Female,69,Hyderabad,9,Yearly,Standard,Fiber,Bank Transfer,1250.54,11653.98,186.7,1.0,1.0,8.0,0.0,No
CUST12721,Female,51,Ahmedabad,10,Yearly,Standard,Fiber,Credit Card,1215.58,12358.48,344.9,2.0,0.0,7.0,0.0,No
CUST12722,Female,31,Mumbai,13,Monthly,Basic,Fiber,Bank Transfer,837.62,10572.7,,3.0,2.0,6.0,5.0,Yes
CUST12723,Female,53,Kochi,22,Quarterly,Basic,DSL,UPI,918.42,20554.66,85.4,0.0,0.0,10.0,0.0,No
CUST12724,Male,50,Pune,43,Monthly,Basic,Fiber,UPI,,47785.1,247.0,3.0,0.0,7.0,0.0,No
CUST12725,Male,40,Ahmedabad,6,Monthly,Basic,Fiber,Bank Transfer,898.76,4998.83,190.7,3.0,0.0,6.0,0.0,No
CUST12726,Female,67,Bengaluru,16,Yearly,Basic,DSL,Credit Card,670.68,9260.79,130.9,4.0,1.0,6.0,15.0,No
CUST12727,Female,62,Mumbai,31,Monthly,Basic,DSL,Credit Card,729.91,21462.07,121.6,3.0,2.0,5.0,0.0,Yes
CUST12728,Male,19,Kolkata,34,Monthly,Standard,Fiber,Bank Transfer,1109.81,34820.13,160.0,1.0,2.0,7.0,5.0,No
CUST12729,Male,58,Bengaluru,28,Quarterly,Standard,Fiber,Debit Card,1232.05,30070.52,168.2,0.0,1.0,8.0,15.0,No
CUST12730,Female,38,Ahmedabad,20,Monthly,Basic,,Credit Card,596.04,12488.48,10.1,6.0,1.0,5.0,0.0,No
CUST12731,Female,19,Bengaluru,30,Monthly,Basic,,UPI,628.83,15695.34,2.0,2.0,1.0,7.0,15.0,Yes
CUST12732,Female,44,Pune,7,Quarterly,Basic,Fiber,Bank Transfer,931.95,4930.0,229.6,1.0,0.0,7.0,15.0,No
CUST12733,Female,26,Delhi,30,Quarterly,Basic,Fiber,UPI,918.3,20932.94,139.9,3.0,0.0,5.0,25.0,No
CUST12734,Female,18,Pune,36,Monthly,Premium,DSL,Cash,1369.4,47185.09,137.0,3.0,0.0,5.0,5.0,No
CUST12735,Male,28,Pune,31,Monthly,Premium,Fiber,UPI,1502.2,43793.69,165.3,2.0,2.0,7.0,5.0,No
CUST12736,Female,20,Delhi,19,Quarterly,Basic,Fiber,Bank Transfer,738.34,12562.34,222.2,2.0,0.0,8.0,10.0,No
CUST12737,Male,69,Bengaluru,19,Yearly,Standard,Fiber,Credit Card,1206.47,22021.86,123.8,4.0,0.0,6.0,0.0,No
CUST12738,Male,40,Bengaluru,8,Monthly,Basic,Fiber,UPI,969.06,7532.95,178.9,3.0,0.0,8.0,0.0,Yes
CUST12739,Male,43,Chennai,20,Yearly,Basic,DSL,Credit Card,842.13,16724.59,137.0,0.0,0.0,10.0,0.0,No
CUST12740,Female,21,Chennai,26,Quarterly,Standard,Fiber,UPI,1267.01,29729.35,218.7,5.0,2.0,5.0,10.0,No
CUST12741,Male,35,Kolkata,29,Yearly,Basic,Fiber,UPI,870.62,26355.81,279.1,2.0,1.0,6.0,0.0,No
CUST12742,Male,23,Hyderabad,24,Monthly,Standard,DSL,UPI,1198.73,25303.04,85.3,1.0,0.0,8.0,10.0,No
CUST12743,Male,52,Hyderabad,1,Monthly,Standard,DSL,Bank Transfer,974.1,,89.7,5.0,1.0,7.0,0.0,Yes
CUST12744,Male,39,Delhi,12,Monthly,Standard,DSL,UPI,970.36,10189.03,110.5,1.0,2.0,6.0,10.0,Yes
CUST12745,Female,60,Bengaluru,30,Monthly,Premium,Fiber,Cash,1661.34,47006.59,293.6,3.0,1.0,8.0,5.0,No
CUST12746,Female,32,Delhi,40,Yearly,Standard,Fiber,UPI,1312.5,53022.19,149.4,2.0,1.0,6.0,0.0,No
CUST12747,Male,39,Kochi,14,Monthly,Standard,Fiber,Debit Card,1343.41,18458.66,166.1,2.0,0.0,7.0,0.0,No
CUST12748,Male,54,Jaipur,55,Quarterly,Standard,Fiber,Bank Transfer,1279.77,69941.94,257.7,3.0,1.0,6.0,0.0,No
CUST12749,Female,69,Delhi,19,Monthly,Basic,Fiber,Cash,958.77,18520.81,172.3,1.0,0.0,8.0,0.0,Yes
CUST12750,Female,59,Chennai,20,Quarterly,Standard,DSL,UPI,1115.03,21421.77,112.4,2.0,1.0,6.0,5.0,Yes
CUST12751,Female,29,Ahmedabad,10,Monthly,Premium,,Debit Card,1227.75,8943.47,6.8,1.0,1.0,8.0,25.0,No
CUST12752,Male,64,Hyderabad,15,Monthly,Standard,DSL,UPI,985.9,14208.04,49.4,1.0,0.0,6.0,10.0,No
CUST12753,Female,66,Bengaluru,5,Monthly,Premium,DSL,Credit Card,1471.98,6005.13,126.7,1.0,1.0,6.0,15.0,No
CUST12754,Male,59,Bengaluru,17,Quarterly,Basic,DSL,Bank Transfer,614.35,7036.37,158.2,0.0,0.0,9.0,25.0,No
CUST12755,Male,55,Chennai,59,Monthly,Basic,DSL,Credit Card,725.33,40068.05,109.6,4.0,0.0,9.0,5.0,No
CUST12756,Female,35,Kochi,23,Monthly,Basic,,Credit Card,507.54,11071.16,8.6,2.0,1.0,6.0,0.0,No
CUST12757,Male,62,Pune,7,Monthly,Standard,DSL,UPI,1096.66,5953.73,140.2,2.0,0.0,9.0,20.0,Yes
CUST12758,Female,52,Bengaluru,20,Yearly,Standard,Fiber,UPI,1217.61,22632.15,77.8,3.0,1.0,8.0,10.0,No
CUST12759,Male,47,Mumbai,27,Quarterly,Basic,Fiber,,1018.92,19725.04,131.0,2.0,2.0,7.0,25.0,No
CUST12760,Female,41,Kolkata,19,Quarterly,Premium,DSL,Bank Transfer,1515.78,26769.95,62.0,3.0,0.0,6.0,10.0,No
CUST12761,Male,59,Ahmedabad,8,Quarterly,Standard,Fiber,UPI,1148.87,,260.5,1.0,0.0,9.0,15.0,No
CUST12762,Male,47,Pune,20,Monthly,Standard,,Debit Card,903.8,14166.28,4.6,3.0,2.0,6.0,20.0,No
CUST12763,Female,31,Pune,24,Quarterly,Standard,DSL,Bank Transfer,911.82,18197.55,82.2,6.0,1.0,5.0,15.0,No
CUST12764,Female,23,Bengaluru,35,Monthly,Basic,DSL,Debit Card,808.59,25201.14,109.9,0.0,0.0,6.0,10.0,No
CUST12765,Female,20,Ahmedabad,40,Monthly,Standard,Fiber,Bank Transfer,1140.31,43198.68,118.4,3.0,1.0,,5.0,Yes
CUST12766,Female,33,Kolkata,29,Quarterly,Basic,Fiber,Debit Card,851.38,20910.57,208.5,3.0,0.0,6.0,15.0,No
CUST12767,Male,24,Mumbai,35,Quarterly,Basic,Fiber,Credit Card,1007.44,30104.86,280.9,1.0,0.0,8.0,,No
CUST12768,Female,69,Pune,11,Monthly,Standard,DSL,,1081.16,10238.16,77.2,3.0,1.0,6.0,5.0,No
CUST12769,Female,31,Mumbai,32,Monthly,Premium,Fiber,Cash,1584.55,48089.6,228.9,0.0,0.0,7.0,5.0,No
CUST12770,Male,26,Bengaluru,39,Quarterly,Standard,,Cash,931.31,32923.64,5.0,1.0,0.0,8.0,10.0,No
CUST12771,Female,32,Mumbai,7,Quarterly,Standard,DSL,Debit Card,1167.86,8132.55,98.8,4.0,1.0,5.0,0.0,Yes
CUST12772,Female,38,Mumbai,34,Monthly,Standard,DSL,UPI,970.02,32835.97,82.5,0.0,0.0,6.0,0.0,No
CUST12773,Male,52,Delhi,43,Monthly,Basic,,Credit Card,492.9,20931.59,3.4,0.0,0.0,8.0,0.0,No
CUST12774,Female,19,Hyderabad,31,Yearly,Premium,,Credit Card,1314.9,33131.66,11.2,1.0,3.0,6.0,20.0,Yes
CUST12775,Female,44,Hyderabad,15,Quarterly,Standard,Fiber,Bank Transfer,1224.53,18598.61,277.2,3.0,1.0,7.0,0.0,No
CUST12776,Female,19,Hyderabad,35,,Basic,DSL,Debit Card,601.11,19872.26,74.4,0.0,0.0,8.0,5.0,No
CUST12777,Female,52,Mumbai,31,Monthly,Standard,Fiber,Credit Card,1342.61,35631.3,,3.0,2.0,6.0,15.0,No
CUST12778,Female,35,Bengaluru,17,Monthly,Basic,Fiber,Debit Card,861.46,15102.52,173.5,1.0,0.0,7.0,0.0,No
CUST12779,Female,31,Chennai,72,Monthly,Basic,Fiber,UPI,819.61,58321.85,40.4,1.0,1.0,7.0,0.0,No
CUST12780,Male,37,Delhi,6,Quarterly,Basic,DSL,Bank Transfer,750.93,3851.0,59.2,0.0,2.0,5.0,20.0,No
CUST12781,Female,35,Delhi,27,Monthly,Basic,Fiber,UPI,972.17,23198.21,200.2,2.0,0.0,6.0,10.0,No
CUST12782,Male,27,Ahmedabad,3,Monthly,Standard,DSL,Debit Card,1140.77,4063.67,128.3,3.0,0.0,4.0,0.0,Yes
CUST12783,Male,42,Kolkata,25,Monthly,Standard,DSL,UPI,1054.57,21927.53,164.6,3.0,0.0,5.0,15.0,No
CUST12784,Male,19,Ahmedabad,17,Quarterly,Standard,DSL,UPI,1252.87,18086.49,176.6,2.0,1.0,5.0,15.0,No
CUST12785,Male,42,Hyderabad,38,Monthly,Basic,Fiber,UPI,1125.84,36497.83,138.5,4.0,0.0,7.0,15.0,No
CUST12786,Female,50,Bengaluru,19,Quarterly,Standard,DSL,Cash,1085.84,19698.54,0.5,4.0,0.0,7.0,0.0,No
CUST12787,Female,53,Pune,32,Yearly,Basic,DSL,Debit Card,745.03,,94.9,3.0,1.0,7.0,5.0,No
CUST12788,Female,48,Mumbai,19,Quarterly,Standard,Fiber,Credit Card,1173.05,19845.4,183.8,4.0,0.0,5.0,10.0,Yes
CUST12789,Male,31,Hyderabad,29,Monthly,Basic,,Bank Transfer,537.78,15651.28,5.0,4.0,0.0,7.0,5.0,No
CUST12790,Female,18,Bengaluru,46,Yearly,Standard,Fiber,Debit Card,1319.61,60606.31,129.6,3.0,0.0,6.0,0.0,No
CUST12791,Female,63,Ahmedabad,25,Monthly,Basic,Fiber,Debit Card,926.86,23408.02,258.0,2.0,2.0,8.0,0.0,No
CUST12792,Female,33,Bengaluru,14,Monthly,Standard,DSL,Credit Card,1119.62,12544.6,143.6,2.0,0.0,7.0,10.0,Yes
CUST12793,Male,63,Jaipur,17,Yearly,Premium,Fiber,UPI,1655.51,27151.63,231.9,0.0,0.0,10.0,5.0,Yes
CUST12794,Male,69,Ahmedabad,4,Monthly,Standard,Fiber,UPI,,5238.48,153.6,3.0,0.0,10.0,0.0,No
CUST12795,Female,20,Hyderabad,36,Monthly,Basic,DSL,UPI,,25943.66,126.9,2.0,2.0,7.0,15.0,No
CUST12796,Male,52,,15,Monthly,Basic,Fiber,Debit Card,966.21,13788.12,160.8,1.0,2.0,,5.0,No
CUST12797,Male,58,Pune,24,Monthly,Premium,Fiber,UPI,1638.13,38675.23,216.7,2.0,2.0,6.0,0.0,No
CUST12798,Female,23,Ahmedabad,3,Quarterly,Standard,DSL,Credit Card,1197.59,2854.51,137.4,3.0,1.0,8.0,10.0,No
CUST12799,Male,42,Hyderabad,20,Monthly,Premium,DSL,Credit Card,1344.46,25089.02,160.0,1.0,0.0,7.0,5.0,Yes
CUST12800,Male,30,Kolkata,44,Quarterly,Standard,DSL,UPI,1072.64,42747.93,155.1,1.0,2.0,7.0,10.0,No
CUST12801,Female,70,Hyderabad,26,Quarterly,Premium,DSL,Cash,1407.79,36485.34,62.2,2.0,0.0,8.0,0.0,No
CUST12802,Male,51,Kochi,72,Monthly,Premium,Fiber,Cash,1673.57,120910.33,58.0,0.0,1.0,7.0,0.0,No
CUST12803,Male,25,Hyderabad,15,Monthly,Standard,DSL,UPI,919.26,12720.8,100.6,5.0,1.0,4.0,10.0,Yes
CUST12804,Male,38,Hyderabad,25,Monthly,Basic,DSL,Bank Transfer,768.65,15289.63,115.0,1.0,1.0,6.0,25.0,No
CUST12805,Male,51,Kolkata,22,Yearly,Standard,Fiber,Credit Card,1238.59,27302.17,83.9,0.0,0.0,9.0,0.0,No
CUST12806,Male,21,Ahmedabad,36,Quarterly,Premium,,Bank Transfer,1347.84,43556.65,7.9,1.0,1.0,7.0,10.0,No
CUST12807,Male,42,Chennai,21,Yearly,Premium,DSL,UPI,1416.18,29786.45,101.7,0.0,0.0,9.0,0.0,Yes
CUST12808,Male,32,Mumbai,15,Monthly,Basic,Fiber,UPI,1123.22,15513.19,155.8,2.0,1.0,6.0,0.0,Yes
CUST12809,Male,21,Hyderabad,24,Monthly,Standard,DSL,Bank Transfer,1003.09,23887.08,110.6,3.0,0.0,6.0,0.0,No
CUST12810,Female,62,Kochi,26,Monthly,Premium,DSL,Bank Transfer,1358.94,28569.81,134.4,3.0,0.0,6.0,20.0,Yes
CUST12811,Female,29,Kolkata,33,Monthly,Standard,Fiber,Credit Card,1248.46,41049.08,,2.0,0.0,5.0,0.0,No
CUST12812,Female,49,Ahmedabad,26,Monthly,,DSL,Bank Transfer,1439.8,37307.7,84.0,1.0,0.0,7.0,0.0,No
CUST12813,Female,49,Bengaluru,55,Yearly,Premium,DSL,Debit Card,1597.31,,109.6,2.0,2.0,6.0,10.0,No
CUST12814,Male,45,Hyderabad,72,Monthly,Premium,DSL,UPI,1322.81,96030.65,115.3,2.0,1.0,7.0,0.0,No
CUST12815,Female,30,Pune,16,Yearly,Basic,Fiber,Credit Card,902.85,14577.6,179.4,2.0,1.0,6.0,0.0,No
CUST12816,Female,48,Ahmedabad,39,Monthly,Basic,Fiber,UPI,965.45,37569.7,159.2,6.0,1.0,6.0,0.0,No
CUST12817,Male,31,Bengaluru,34,Yearly,Basic,Fiber,Bank Transfer,846.67,22796.6,231.0,2.0,1.0,6.0,25.0,No
CUST12818,Male,37,Ahmedabad,4,Monthly,Premium,DSL,Cash,1338.61,4692.37,113.8,3.0,3.0,7.0,0.0,Yes
CUST12819,Male,35,Chennai,49,Yearly,Standard,DSL,Debit Card,1165.85,42498.11,90.7,0.0,0.0,8.0,25.0,No
CUST12820,Male,46,Mumbai,12,Monthly,,Fiber,Debit Card,832.85,9446.79,94.7,6.0,1.0,5.0,0.0,Yes
CUST12821,Male,23,Delhi,12,Yearly,Basic,Fiber,Bank Transfer,983.51,11411.1,233.1,0.0,0.0,9.0,0.0,No
CUST12822,Female,49,Delhi,26,Monthly,Standard,Fiber,UPI,1126.07,24039.31,221.6,3.0,0.0,6.0,20.0,No
CUST12823,Male,46,Chennai,32,Monthly,Premium,DSL,Credit Card,1424.49,40515.89,107.8,2.0,2.0,,10.0,Yes
CUST12824,Female,60,Bengaluru,32,Monthly,Standard,DSL,Credit Card,1110.58,33769.5,133.1,1.0,1.0,7.0,5.0,No
CUST12825,Female,19,Bengaluru,23,Monthly,Standard,Fiber,Debit Card,1228.31,27068.1,206.3,1.0,0.0,8.0,5.0,No
CUST12826,Male,40,Ahmedabad,22,Quarterly,Basic,Fiber,Bank Transfer,825.48,18498.76,105.4,5.0,0.0,4.0,0.0,Yes
CUST12827,Female,36,Bengaluru,22,Yearly,Premium,Fiber,UPI,1642.45,32183.37,163.6,1.0,1.0,7.0,,No
CUST12828,Female,48,Mumbai,22,Quarterly,Basic,Fiber,Credit Card,726.22,14652.32,179.9,4.0,1.0,7.0,10.0,No
CUST12829,Male,68,Hyderabad,27,Quarterly,Standard,DSL,Bank Transfer,953.98,25519.55,57.6,0.0,0.0,8.0,0.0,No
CUST12830,Female,22,,40,Monthly,Basic,,UPI,1039.65,33266.36,229.4,2.0,0.0,7.0,20.0,No
CUST12831,Female,36,Kolkata,36,Quarterly,Basic,Fiber,Credit Card,886.42,29770.58,294.4,1.0,1.0,8.0,5.0,No
CUST12832,Female,51,Hyderabad,38,Monthly,Basic,DSL,UPI,807.43,30019.27,99.1,3.0,2.0,6.0,0.0,No
CUST12833,Male,27,Kolkata,30,Yearly,,,Debit Card,905.12,27322.56,4.6,1.0,0.0,6.0,0.0,No
CUST12834,Male,42,Pune,33,Monthly,Standard,,Bank Transfer,822.47,24256.66,11.0,2.0,0.0,9.0,15.0,No
CUST12835,Male,19,Bengaluru,25,Quarterly,Basic,,UPI,559.38,13114.53,7.8,1.0,0.0,10.0,5.0,No
CUST12836,Female,28,Bengaluru,34,Monthly,Basic,DSL,Bank Transfer,656.18,20057.87,116.7,1.0,0.0,9.0,10.0,No
CUST12837,Male,67,Hyderabad,27,Monthly,Premium,DSL,Credit Card,1460.39,31846.11,141.3,4.0,1.0,6.0,20.0,No
CUST12838,Female,48,Delhi,4,Monthly,Basic,DSL,UPI,710.76,3085.67,113.8,3.0,1.0,5.0,10.0,Yes
CUST12839,Male,32,Kolkata,7,Monthly,Basic,DSL,Credit Card,917.34,6331.58,101.7,4.0,2.0,7.0,10.0,Yes
CUST12840,Female,26,Chennai,23,Monthly,Standard,,Bank Transfer,793.9,18526.51,7.9,2.0,1.0,7.0,0.0,No
CUST12841,Male,40,Delhi,9,Monthly,Premium,Fiber,UPI,1641.07,13204.99,55.8,2.0,2.0,7.0,10.0,No
CUST12842,Male,36,Mumbai,25,Yearly,Basic,Fiber,Credit Card,878.12,21195.1,148.2,1.0,0.0,6.0,5.0,No
CUST12843,Female,26,Mumbai,31,Monthly,Premium,Fiber,Debit Card,1665.07,41489.26,162.8,2.0,1.0,7.0,20.0,No
CUST12844,Male,52,Chennai,33,Yearly,Standard,DSL,Credit Card,941.47,31038.22,82.3,3.0,0.0,7.0,0.0,No
CUST12845,Female,38,Hyderabad,22,Monthly,Standard,DSL,UPI,1039.44,23323.98,115.7,3.0,3.0,7.0,0.0,No
CUST12846,Male,26,Chennai,31,Monthly,Basic,DSL,Credit Card,797.39,24932.63,114.0,3.0,0.0,8.0,0.0,No
CUST12847,Male,45,Mumbai,39,Quarterly,Standard,Fiber,Bank Transfer,1218.82,44807.4,,2.0,1.0,7.0,5.0,No
CUST12848,Female,63,Pune,41,Monthly,Basic,Fiber,Cash,939.66,,257.3,1.0,0.0,10.0,0.0,No
CUST12849,Female,68,Ahmedabad,39,Monthly,Standard,,UPI,783.66,25182.92,0.6,3.0,1.0,6.0,15.0,No
CUST12850,Female,24,Mumbai,27,Quarterly,Basic,,Debit Card,872.28,18370.28,192.2,2.0,1.0,8.0,20.0,No
CUST12851,Male,33,Hyderabad,13,Monthly,Standard,Fiber,UPI,1198.49,14037.68,123.7,1.0,0.0,8.0,10.0,No
CUST12852,Female,33,Kochi,7,Quarterly,Premium,,Debit Card,1512.39,11099.21,120.4,5.0,0.0,7.0,0.0,No
CUST12853,Male,50,Delhi,22,Monthly,Standard,Fiber,UPI,1311.75,28800.35,186.2,3.0,1.0,10.0,0.0,Yes
CUST12854,Female,21,Chennai,21,Monthly,Basic,Fiber,UPI,751.33,11981.09,263.9,0.0,1.0,5.0,25.0,No
CUST12855,Female,21,Bengaluru,39,Yearly,Standard,Fiber,Bank Transfer,1174.44,46103.88,209.5,3.0,2.0,4.0,0.0,No
CUST12856,Female,56,Chennai,15,Quarterly,Standard,Fiber,UPI,1147.29,14880.54,210.6,2.0,0.0,8.0,10.0,No
CUST12857,Female,57,Bengaluru,28,Monthly,Basic,DSL,Credit Card,688.13,18088.13,62.5,4.0,0.0,7.0,5.0,No
CUST12858,Female,34,Kochi,4,Yearly,Standard,Fiber,Cash,1221.33,3082.34,0.5,2.0,2.0,7.0,25.0,Yes
CUST12859,Female,54,Kolkata,21,Yearly,Basic,Fiber,Cash,902.61,18786.42,181.3,4.0,0.0,7.0,0.0,No
CUST12860,Male,56,Kolkata,22,Monthly,Standard,Fiber,UPI,1110.24,24557.84,153.8,4.0,0.0,5.0,0.0,No
CUST12861,Female,69,Pune,14,Monthly,Standard,DSL,Debit Card,956.32,12088.85,196.8,2.0,0.0,9.0,10.0,Yes
CUST12862,Male,46,Chennai,5,Yearly,Basic,Fiber,Debit Card,936.95,4273.12,220.7,1.0,1.0,9.0,0.0,No
CUST12863,Female,69,Hyderabad,14,Monthly,Basic,Fiber,Credit Card,812.68,10512.54,234.3,0.0,1.0,10.0,10.0,No
CUST12864,Female,53,Ahmedabad,56,Monthly,Basic,Fiber,Cash,844.42,47418.99,124.6,2.0,1.0,5.0,0.0,No
CUST12865,Female,55,Kochi,14,Monthly,Premium,Fiber,Bank Transfer,1673.87,22476.79,,2.0,1.0,8.0,5.0,No
CUST12866,Male,56,Hyderabad,70,Quarterly,Standard,Fiber,Bank Transfer,1213.79,80794.84,174.1,,0.0,8.0,5.0,No
CUST12867,Male,67,Jaipur,15,Yearly,Basic,Fiber,UPI,1023.81,14213.64,242.5,2.0,0.0,10.0,5.0,No
CUST12868,Female,54,Chennai,7,Quarterly,Standard,,Credit Card,841.44,4399.85,8.9,1.0,1.0,7.0,15.0,No
CUST12869,Male,69,Chennai,14,Yearly,Basic,,Credit Card,728.63,7844.95,1.8,1.0,0.0,7.0,25.0,No
CUST12870,Female,52,Hyderabad,14,Monthly,Standard,DSL,UPI,1035.3,12532.06,36.4,2.0,1.0,7.0,15.0,No
CUST12871,Female,24,Mumbai,8,Monthly,Standard,Fiber,UPI,1295.82,8850.02,202.7,1.0,2.0,5.0,15.0,Yes
CUST12872,Male,44,Bengaluru,19,Quarterly,Premium,DSL,UPI,1382.81,26011.95,119.6,1.0,1.0,8.0,5.0,No
CUST12873,Male,45,Mumbai,10,Yearly,Basic,Fiber,UPI,847.99,8250.57,307.4,4.0,1.0,5.0,0.0,No
CUST12874,Male,39,,22,Monthly,Standard,DSL,UPI,1185.34,23641.46,43.4,0.0,1.0,7.0,10.0,No
CUST12875,Male,31,Delhi,14,Monthly,Standard,Fiber,UPI,1144.38,,159.9,1.0,0.0,8.0,0.0,No
CUST12876,Female,24,Hyderabad,55,Monthly,Premium,DSL,UPI,1432.61,78776.82,139.3,5.0,1.0,5.0,0.0,No
CUST12877,Male,54,Kochi,59,Monthly,Standard,,Credit Card,797.08,41792.61,0.5,1.0,0.0,9.0,10.0,No
CUST12878,Male,39,Delhi,72,Monthly,Standard,Fiber,Credit Card,1289.95,83453.86,256.0,2.0,0.0,7.0,10.0,No
CUST12879,Female,22,Hyderabad,30,Monthly,Basic,Fiber,Credit Card,803.26,24579.53,134.4,1.0,1.0,8.0,0.0,No
CUST12880,Male,19,Bengaluru,33,Yearly,Standard,DSL,Cash,1154.6,32681.47,61.2,2.0,0.0,8.0,15.0,Yes
CUST12881,Male,44,Bengaluru,25,Monthly,Premium,Fiber,Debit Card,1619.58,32817.77,234.9,1.0,1.0,7.0,20.0,No
CUST12882,Male,38,Kolkata,15,Quarterly,Premium,,Bank Transfer,,17720.86,8.4,2.0,1.0,6.0,5.0,Yes
CUST12883,Male,55,Chennai,26,Monthly,Standard,Fiber,Cash,1195.4,28435.0,260.0,2.0,1.0,4.0,,No
CUST12884,Female,32,Kolkata,40,Monthly,Standard,Fiber,UPI,1300.06,51455.04,205.9,2.0,0.0,8.0,0.0,No
CUST12885,Female,38,Bengaluru,35,Quarterly,Premium,DSL,Credit Card,1432.46,37504.1,132.5,3.0,1.0,5.0,25.0,No
CUST12886,Male,27,Chennai,22,Yearly,Basic,Fiber,Credit Card,843.12,18039.34,148.7,2.0,0.0,9.0,,No
CUST12887,Male,40,Mumbai,24,Monthly,Basic,Fiber,Credit Card,941.63,18966.21,71.7,1.0,0.0,7.0,20.0,No
CUST12888,Female,56,Mumbai,9,Yearly,Standard,DSL,UPI,,7591.51,55.0,4.0,1.0,7.0,,No
CUST12889,Male,22,Bengaluru,24,Yearly,Basic,DSL,Bank Transfer,906.86,20061.38,82.5,1.0,0.0,8.0,10.0,No
CUST12890,Male,18,Bengaluru,11,Monthly,Premium,,UPI,1522.95,14440.51,91.6,2.0,2.0,8.0,15.0,No
CUST12891,Male,30,Delhi,35,Monthly,Standard,DSL,Cash,1077.75,36101.92,87.6,3.0,0.0,7.0,5.0,No
CUST12892,Male,38,Bengaluru,34,Quarterly,Standard,Fiber,Bank Transfer,1314.73,35238.41,180.4,2.0,1.0,7.0,20.0,No
CUST12893,Male,43,Kochi,49,Monthly,Standard,Fiber,Debit Card,1083.93,47769.48,241.8,2.0,0.0,6.0,10.0,No
CUST12894,Male,67,Delhi,15,Monthly,Standard,Fiber,UPI,1244.89,18132.7,189.2,3.0,0.0,7.0,0.0,No
CUST12895,Male,62,Bengaluru,3,Monthly,Standard,,Credit Card,858.17,2340.9,3.5,1.0,1.0,8.0,0.0,No
CUST12896,Male,38,Mumbai,27,Monthly,Basic,Fiber,UPI,883.73,22679.81,163.5,2.0,1.0,7.0,5.0,No
CUST12897,Male,70,Chennai,31,Yearly,Standard,Fiber,UPI,1177.52,30558.52,153.8,1.0,0.0,9.0,15.0,No
CUST12898,Female,35,Bengaluru,30,Monthly,Basic,,Bank Transfer,639.06,15645.91,6.1,2.0,1.0,7.0,15.0,No
CUST12899,Female,54,Ahmedabad,6,Monthly,Basic,,Credit Card,401.07,1433.13,7.3,0.0,0.0,9.0,15.0,No
CUST12900,Female,62,Kochi,63,Monthly,Standard,DSL,Credit Card,1087.8,68839.24,32.6,3.0,1.0,6.0,0.0,No
CUST12901,Male,49,,36,Quarterly,Basic,Fiber,Bank Transfer,785.57,26699.41,226.8,1.0,0.0,9.0,5.0,No
CUST12902,Male,53,Hyderabad,35,Quarterly,Premium,DSL,UPI,1430.43,44404.49,135.3,1.0,0.0,8.0,10.0,No
CUST12903,Female,34,Bengaluru,36,Yearly,Standard,Fiber,Debit Card,1195.98,38709.14,138.2,2.0,2.0,9.0,10.0,No
CUST12904,Male,52,Pune,18,Quarterly,Premium,DSL,Debit Card,1579.32,28772.81,103.8,1.0,0.0,7.0,0.0,No
CUST12905,Female,66,Hyderabad,3,Quarterly,Basic,Fiber,Credit Card,857.32,2240.98,169.8,4.0,0.0,6.0,10.0,No
CUST12906,Male,28,Mumbai,30,Monthly,,Fiber,Bank Transfer,1604.35,42588.36,132.0,3.0,1.0,6.0,10.0,No
CUST12907,Female,38,Mumbai,22,Monthly,Basic,Fiber,Cash,801.7,15765.38,124.0,4.0,1.0,5.0,10.0,Yes
CUST12908,Female,69,Pune,43,Quarterly,Basic,Fiber,Credit Card,940.47,,160.8,2.0,0.0,7.0,10.0,No
CUST12909,Female,70,Hyderabad,28,Yearly,Basic,DSL,Credit Card,643.52,16318.16,104.3,2.0,0.0,9.0,10.0,No
CUST12910,Male,43,Mumbai,1,Yearly,Standard,DSL,Credit Card,907.75,697.94,103.6,0.0,2.0,10.0,0.0,No
CUST12911,Female,21,Pune,14,Quarterly,Basic,DSL,Bank Transfer,629.29,7129.96,91.5,2.0,0.0,7.0,20.0,No
CUST12912,Male,51,Chennai,7,Monthly,Standard,Fiber,Debit Card,1177.29,7351.79,151.2,1.0,0.0,9.0,0.0,No
CUST12913,Male,69,Ahmedabad,13,Monthly,Basic,DSL,UPI,731.29,8564.28,84.6,3.0,0.0,6.0,10.0,No
CUST12914,Male,65,Bengaluru,41,Monthly,Basic,Fiber,UPI,990.78,40460.41,201.4,3.0,0.0,7.0,0.0,Yes
CUST12915,Male,35,Kolkata,35,Monthly,Standard,Fiber,Cash,1321.77,41163.2,189.5,4.0,2.0,7.0,,No
CUST12916,Male,57,Pune,10,Monthly,Basic,Fiber,UPI,1019.85,8160.17,149.0,3.0,2.0,6.0,20.0,No
CUST12917,Male,52,Bengaluru,14,Monthly,Standard,Fiber,Debit Card,1292.06,17902.85,253.3,1.0,0.0,6.0,0.0,No
CUST12918,Male,58,Pune,34,Monthly,Standard,Fiber,Bank Transfer,1366.03,34768.64,107.9,1.0,0.0,8.0,25.0,No
CUST12919,Female,46,Hyderabad,38,,Premium,Fiber,Credit Card,1636.43,61659.51,149.2,0.0,1.0,7.0,0.0,No
CUST12920,Female,69,Kochi,26,Monthly,Standard,,Debit Card,887.6,23120.54,2.7,,0.0,8.0,0.0,No
CUST12921,Female,46,Bengaluru,16,Quarterly,Premium,,UPI,1396.16,18030.06,8.2,2.0,0.0,7.0,15.0,No
CUST12922,Male,55,Pune,53,Monthly,,Fiber,Cash,1110.85,52855.12,,2.0,2.0,7.0,10.0,No
CUST12923,Male,59,Delhi,32,Monthly,Premium,Fiber,UPI,1675.19,53551.7,185.2,1.0,2.0,8.0,0.0,No
CUST12924,,38,Kochi,5,Yearly,Basic,Fiber,Credit Card,896.23,4386.54,208.8,7.0,0.0,5.0,20.0,Yes
CUST12925,Male,59,Delhi,72,Monthly,Standard,Fiber,Debit Card,1306.66,84497.13,249.6,3.0,3.0,7.0,10.0,No
CUST12926,Female,30,Kochi,68,Yearly,Premium,Fiber,Bank Transfer,1694.54,115982.87,191.8,1.0,0.0,9.0,0.0,No
CUST12927,Male,66,Jaipur,36,Monthly,Basic,Fiber,UPI,886.85,27662.14,191.0,,1.0,6.0,15.0,No
CUST12928,Female,58,Mumbai,25,Monthly,Standard,DSL,Credit Card,953.62,22543.31,104.0,1.0,1.0,8.0,5.0,No
CUST12929,Male,34,Ahmedabad,21,Monthly,Premium,DSL,UPI,1557.96,32680.59,,2.0,0.0,6.0,0.0,No
CUST12930,Female,26,Kochi,15,Monthly,Standard,Fiber,Credit Card,1162.15,14233.39,183.2,2.0,0.0,7.0,15.0,No
CUST12931,Male,58,Mumbai,37,Monthly,Basic,DSL,Bank Transfer,759.69,24959.73,128.4,1.0,1.0,8.0,10.0,Yes
CUST12932,Female,18,Hyderabad,12,Quarterly,Standard,DSL,UPI,960.49,10445.64,99.7,2.0,1.0,9.0,10.0,No
CUST12933,Male,19,Chennai,8,Monthly,Basic,Fiber,Bank Transfer,871.15,5372.03,173.4,2.0,3.0,4.0,20.0,No
CUST12934,Female,65,Delhi,27,Quarterly,Premium,Fiber,Bank Transfer,1681.3,38985.05,232.4,1.0,1.0,8.0,15.0,No
CUST12935,Male,46,Bengaluru,11,,Basic,,Cash,580.81,6674.23,0.8,2.0,1.0,7.0,0.0,No
CUST12936,Female,50,Mumbai,13,Monthly,Basic,DSL,Debit Card,689.9,7279.48,107.9,2.0,0.0,8.0,20.0,Yes
CUST12937,Female,27,Delhi,39,Yearly,Basic,Fiber,Credit Card,749.7,28075.39,185.7,3.0,1.0,5.0,5.0,No
CUST12938,Male,67,Hyderabad,32,Yearly,Standard,DSL,Credit Card,1105.06,33764.04,97.5,3.0,2.0,6.0,5.0,Yes
CUST12939,Female,57,Mumbai,12,Monthly,Premium,Fiber,Cash,1566.78,14094.49,303.0,1.0,0.0,10.0,25.0,No
CUST12940,Male,38,Jaipur,64,Monthly,Basic,DSL,Bank Transfer,763.99,41174.3,104.3,1.0,1.0,6.0,15.0,No
CUST12941,Male,45,Pune,25,Monthly,Basic,Fiber,Credit Card,889.05,23132.09,196.0,4.0,1.0,7.0,0.0,No
CUST12942,Male,28,Bengaluru,16,Yearly,Standard,Fiber,Cash,1165.97,17100.63,210.8,2.0,0.0,6.0,10.0,No
CUST12943,Female,51,Pune,15,Monthly,Premium,DSL,Bank Transfer,1499.59,21533.72,62.5,2.0,0.0,9.0,5.0,No
CUST12944,Female,25,Pune,12,Yearly,Standard,DSL,Cash,980.53,11364.23,104.9,0.0,1.0,9.0,0.0,No
CUST12945,Male,39,Kochi,33,Monthly,Basic,Fiber,Debit Card,911.97,25270.85,182.0,1.0,0.0,8.0,20.0,No
CUST12946,Male,25,Bengaluru,14,Yearly,Standard,Fiber,Bank Transfer,1233.18,14309.63,203.5,1.0,,6.0,15.0,No
CUST12947,Female,66,Mumbai,22,Monthly,Basic,Fiber,Bank Transfer,1007.8,18860.5,143.5,2.0,1.0,7.0,15.0,No
CUST12948,Female,32,Jaipur,21,Monthly,,Fiber,UPI,1204.17,22792.58,192.7,3.0,2.0,6.0,10.0,No
CUST12949,Female,34,Jaipur,13,Quarterly,Basic,Fiber,Cash,804.65,9779.12,254.9,1.0,0.0,7.0,0.0,No
CUST12950,Male,40,Kolkata,13,Yearly,Premium,DSL,Credit Card,1503.98,15859.54,129.0,1.0,0.0,7.0,20.0,No
CUST12951,Male,41,Kolkata,8,Yearly,Premium,Fiber,Credit Card,1528.95,11785.93,186.4,4.0,1.0,,5.0,No
CUST12952,Male,62,Bengaluru,37,Quarterly,Standard,DSL,Bank Transfer,996.39,36328.28,127.9,1.0,0.0,,0.0,No
CUST12953,Male,36,Chennai,30,Quarterly,Standard,DSL,Debit Card,1010.01,23088.52,82.9,2.0,1.0,6.0,25.0,No
CUST12954,Male,22,Mumbai,21,Quarterly,Standard,Fiber,Bank Transfer,1185.22,20669.01,175.2,1.0,3.0,6.0,15.0,Yes
CUST12955,Female,49,Mumbai,12,Quarterly,Basic,DSL,Credit Card,853.42,9053.89,79.5,5.0,0.0,4.0,10.0,Yes
CUST12956,Male,61,Ahmedabad,33,Yearly,Standard,,Credit Card,902.16,29379.32,0.5,0.0,2.0,8.0,0.0,No
CUST12957,Female,18,Bengaluru,31,Monthly,Standard,Fiber,UPI,1112.0,34773.56,176.6,5.0,1.0,8.0,0.0,No
CUST12958,Female,40,Hyderabad,47,Quarterly,Premium,,Credit Card,1371.01,61464.36,8.9,2.0,2.0,6.0,5.0,No
CUST12959,Male,54,Jaipur,35,Monthly,Basic,DSL,Bank Transfer,834.89,25732.28,60.2,1.0,0.0,9.0,10.0,No
CUST12960,Female,25,Mumbai,11,Quarterly,Standard,DSL,Credit Card,1083.33,10425.9,95.9,1.0,0.0,8.0,10.0,No
CUST12961,Male,30,Kochi,15,Yearly,Standard,Fiber,Credit Card,1014.61,12644.58,166.5,2.0,0.0,7.0,15.0,No
CUST12962,Female,25,Kochi,48,Monthly,Basic,DSL,UPI,682.47,29805.76,118.8,5.0,0.0,8.0,10.0,No
CUST12963,Male,40,Chennai,9,Monthly,Standard,Fiber,Bank Transfer,1200.72,9368.52,193.4,0.0,0.0,6.0,10.0,No
CUST12964,Male,60,Mumbai,28,Monthly,Premium,DSL,UPI,1582.43,37599.31,104.4,2.0,0.0,7.0,15.0,No
CUST12965,Female,18,Delhi,34,Monthly,Premium,DSL,Bank Transfer,1556.04,47497.48,81.5,2.0,0.0,7.0,10.0,No
CUST12966,Male,62,Hyderabad,34,Monthly,Standard,Fiber,Credit Card,1122.77,28466.38,209.1,2.0,0.0,7.0,25.0,No
CUST12967,Female,68,Delhi,10,Yearly,Basic,Fiber,UPI,765.58,6984.96,239.2,2.0,3.0,5.0,20.0,No
CUST12968,Male,41,Delhi,21,Quarterly,Premium,Fiber,Bank Transfer,1585.41,32954.87,226.6,3.0,,7.0,0.0,No
CUST12969,Male,52,Kochi,9,Yearly,Standard,Fiber,Credit Card,1211.23,8606.91,188.4,2.0,0.0,5.0,20.0,No
CUST12970,Male,41,Bengaluru,15,Monthly,Basic,DSL,Debit Card,650.7,9941.97,119.1,4.0,1.0,7.0,0.0,No
CUST12971,,34,Kolkata,22,Yearly,Basic,Fiber,Bank Transfer,830.33,13487.95,202.2,3.0,,6.0,25.0,No
CUST12972,Female,22,Bengaluru,36,Quarterly,Basic,Fiber,Debit Card,1069.29,,265.7,5.0,0.0,6.0,,No
CUST12973,Male,37,Chennai,33,Monthly,Basic,Fiber,Bank Transfer,870.08,26011.01,239.8,0.0,1.0,7.0,10.0,No
CUST12974,Female,38,,24,Quarterly,Standard,DSL,Bank Transfer,1025.93,25013.85,86.0,1.0,1.0,6.0,0.0,No
CUST12975,Male,57,Delhi,20,Yearly,Basic,Fiber,Debit Card,1126.1,23173.31,78.6,2.0,1.0,8.0,0.0,No
CUST12976,Female,48,Mumbai,25,Monthly,Basic,,Credit Card,,12973.54,7.8,0.0,2.0,9.0,0.0,Yes
CUST12977,Female,63,Pune,27,Quarterly,Standard,DSL,UPI,969.09,21855.46,113.5,3.0,0.0,5.0,15.0,Yes
CUST12978,Male,53,Kolkata,18,Yearly,Standard,DSL,Cash,993.27,16596.14,149.5,5.0,0.0,6.0,5.0,No
CUST12979,Male,28,Pune,1,Monthly,Basic,Fiber,Cash,923.33,1532.38,159.4,2.0,1.0,8.0,10.0,No
CUST12980,,69,Delhi,15,Quarterly,Basic,Fiber,Credit Card,862.01,10506.66,,1.0,1.0,7.0,20.0,No
CUST12981,Male,32,Mumbai,22,Monthly,Basic,Fiber,UPI,889.59,19161.33,98.6,4.0,1.0,6.0,0.0,Yes
CUST12982,Male,36,Kochi,34,Monthly,Standard,Fiber,UPI,1196.56,34240.9,146.6,0.0,2.0,8.0,15.0,No
CUST12983,Female,24,Jaipur,16,Quarterly,Basic,DSL,Debit Card,1001.83,14672.43,72.7,3.0,0.0,7.0,5.0,No
CUST12984,Female,68,Hyderabad,14,Monthly,Standard,Fiber,UPI,1257.01,17558.63,132.9,3.0,2.0,5.0,0.0,No
CUST12985,Male,45,Ahmedabad,3,Quarterly,Basic,Fiber,Bank Transfer,823.92,2342.17,139.5,4.0,1.0,6.0,15.0,Yes
CUST12986,Male,68,Hyderabad,23,Monthly,Basic,DSL,Cash,736.06,16009.3,118.0,2.0,0.0,7.0,10.0,No
CUST12987,Male,60,Hyderabad,23,Monthly,Standard,Fiber,Cash,1264.24,29619.83,48.2,4.0,,5.0,0.0,Yes
CUST12988,Female,22,Bengaluru,8,Monthly,Basic,Fiber,UPI,986.63,7516.66,257.6,0.0,1.0,7.0,5.0,Yes
CUST12989,Male,22,Hyderabad,33,Monthly,Basic,Fiber,Cash,771.65,21298.75,173.6,1.0,2.0,6.0,15.0,Yes
CUST12990,Male,47,Chennai,22,Monthly,Basic,DSL,Bank Transfer,636.63,14235.31,82.2,2.0,0.0,7.0,0.0,Yes
CUST12991,Female,49,Bengaluru,9,Yearly,Basic,Fiber,UPI,937.6,7131.54,172.1,2.0,1.0,5.0,5.0,No
CUST12992,Female,25,Hyderabad,17,Yearly,Standard,DSL,Credit Card,998.98,14041.3,137.5,4.0,1.0,4.0,15.0,No
CUST12993,Female,27,Kolkata,20,Yearly,Basic,Fiber,Bank Transfer,837.74,14559.17,186.2,1.0,2.0,7.0,15.0,Yes
CUST12994,Female,55,Pune,12,Monthly,Premium,Fiber,Cash,1614.97,16910.68,139.6,3.0,0.0,7.0,15.0,No
CUST12995,Male,64,Pune,45,Yearly,Premium,DSL,UPI,1513.26,68750.94,60.9,3.0,2.0,5.0,0.0,No
CUST12996,Female,49,,14,Yearly,Standard,DSL,UPI,1030.89,13654.26,94.9,4.0,0.0,8.0,5.0,No
CUST12997,Female,65,Bengaluru,5,Monthly,Basic,DSL,Credit Card,594.56,3323.68,172.2,2.0,0.0,6.0,10.0,No
CUST12998,Male,45,Chennai,8,Monthly,Premium,DSL,Cash,1407.71,11069.65,90.9,3.0,1.0,6.0,0.0,Yes
CUST12999,Male,34,Kolkata,26,Monthly,Basic,Fiber,Cash,807.17,18656.24,293.3,2.0,1.0,6.0,10.0,Yes
CUST13000,Male,48,Chennai,33,Monthly,Basic,DSL,UPI,794.94,23763.42,78.1,2.0,1.0,8.0,10.0,Yes
CUST13001,Female,25,Delhi,26,Yearly,Basic,DSL,Credit Card,914.04,20771.54,83.7,5.0,0.0,8.0,15.0,No
CUST13002,Male,57,Bengaluru,32,Quarterly,Premium,DSL,Cash,1473.03,47606.49,101.6,3.0,,6.0,0.0,No
CUST13003,Female,42,Jaipur,15,Quarterly,Basic,,Bank Transfer,585.28,9295.92,2.1,1.0,1.0,8.0,0.0,No
CUST13004,Female,26,Hyderabad,4,Monthly,Premium,Fiber,Cash,1665.04,6590.51,166.9,3.0,1.0,7.0,5.0,Yes
CUST13005,Female,19,Jaipur,68,Monthly,Basic,DSL,Bank Transfer,857.84,52979.34,57.2,2.0,1.0,6.0,10.0,No
CUST13006,Male,32,Chennai,27,,Premium,,UPI,1203.45,29257.87,7.8,2.0,0.0,7.0,10.0,No
CUST13007,Female,67,Pune,18,Yearly,Premium,Fiber,Bank Transfer,1595.76,28881.55,123.1,0.0,2.0,6.0,0.0,No
CUST13008,Male,20,Ahmedabad,22,Monthly,Premium,Fiber,UPI,1675.88,38262.93,186.0,0.0,1.0,7.0,0.0,No
CUST13009,Male,66,Pune,66,Yearly,Standard,DSL,Bank Transfer,974.66,58334.15,109.8,3.0,0.0,6.0,10.0,No
CUST13010,Male,53,Delhi,12,Monthly,Premium,Fiber,Debit Card,1479.28,14211.1,155.3,0.0,2.0,7.0,20.0,Yes
CUST13011,Female,21,Chennai,19,Quarterly,Premium,DSL,Cash,1412.79,23218.17,82.3,0.0,3.0,7.0,15.0,Yes
CUST13012,Female,31,Ahmedabad,34,Quarterly,Basic,Fiber,Cash,1000.51,30087.84,147.2,2.0,0.0,9.0,10.0,No
CUST13013,Female,58,Delhi,22,Yearly,Standard,DSL,UPI,1061.24,17349.7,141.0,3.0,1.0,6.0,25.0,No
CUST13014,Male,58,Delhi,5,Monthly,Standard,Fiber,UPI,1162.7,5421.36,106.8,1.0,2.0,6.0,5.0,No
CUST13015,Female,42,Bengaluru,57,Monthly,Basic,Fiber,Credit Card,981.26,52776.64,134.1,1.0,1.0,7.0,5.0,No
CUST13016,Female,67,Jaipur,58,Monthly,Standard,DSL,Bank Transfer,1094.28,64353.25,76.1,2.0,1.0,4.0,0.0,No
CUST13017,Female,27,Bengaluru,28,Yearly,Basic,DSL,Bank Transfer,687.84,15644.69,162.8,3.0,1.0,7.0,20.0,No
CUST13018,Female,38,Pune,72,Monthly,Standard,Fiber,Cash,1184.81,77068.21,230.3,2.0,1.0,6.0,10.0,No
CUST13019,Female,53,Hyderabad,23,Monthly,Basic,Fiber,Debit Card,818.07,17822.75,122.4,0.0,1.0,10.0,5.0,No
CUST13020,Male,29,Hyderabad,26,Monthly,Basic,DSL,UPI,761.47,19221.81,47.7,3.0,2.0,7.0,0.0,Yes
CUST13021,Male,44,Pune,2,Monthly,Basic,DSL,UPI,800.91,1490.21,116.1,0.0,2.0,7.0,5.0,No
CUST13022,Male,57,Bengaluru,21,Yearly,Premium,DSL,UPI,1253.36,26109.27,54.5,3.0,0.0,6.0,0.0,Yes
CUST13023,Male,19,Chennai,24,Yearly,Basic,DSL,Debit Card,668.39,15533.36,113.3,2.0,1.0,6.0,0.0,No
CUST13024,Female,30,Kolkata,43,Monthly,Premium,Fiber,Cash,1734.29,56310.58,115.6,4.0,0.0,6.0,25.0,No
CUST13025,Male,70,Ahmedabad,21,Yearly,Standard,DSL,Credit Card,1023.16,21353.25,87.2,0.0,0.0,8.0,0.0,No
CUST13026,Female,49,Mumbai,18,Quarterly,Standard,DSL,Bank Transfer,1182.7,19334.04,86.2,2.0,2.0,6.0,5.0,No
CUST13027,Male,48,Jaipur,11,Monthly,Basic,Fiber,Credit Card,798.0,8778.38,181.8,3.0,1.0,7.0,0.0,Yes
CUST13028,Male,33,Pune,12,Yearly,Basic,Fiber,Credit Card,857.46,8755.74,,3.0,1.0,8.0,15.0,Yes
CUST13029,Male,49,Jaipur,7,Quarterly,Standard,DSL,Credit Card,1067.41,7101.68,113.8,4.0,0.0,6.0,10.0,No
CUST13030,Female,49,Hyderabad,23,Monthly,Basic,DSL,Credit Card,724.51,16723.8,199.7,3.0,0.0,8.0,0.0,No
CUST13031,Female,51,Chennai,27,Quarterly,Standard,DSL,Cash,1151.24,26114.56,56.2,1.0,0.0,6.0,15.0,No
CUST13032,Male,28,Jaipur,25,Monthly,,DSL,Credit Card,1440.53,30860.21,73.0,0.0,0.0,8.0,15.0,No
CUST13033,Female,27,Jaipur,15,Monthly,Basic,Fiber,UPI,956.97,10441.5,185.2,5.0,1.0,5.0,25.0,Yes
CUST13034,Male,32,Hyderabad,24,Quarterly,Standard,DSL,Bank Transfer,962.64,23456.02,40.6,4.0,2.0,4.0,0.0,Yes
CUST13035,Male,34,Mumbai,25,Yearly,Premium,DSL,Cash,1471.15,35517.69,166.7,2.0,2.0,6.0,5.0,Yes
CUST13036,Male,57,Delhi,22,Quarterly,Premium,Fiber,Debit Card,1574.9,24745.91,140.3,1.0,4.0,7.0,25.0,No
CUST13037,Female,35,Delhi,24,Monthly,Premium,Fiber,UPI,1519.88,30630.91,179.4,1.0,1.0,4.0,15.0,Yes
CUST13038,Male,26,Delhi,21,Yearly,Premium,DSL,UPI,1487.32,26781.04,90.1,0.0,1.0,7.0,15.0,No
CUST13039,Male,42,Mumbai,59,Monthly,Basic,,UPI,658.97,35037.48,5.9,3.0,1.0,6.0,10.0,No
CUST13040,Male,57,Ahmedabad,11,Monthly,Premium,Fiber,UPI,1552.38,16017.12,206.9,3.0,2.0,6.0,10.0,No
CUST13041,Female,31,Bengaluru,43,Monthly,Premium,Fiber,Cash,1633.82,60341.58,115.9,2.0,3.0,7.0,15.0,Yes
CUST13042,,42,Pune,3,Monthly,Standard,Fiber,UPI,1182.79,4011.44,256.9,3.0,1.0,7.0,0.0,No
CUST13043,Female,67,Mumbai,37,Monthly,Standard,Fiber,Credit Card,1208.57,39402.06,259.5,2.0,0.0,8.0,10.0,Yes
CUST13044,Male,39,Delhi,13,Quarterly,Standard,Fiber,Debit Card,1267.19,13920.92,145.2,3.0,0.0,8.0,15.0,No
CUST13045,Female,69,Bengaluru,33,Yearly,Basic,DSL,Bank Transfer,865.34,28876.47,97.8,3.0,1.0,6.0,0.0,No
CUST13046,Male,47,Mumbai,11,Yearly,Basic,DSL,UPI,849.35,9329.63,100.5,2.0,0.0,4.0,,Yes
CUST13047,Male,37,Kolkata,31,Yearly,Standard,DSL,Credit Card,990.03,30627.83,93.3,2.0,0.0,8.0,0.0,No
CUST13048,Female,38,Jaipur,12,Monthly,Standard,Fiber,UPI,1092.46,11761.88,307.1,0.0,0.0,7.0,15.0,No
CUST13049,,61,Mumbai,42,Quarterly,Standard,DSL,UPI,889.09,31919.67,58.2,4.0,0.0,7.0,15.0,No
CUST13050,Male,49,Hyderabad,16,Yearly,Basic,DSL,Credit Card,800.64,11403.03,104.2,2.0,2.0,5.0,10.0,No
CUST13051,Female,68,Hyderabad,21,Monthly,Standard,Fiber,Debit Card,1157.9,20075.75,152.8,1.0,0.0,7.0,15.0,No
CUST13052,Male,63,Jaipur,1,Quarterly,Basic,Fiber,UPI,984.99,1795.95,174.4,3.0,0.0,7.0,5.0,No
CUST13053,Male,66,Kolkata,11,Monthly,Basic,DSL,Credit Card,,6022.86,88.3,1.0,2.0,6.0,20.0,No
CUST13054,Male,38,Chennai,46,Monthly,Standard,DSL,UPI,1085.7,49708.93,72.9,1.0,1.0,5.0,0.0,No
CUST13055,Female,52,Pune,12,Monthly,Standard,DSL,Cash,908.38,10276.17,109.1,0.0,1.0,6.0,10.0,No
CUST13056,Male,49,Ahmedabad,9,Quarterly,Basic,Fiber,Debit Card,940.37,7661.59,221.3,0.0,1.0,9.0,0.0,No
CUST13057,Female,47,Bengaluru,30,Quarterly,Standard,DSL,Bank Transfer,1081.3,33315.04,42.0,1.0,1.0,7.0,0.0,No
CUST13058,Male,56,Hyderabad,23,Monthly,,Fiber,UPI,1112.04,25882.43,193.2,1.0,0.0,7.0,0.0,No
CUST13059,Female,66,Jaipur,71,Quarterly,Standard,DSL,Bank Transfer,1065.38,72957.04,120.0,0.0,0.0,,5.0,No
CUST13060,Female,29,Kolkata,15,Yearly,Standard,DSL,Credit Card,1215.55,15814.77,74.0,2.0,0.0,5.0,15.0,No
CUST13061,Male,58,Chennai,27,Yearly,Basic,Fiber,UPI,955.04,,200.3,1.0,1.0,7.0,5.0,No
CUST13062,Female,64,Chennai,30,Monthly,Standard,Fiber,Bank Transfer,1436.41,42790.13,222.3,3.0,5.0,6.0,0.0,No
CUST13063,Male,35,Delhi,13,Monthly,Premium,Fiber,,1612.26,15500.41,238.7,3.0,1.0,5.0,25.0,Yes
CUST13064,Male,38,Chennai,70,Quarterly,Standard,Fiber,Cash,1246.25,86617.14,63.2,4.0,1.0,4.0,0.0,No
CUST13065,Male,30,Pune,20,Monthly,Premium,Fiber,Bank Transfer,1561.91,24417.34,238.6,2.0,2.0,7.0,25.0,No
CUST13066,Male,38,Hyderabad,7,Monthly,Standard,DSL,UPI,1069.7,6056.64,94.8,1.0,2.0,7.0,20.0,No
CUST13067,Male,25,Kolkata,2,Monthly,Standard,DSL,Credit Card,971.91,2281.77,95.7,2.0,0.0,7.0,5.0,No
CUST13068,Female,63,Ahmedabad,26,Yearly,Premium,DSL,Credit Card,1522.44,40098.22,153.2,3.0,0.0,7.0,0.0,No
CUST13069,Male,57,Bengaluru,10,Quarterly,Standard,DSL,UPI,985.55,8757.92,,3.0,1.0,4.0,10.0,No
CUST13070,,63,,46,Monthly,Premium,DSL,Bank Transfer,1583.3,61505.95,150.2,2.0,0.0,7.0,15.0,No
CUST13071,Female,24,Hyderabad,28,Monthly,Standard,,Debit Card,742.31,19387.17,1.4,1.0,1.0,7.0,5.0,No
CUST13072,Male,40,Pune,6,Quarterly,,Fiber,Cash,1575.61,8680.04,195.8,2.0,2.0,6.0,0.0,No
CUST13073,Female,61,Mumbai,17,Monthly,Standard,DSL,Debit Card,1030.09,14325.41,130.5,1.0,1.0,7.0,15.0,No
CUST13074,Male,49,Pune,23,Monthly,Premium,Fiber,Debit Card,1510.56,33273.29,205.2,1.0,0.0,9.0,5.0,No
CUST13075,Female,28,Jaipur,21,Monthly,Basic,Fiber,UPI,918.77,19805.71,231.8,1.0,1.0,8.0,0.0,No
CUST13076,Female,39,Hyderabad,37,Monthly,Standard,DSL,UPI,1007.33,29819.76,104.2,1.0,0.0,8.0,20.0,No
CUST13077,Female,39,Jaipur,21,Monthly,Premium,Fiber,Bank Transfer,1712.34,29229.1,185.9,1.0,2.0,7.0,,No
CUST13078,Male,60,Kochi,9,Quarterly,Basic,DSL,Cash,685.02,6330.51,83.0,1.0,0.0,5.0,5.0,Yes
CUST13079,Female,42,Bengaluru,17,Quarterly,Standard,Fiber,Credit Card,1233.68,20815.48,136.4,3.0,0.0,6.0,0.0,Yes
CUST13080,Male,39,,22,Monthly,Premium,Fiber,Bank Transfer,1593.12,32087.45,148.2,2.0,0.0,7.0,10.0,No
CUST13081,Female,45,Kochi,24,Monthly,Basic,DSL,Debit Card,732.93,17509.02,99.5,2.0,0.0,7.0,0.0,No
CUST13082,Female,46,Kochi,10,Monthly,Standard,Fiber,Cash,1207.32,11858.81,256.4,4.0,0.0,6.0,0.0,No
CUST13083,Female,30,Bengaluru,25,Quarterly,Standard,Fiber,UPI,1256.66,25176.3,176.2,6.0,1.0,5.0,20.0,No
CUST13084,Female,35,Bengaluru,12,Monthly,Standard,Fiber,Debit Card,1049.01,8736.36,220.9,2.0,1.0,8.0,25.0,No
CUST13085,Male,19,Mumbai,34,Monthly,Basic,,Credit Card,553.81,17869.73,6.2,1.0,1.0,,5.0,No
CUST13086,Male,46,Kochi,39,Quarterly,Basic,Fiber,Debit Card,833.94,28117.11,302.4,0.0,0.0,8.0,10.0,No
CUST13087,Female,38,Mumbai,29,Quarterly,Basic,Fiber,UPI,840.02,24698.27,241.0,3.0,1.0,8.0,0.0,No
CUST13088,Female,32,Hyderabad,35,Monthly,Basic,DSL,Credit Card,769.49,24938.51,87.0,1.0,0.0,6.0,5.0,No
CUST13089,Male,69,Ahmedabad,30,Monthly,Basic,DSL,Debit Card,838.0,25136.76,105.4,0.0,1.0,7.0,0.0,No
CUST13090,Male,44,Bengaluru,17,Yearly,Standard,DSL,UPI,1174.09,20701.71,86.5,2.0,0.0,5.0,0.0,No
CUST13091,Male,67,Chennai,10,Yearly,Standard,Fiber,Bank Transfer,1153.45,10416.72,128.3,2.0,2.0,6.0,10.0,No
CUST13092,Male,48,Mumbai,25,Monthly,Standard,,Bank Transfer,622.1,12272.87,11.2,2.0,0.0,7.0,15.0,No
CUST13093,Female,32,Ahmedabad,26,Yearly,Basic,DSL,Bank Transfer,755.62,18728.45,74.9,1.0,1.0,5.0,5.0,No
CUST13094,Female,68,Delhi,27,Quarterly,Standard,Fiber,Credit Card,1054.55,26921.43,220.5,6.0,0.0,6.0,5.0,No
CUST13095,Male,40,Pune,15,Yearly,Basic,Fiber,UPI,935.3,14495.37,247.1,6.0,1.0,4.0,0.0,Yes
CUST13096,Male,41,Pune,50,Monthly,Premium,,Credit Card,1178.07,52956.54,11.5,2.0,1.0,8.0,10.0,No
CUST13097,Male,61,Mumbai,32,Quarterly,Standard,DSL,UPI,1077.39,33310.28,131.7,,0.0,8.0,5.0,No
CUST13098,Male,30,Bengaluru,28,,Premium,DSL,Debit Card,1381.73,38906.27,85.6,4.0,2.0,5.0,0.0,No
CUST13099,Male,39,Hyderabad,7,Monthly,Basic,DSL,UPI,656.85,5035.39,89.2,6.0,2.0,4.0,0.0,Yes
CUST13100,Male,60,Delhi,7,Quarterly,Standard,DSL,Credit Card,958.82,6665.1,113.2,2.0,1.0,8.0,0.0,No
CUST13101,Female,54,Ahmedabad,36,Monthly,Standard,Fiber,UPI,1231.76,42767.95,144.1,4.0,1.0,6.0,5.0,No
CUST13102,Female,50,Ahmedabad,25,Monthly,Premium,Fiber,UPI,1494.25,37100.43,117.5,3.0,3.0,4.0,0.0,No
CUST13103,Female,20,Hyderabad,29,Monthly,Standard,DSL,Cash,1093.68,26042.8,102.0,2.0,1.0,5.0,15.0,No
CUST13104,Male,36,Chennai,33,Yearly,Standard,Fiber,Cash,1342.18,34885.85,284.3,1.0,1.0,7.0,20.0,No
CUST13105,Male,40,Chennai,23,Monthly,Basic,Fiber,Debit Card,1033.68,23834.97,142.2,4.0,2.0,7.0,0.0,No
CUST13106,Male,46,Ahmedabad,8,Quarterly,Standard,DSL,UPI,922.28,7144.71,146.7,1.0,0.0,7.0,5.0,No
CUST13107,Female,47,Hyderabad,8,Quarterly,Basic,Fiber,Cash,792.22,6098.56,188.4,3.0,1.0,5.0,5.0,Yes
CUST13108,Male,56,Mumbai,27,Monthly,Basic,Fiber,Cash,938.5,19613.99,215.2,1.0,1.0,7.0,25.0,No
CUST13109,Male,61,Mumbai,61,Monthly,Basic,DSL,Bank Transfer,664.54,40631.45,138.8,3.0,1.0,7.0,0.0,No
CUST13110,Female,64,Chennai,13,Quarterly,Premium,DSL,Debit Card,1499.5,17708.91,83.7,3.0,0.0,7.0,10.0,Yes
CUST13111,Male,42,Hyderabad,12,Yearly,Basic,Fiber,,763.18,9648.2,,1.0,0.0,6.0,0.0,No
CUST13112,Female,54,Hyderabad,5,,Premium,DSL,UPI,1444.28,6022.03,95.2,2.0,1.0,7.0,5.0,No
CUST13113,Female,64,Bengaluru,16,Monthly,Premium,DSL,Bank Transfer,1525.53,24769.95,71.0,2.0,0.0,7.0,0.0,Yes
CUST13114,Male,25,Kolkata,39,Monthly,Premium,Fiber,Bank Transfer,1475.84,58215.91,230.8,2.0,0.0,7.0,0.0,No
CUST13115,Female,59,Mumbai,14,Monthly,Premium,Fiber,Credit Card,1590.65,22627.89,202.6,5.0,1.0,7.0,0.0,Yes
CUST13116,Male,33,Mumbai,16,Monthly,Premium,Fiber,Credit Card,1589.57,25590.62,230.0,1.0,0.0,8.0,0.0,No
CUST13117,Female,25,Hyderabad,32,Monthly,Basic,DSL,Debit Card,798.51,25953.74,73.8,1.0,0.0,7.0,0.0,No
CUST13118,Male,18,Mumbai,4,Monthly,Basic,Fiber,Bank Transfer,846.49,1974.29,127.9,0.0,2.0,8.0,10.0,Yes
CUST13119,,61,Chennai,44,Monthly,Standard,DSL,Bank Transfer,935.76,36991.28,142.1,1.0,2.0,5.0,10.0,No
CUST13120,Male,22,Delhi,10,Quarterly,Standard,DSL,Debit Card,848.06,6983.38,87.6,0.0,1.0,7.0,10.0,No
CUST13121,Female,20,Hyderabad,28,Yearly,Basic,Fiber,UPI,1006.02,28360.2,,0.0,1.0,7.0,0.0,No
CUST13122,Female,18,Chennai,9,Monthly,Standard,Fiber,UPI,1266.79,10899.07,90.5,1.0,2.0,8.0,0.0,Yes
CUST13123,Female,21,Mumbai,8,Quarterly,Standard,Fiber,Bank Transfer,1198.05,8571.67,,3.0,1.0,10.0,15.0,No
CUST13124,Male,57,Bengaluru,27,Monthly,Premium,Fiber,Bank Transfer,1595.91,42881.55,172.6,0.0,3.0,7.0,0.0,No
CUST13125,Male,52,Jaipur,14,Yearly,Standard,DSL,UPI,1084.02,11497.49,85.6,4.0,1.0,7.0,20.0,Yes
CUST13126,Female,49,Hyderabad,49,Quarterly,Standard,DSL,UPI,1127.27,43716.75,40.3,4.0,1.0,7.0,20.0,No
CUST13127,Male,59,Hyderabad,14,Yearly,Standard,Fiber,Debit Card,1038.63,13884.22,135.6,2.0,0.0,6.0,0.0,No
CUST13128,Female,51,Bengaluru,36,Monthly,Standard,Fiber,Credit Card,1057.61,30441.51,66.5,1.0,0.0,9.0,20.0,No
CUST13129,Male,60,Hyderabad,35,Quarterly,Premium,Fiber,Debit Card,1445.93,45855.08,,2.0,1.0,6.0,10.0,No
CUST13130,Female,42,Chennai,30,Monthly,Basic,,Debit Card,522.32,13780.15,5.7,1.0,1.0,7.0,10.0,No
CUST13131,Male,27,Chennai,17,Monthly,Standard,DSL,Bank Transfer,1064.55,14653.3,136.7,1.0,1.0,10.0,15.0,No
CUST13132,Female,38,Pune,24,Monthly,Standard,DSL,Bank Transfer,1131.0,25779.91,113.8,0.0,,8.0,5.0,No
CUST13133,Female,63,Mumbai,13,Quarterly,Standard,Fiber,UPI,967.13,11297.57,212.2,1.0,0.0,7.0,10.0,No
CUST13134,Female,56,Mumbai,17,Quarterly,,Fiber,Debit Card,792.98,11883.1,119.5,1.0,1.0,8.0,10.0,No
CUST13135,Female,44,Ahmedabad,30,Monthly,Basic,Fiber,UPI,910.45,,180.4,3.0,1.0,5.0,15.0,No
CUST13136,Male,44,Kochi,17,Quarterly,Basic,,Bank Transfer,570.37,9366.52,7.4,5.0,1.0,7.0,10.0,No
CUST13137,Female,19,Bengaluru,29,Monthly,Basic,DSL,Bank Transfer,734.03,20990.63,76.0,1.0,0.0,7.0,0.0,No
CUST13138,Male,58,Hyderabad,25,Monthly,Premium,DSL,UPI,1359.99,,161.2,1.0,1.0,4.0,0.0,Yes
CUST13139,Male,65,Mumbai,5,Quarterly,Standard,DSL,UPI,994.03,3931.99,101.6,2.0,1.0,6.0,20.0,No
CUST13140,Female,30,Bengaluru,39,Monthly,Basic,Fiber,UPI,889.04,34936.22,102.8,0.0,1.0,7.0,0.0,Yes
CUST13141,Male,26,Delhi,6,Monthly,Standard,Fiber,Debit Card,1062.66,6287.54,184.3,2.0,1.0,7.0,5.0,No
CUST13142,Male,69,Bengaluru,18,Monthly,Basic,Fiber,UPI,831.74,13423.05,279.7,1.0,0.0,6.0,5.0,No
CUST13143,Male,53,Pune,31,Quarterly,Premium,Fiber,Debit Card,1489.53,46784.36,134.3,1.0,0.0,8.0,0.0,No
CUST13144,Female,39,Chennai,16,Monthly,Standard,Fiber,Debit Card,1240.16,19947.76,140.7,1.0,0.0,7.0,0.0,No
CUST13145,Male,59,Bengaluru,33,Yearly,Premium,Fiber,Debit Card,1526.85,50671.47,166.8,1.0,1.0,7.0,0.0,No
CUST13146,Male,43,Bengaluru,6,Monthly,Basic,DSL,Bank Transfer,645.42,5004.67,150.2,2.0,1.0,8.0,5.0,No
CUST13147,Female,29,Ahmedabad,40,Quarterly,Premium,,Credit Card,1208.6,39054.64,7.4,3.0,0.0,,20.0,No
CUST13148,Female,34,Mumbai,27,Monthly,Basic,,Cash,610.22,15938.17,2.1,3.0,0.0,8.0,5.0,No
CUST13149,Male,31,Chennai,34,Monthly,Basic,Fiber,UPI,898.16,27370.73,217.2,2.0,1.0,6.0,10.0,No
CUST13150,Female,31,Delhi,9,Quarterly,Basic,Fiber,UPI,988.17,8446.23,112.0,1.0,0.0,8.0,5.0,No
CUST13151,Male,51,Chennai,10,Monthly,Standard,DSL,Credit Card,1125.91,8405.19,28.5,2.0,1.0,7.0,20.0,No
CUST13152,Male,70,Delhi,33,Monthly,Basic,DSL,Debit Card,690.01,20535.59,96.2,1.0,1.0,9.0,10.0,No
CUST13153,Male,37,Bengaluru,8,Monthly,Standard,,UPI,860.77,7699.2,6.6,3.0,0.0,6.0,0.0,Yes
CUST13154,Female,28,Mumbai,33,Monthly,,,Debit Card,1537.82,48423.85,91.1,3.0,3.0,4.0,5.0,Yes
CUST13155,Male,33,Mumbai,1,Monthly,Basic,DSL,,711.38,1719.72,85.0,2.0,1.0,8.0,15.0,No
CUST13156,Female,68,Hyderabad,9,Quarterly,Basic,Fiber,Bank Transfer,919.21,7710.47,147.7,1.0,2.0,8.0,10.0,No
CUST13157,Female,48,Pune,49,Quarterly,Premium,Fiber,Debit Card,1527.85,60031.76,,1.0,1.0,8.0,20.0,No
CUST13158,Male,23,Mumbai,16,Monthly,Standard,Fiber,Debit Card,1181.96,18842.35,138.0,1.0,1.0,6.0,0.0,Yes
CUST13159,Female,36,Bengaluru,18,Monthly,Premium,DSL,Cash,1429.35,20281.86,151.4,0.0,0.0,10.0,25.0,No
CUST13160,Female,54,Chennai,5,Monthly,Standard,Fiber,Bank Transfer,1250.18,6018.62,188.1,3.0,0.0,7.0,0.0,Yes
CUST13161,Female,21,Chennai,29,Monthly,Standard,DSL,Credit Card,1019.32,29196.76,73.8,3.0,0.0,6.0,0.0,No
CUST13162,Female,64,Kochi,33,Quarterly,Basic,DSL,Credit Card,767.24,23612.12,71.3,2.0,1.0,8.0,5.0,No
CUST13163,Female,21,Chennai,11,Quarterly,Premium,Fiber,Debit Card,1630.49,19066.35,145.0,0.0,0.0,10.0,0.0,No
CUST13164,Male,37,Hyderabad,20,Monthly,Premium,,UPI,1186.87,21437.37,11.5,2.0,1.0,5.0,10.0,No
CUST13165,Female,27,Chennai,12,Monthly,Premium,Fiber,UPI,1567.8,15092.94,167.9,1.0,0.0,8.0,20.0,No
CUST13166,Male,41,Jaipur,55,Yearly,Standard,,Credit Card,887.04,39289.99,0.5,3.0,1.0,8.0,20.0,No
CUST13167,Male,52,Ahmedabad,14,Monthly,Premium,,Bank Transfer,1397.08,17477.44,7.2,4.0,1.0,6.0,10.0,No
CUST13168,Male,43,Delhi,11,Monthly,Standard,Fiber,UPI,1099.42,11107.1,225.9,2.0,,6.0,5.0,No
CUST13169,Male,54,Mumbai,23,Quarterly,Standard,Fiber,UPI,1242.03,21019.13,281.5,1.0,2.0,7.0,25.0,No
CUST13170,Male,55,Mumbai,4,Quarterly,Premium,Fiber,UPI,1697.13,5686.87,26.6,3.0,0.0,8.0,10.0,No
CUST13171,Male,38,Hyderabad,39,Monthly,Basic,DSL,Debit Card,757.65,22637.68,24.2,1.0,0.0,6.0,20.0,No
CUST13172,Female,57,Kolkata,10,Yearly,Basic,Fiber,Debit Card,827.75,6651.42,264.1,2.0,1.0,6.0,20.0,No
CUST13173,Female,56,Hyderabad,20,Monthly,Basic,,Debit Card,545.81,10136.83,0.5,3.0,1.0,9.0,0.0,Yes
CUST13174,Female,38,Bengaluru,4,Quarterly,Standard,Fiber,Credit Card,1122.62,4765.16,245.7,2.0,0.0,,0.0,Yes
CUST13175,Male,27,Kolkata,20,Monthly,Standard,DSL,Cash,1009.78,19603.94,149.9,,1.0,6.0,5.0,No
CUST13176,Female,55,Ahmedabad,49,Quarterly,Standard,,Credit Card,880.83,36385.27,2.0,2.0,2.0,6.0,15.0,No
CUST13177,Female,63,Delhi,3,Yearly,Premium,DSL,Credit Card,1445.16,3853.47,81.6,1.0,0.0,9.0,15.0,Yes
CUST13178,Female,21,Pune,27,Monthly,Standard,Fiber,Cash,1215.68,29904.35,194.6,3.0,2.0,6.0,10.0,No
CUST13179,Male,62,Hyderabad,13,Quarterly,Basic,DSL,Cash,656.46,9286.31,155.0,3.0,0.0,6.0,0.0,No
CUST13180,Female,37,Jaipur,45,Yearly,Standard,Fiber,Debit Card,1151.12,51605.47,167.5,3.0,0.0,7.0,0.0,No
CUST13181,Male,34,Ahmedabad,9,Monthly,Premium,,Cash,1649.04,10424.75,137.3,3.0,,9.0,25.0,Yes
CUST13182,Female,24,Chennai,27,Quarterly,Basic,Fiber,Debit Card,766.01,19195.33,147.8,0.0,1.0,7.0,5.0,No
CUST13183,Male,21,Pune,22,Yearly,Standard,Fiber,Credit Card,1093.89,20828.21,188.2,4.0,0.0,8.0,10.0,Yes
CUST13184,Male,46,Jaipur,41,Quarterly,Basic,DSL,,725.55,24036.33,161.7,1.0,1.0,8.0,20.0,No
CUST13185,Male,31,Hyderabad,35,Monthly,Standard,Fiber,Debit Card,1158.6,32857.72,57.2,4.0,2.0,5.0,15.0,No
CUST13186,Female,20,Delhi,18,Monthly,Basic,DSL,Debit Card,811.55,12645.86,100.6,6.0,1.0,7.0,10.0,Yes
CUST13187,Female,41,Kolkata,19,Monthly,Basic,Fiber,Credit Card,708.42,12792.97,191.9,4.0,1.0,5.0,5.0,Yes
CUST13188,Male,54,Mumbai,33,Monthly,Standard,Fiber,Bank Transfer,1193.4,34904.97,220.9,2.0,0.0,5.0,10.0,No
CUST13189,Female,33,Delhi,7,Monthly,Premium,Fiber,Credit Card,1709.68,11537.62,179.7,2.0,1.0,7.0,0.0,Yes
CUST13190,Male,69,Ahmedabad,19,Monthly,Standard,Fiber,UPI,1226.16,21381.9,120.4,1.0,2.0,6.0,10.0,No
CUST13191,Male,21,Kolkata,14,Monthly,Premium,Fiber,UPI,1477.31,20122.41,,3.0,0.0,,0.0,No
CUST13192,Female,41,Hyderabad,8,Monthly,Standard,DSL,Cash,1244.21,8231.99,87.9,2.0,0.0,8.0,15.0,Yes
CUST13193,Female,51,Mumbai,23,Monthly,Basic,,Bank Transfer,506.25,9197.19,5.1,2.0,1.0,6.0,25.0,No
CUST13194,Female,47,Delhi,33,Quarterly,Basic,Fiber,Debit Card,705.27,17269.15,260.0,2.0,1.0,8.0,25.0,No
CUST13195,Male,35,Delhi,14,Quarterly,Premium,Fiber,Bank Transfer,1664.96,23345.9,273.6,3.0,3.0,6.0,5.0,No
CUST13196,Male,36,Mumbai,29,Monthly,Standard,Fiber,Bank Transfer,1135.34,31826.32,27.9,1.0,3.0,7.0,5.0,No
CUST13197,Female,48,Kolkata,28,Monthly,Premium,DSL,Cash,1599.69,45365.66,130.9,1.0,1.0,5.0,0.0,Yes
CUST13198,Male,36,Mumbai,31,Monthly,Basic,DSL,Credit Card,807.73,24345.53,89.8,2.0,1.0,5.0,0.0,No
CUST13199,Female,66,Hyderabad,32,Monthly,Basic,DSL,Debit Card,920.49,27933.87,92.7,1.0,1.0,7.0,5.0,No
CUST13200,Male,63,Delhi,43,Monthly,Standard,Fiber,UPI,1115.73,43036.64,216.0,6.0,,4.0,10.0,No
CUST13201,Female,36,Kochi,26,Quarterly,Basic,Fiber,Cash,1002.24,25854.59,318.5,0.0,3.0,6.0,0.0,No
CUST13202,Female,39,Delhi,36,Monthly,Basic,Fiber,Cash,834.94,28287.06,119.7,1.0,1.0,8.0,5.0,No
CUST13203,Male,41,Bengaluru,4,Yearly,Standard,DSL,Bank Transfer,1077.49,3811.59,80.5,4.0,0.0,7.0,10.0,No
CUST13204,Female,62,Bengaluru,48,Monthly,Standard,Fiber,Credit Card,1213.79,57060.94,98.9,1.0,0.0,9.0,0.0,No
CUST13205,Female,29,Chennai,4,Monthly,Basic,DSL,Credit Card,860.98,2980.45,68.5,1.0,0.0,8.0,0.0,No
CUST13206,,47,Chennai,60,Quarterly,Basic,Fiber,Credit Card,964.79,55834.46,271.2,3.0,1.0,6.0,5.0,No
CUST13207,,55,Hyderabad,12,Quarterly,Standard,Fiber,UPI,1162.81,12290.48,26.2,2.0,0.0,9.0,10.0,Yes
CUST13208,Male,70,Hyderabad,22,Quarterly,Standard,Fiber,Debit Card,1287.09,25157.5,,2.0,1.0,7.0,10.0,No
CUST13209,Female,48,Bengaluru,12,Yearly,Standard,DSL,UPI,1042.64,11853.58,125.6,0.0,0.0,7.0,5.0,No
CUST13210,Male,53,Chennai,43,Monthly,Standard,Fiber,Cash,1255.48,54001.6,,2.0,0.0,9.0,0.0,No
CUST13211,Female,36,Hyderabad,21,Yearly,Premium,,Credit Card,1273.65,25620.44,7.4,3.0,4.0,,0.0,Yes
CUST13212,Female,65,Bengaluru,18,Monthly,Standard,Fiber,Cash,1182.95,21363.59,224.9,6.0,1.0,6.0,0.0,Yes
CUST13213,Female,62,Bengaluru,29,Yearly,Premium,Fiber,Bank Transfer,1494.11,43603.29,251.8,1.0,2.0,7.0,0.0,No
CUST13214,Female,53,Bengaluru,28,Monthly,,,UPI,1216.27,29241.2,210.3,5.0,1.0,6.0,15.0,Yes
CUST13215,Male,47,Bengaluru,14,Monthly,Basic,DSL,UPI,696.0,9274.72,83.7,1.0,0.0,8.0,0.0,No
CUST13216,Male,66,Chennai,24,Quarterly,Standard,Fiber,Cash,1101.59,27208.78,197.8,1.0,0.0,7.0,0.0,No
CUST13217,Male,50,Mumbai,24,Monthly,Standard,Fiber,Bank Transfer,1266.44,31108.38,165.6,1.0,0.0,7.0,0.0,Yes
CUST13218,Male,35,Mumbai,6,Monthly,Standard,Fiber,UPI,,7222.18,195.7,3.0,1.0,7.0,5.0,Yes
CUST13219,Male,69,Mumbai,19,Monthly,Standard,Fiber,UPI,1055.58,20449.93,226.4,3.0,2.0,6.0,0.0,No
CUST13220,Male,66,Kochi,49,Quarterly,Basic,DSL,Debit Card,750.18,36584.87,48.0,4.0,1.0,6.0,0.0,No
CUST13221,Male,45,Ahmedabad,31,Yearly,Standard,Fiber,Credit Card,1187.84,36825.19,194.9,0.0,0.0,8.0,0.0,No
CUST13222,Female,64,Mumbai,12,Quarterly,Standard,DSL,UPI,1045.06,10744.43,100.3,4.0,0.0,6.0,20.0,No
CUST13223,Female,28,Delhi,29,Yearly,Standard,DSL,Bank Transfer,1044.97,23102.72,92.7,3.0,2.0,4.0,20.0,No
CUST13224,Female,62,Mumbai,35,Monthly,Standard,,Debit Card,969.52,28477.75,64.5,2.0,0.0,8.0,15.0,No
CUST13225,Female,50,Hyderabad,58,Monthly,Premium,Fiber,Credit Card,1568.05,91176.45,76.5,3.0,0.0,6.0,0.0,No
CUST13226,Male,34,Bengaluru,27,Monthly,Standard,Fiber,Cash,1283.14,34530.98,151.6,2.0,3.0,6.0,0.0,Yes
CUST13227,Male,23,Pune,38,Quarterly,Basic,,Debit Card,618.4,20949.08,7.2,1.0,1.0,7.0,10.0,No
CUST13228,Male,21,Chennai,42,Monthly,Premium,DSL,Bank Transfer,1421.72,60525.3,117.7,2.0,0.0,7.0,0.0,No
CUST13229,Female,37,Jaipur,12,Monthly,Basic,Fiber,UPI,946.81,11211.39,242.1,3.0,0.0,7.0,5.0,No
CUST13230,Male,65,Mumbai,11,Monthly,Standard,Fiber,UPI,1207.44,12434.41,133.1,4.0,1.0,6.0,10.0,Yes
CUST13231,Female,64,Ahmedabad,7,Quarterly,Basic,,UPI,523.62,3095.8,3.9,2.0,1.0,6.0,5.0,No
CUST13232,Male,44,Ahmedabad,30,Monthly,Basic,Fiber,Credit Card,999.73,28214.81,149.1,5.0,1.0,5.0,5.0,No
CUST13233,Male,32,Bengaluru,9,Yearly,Basic,DSL,Cash,678.41,6306.1,85.1,3.0,2.0,6.0,0.0,No
CUST13234,Male,23,Delhi,11,Quarterly,Standard,Fiber,Cash,1224.52,11665.69,143.1,3.0,1.0,5.0,15.0,No
CUST13235,Male,64,Mumbai,33,Quarterly,Basic,Fiber,Bank Transfer,766.93,23702.78,288.0,1.0,1.0,6.0,10.0,Yes
CUST13236,Female,31,Mumbai,17,Yearly,Basic,Fiber,Debit Card,928.84,14396.78,186.9,1.0,1.0,7.0,10.0,No
CUST13237,Female,28,Mumbai,34,Monthly,Standard,Fiber,Bank Transfer,1147.2,37884.02,204.3,0.0,2.0,7.0,5.0,Yes
CUST13238,Male,56,Chennai,38,Quarterly,Standard,Fiber,Debit Card,1169.46,38098.89,154.1,1.0,0.0,6.0,15.0,No
CUST13239,Female,26,Hyderabad,10,Yearly,Premium,DSL,UPI,1426.71,10585.76,73.2,3.0,1.0,7.0,25.0,No
CUST13240,Male,43,Kochi,19,Quarterly,Premium,DSL,Credit Card,1272.52,21371.37,76.9,0.0,1.0,7.0,10.0,No
CUST13241,Male,33,Bengaluru,39,Quarterly,Standard,DSL,Debit Card,920.87,34520.18,85.8,1.0,1.0,7.0,5.0,No
CUST13242,Male,22,Kochi,22,Monthly,Premium,DSL,UPI,1516.41,28173.02,91.1,2.0,0.0,8.0,15.0,No
CUST13243,Male,69,Mumbai,62,Quarterly,Standard,Fiber,UPI,1208.37,,217.8,2.0,1.0,5.0,10.0,No
CUST13244,Female,27,Kolkata,34,Monthly,Standard,Fiber,UPI,1316.67,35400.88,144.8,2.0,0.0,9.0,20.0,No
CUST13245,Male,67,Delhi,13,Yearly,Standard,,Debit Card,740.57,8666.55,11.1,1.0,1.0,6.0,10.0,No
CUST13246,Male,20,Bengaluru,41,Yearly,Basic,Fiber,UPI,968.1,34035.11,128.5,1.0,0.0,9.0,15.0,No
CUST13247,Female,30,Ahmedabad,37,Yearly,Standard,Fiber,Bank Transfer,1236.86,40985.12,129.3,2.0,0.0,8.0,10.0,No
CUST13248,Male,60,Delhi,19,Quarterly,Standard,,Credit Card,943.16,17563.74,7.5,4.0,1.0,4.0,0.0,No
CUST13249,Female,66,Pune,40,Monthly,Basic,Fiber,Credit Card,891.39,33906.28,176.4,2.0,1.0,7.0,5.0,No
CUST13250,Male,47,Chennai,37,Monthly,Basic,DSL,Bank Transfer,759.17,28323.11,104.3,3.0,0.0,6.0,0.0,Yes
CUST13251,Male,62,Hyderabad,28,Yearly,Basic,DSL,Credit Card,679.8,18077.86,94.7,4.0,0.0,8.0,5.0,No
CUST13252,Male,23,Hyderabad,29,Monthly,Premium,Fiber,Credit Card,1578.35,42141.39,140.4,4.0,1.0,6.0,10.0,Yes
CUST13253,Male,34,Kolkata,29,Monthly,Premium,Fiber,Bank Transfer,1560.69,43047.34,173.3,3.0,1.0,4.0,5.0,Yes
CUST13254,Male,62,Bengaluru,34,Quarterly,Standard,,Credit Card,743.96,25552.98,5.1,1.0,2.0,8.0,0.0,No
CUST13255,Male,68,Pune,26,Monthly,Basic,Fiber,Bank Transfer,910.89,22940.66,191.5,1.0,1.0,8.0,5.0,No
CUST13256,Female,70,,11,Quarterly,Basic,Fiber,Credit Card,975.35,10927.12,146.5,4.0,0.0,7.0,0.0,No
CUST13257,Male,36,Bengaluru,20,Monthly,Premium,Fiber,UPI,1694.39,28321.01,177.4,1.0,0.0,8.0,15.0,No
CUST13258,Female,59,Bengaluru,12,Quarterly,Basic,DSL,Debit Card,685.15,6575.41,78.4,0.0,0.0,6.0,15.0,No
CUST13259,Female,52,Kolkata,32,Yearly,Premium,DSL,,1447.09,38808.57,155.3,4.0,2.0,7.0,15.0,No
CUST13260,Male,63,Hyderabad,27,Monthly,Standard,,UPI,839.23,21999.35,8.5,0.0,1.0,7.0,0.0,No
CUST13261,Female,43,Hyderabad,41,Monthly,Premium,,UPI,1367.97,56223.37,8.6,1.0,0.0,9.0,0.0,No
CUST13262,Male,68,Bengaluru,8,Monthly,Standard,,UPI,992.9,6974.72,8.9,1.0,0.0,8.0,20.0,No
CUST13263,Female,22,Hyderabad,44,Yearly,Standard,Fiber,Bank Transfer,1095.61,48565.82,209.0,1.0,1.0,7.0,0.0,No
CUST13264,Male,46,Bengaluru,2,Monthly,Standard,DSL,Bank Transfer,1088.92,2312.32,36.6,2.0,0.0,5.0,10.0,No
CUST13265,Female,54,Hyderabad,10,Monthly,Premium,Fiber,Bank Transfer,1642.49,13448.35,236.0,1.0,0.0,7.0,15.0,Yes
CUST13266,Female,37,Kolkata,9,Quarterly,Premium,Fiber,UPI,1583.96,13789.41,180.6,2.0,0.0,9.0,5.0,No
CUST13267,Male,66,Mumbai,24,Monthly,Standard,DSL,Debit Card,948.97,21901.25,61.7,1.0,0.0,8.0,5.0,No
CUST13268,Female,38,Hyderabad,14,Yearly,Standard,Fiber,UPI,1256.43,18427.8,184.9,2.0,1.0,7.0,0.0,No
CUST13269,Male,27,Kochi,22,Yearly,Premium,,Debit Card,1347.3,23881.07,6.3,2.0,0.0,8.0,20.0,No
CUST13270,Male,22,Pune,9,Monthly,Premium,Fiber,Bank Transfer,1556.24,14875.5,169.0,2.0,0.0,7.0,0.0,No
CUST13271,Male,53,Ahmedabad,25,Quarterly,Standard,DSL,UPI,1145.71,28705.1,105.3,0.0,1.0,7.0,0.0,No
CUST13272,Male,23,Hyderabad,11,Monthly,Basic,Fiber,Cash,900.32,9632.34,146.4,2.0,0.0,6.0,5.0,Yes
CUST13273,Male,43,Kolkata,25,Quarterly,,Fiber,Bank Transfer,1013.75,25926.19,203.6,0.0,0.0,7.0,0.0,No
CUST13274,Female,21,Bengaluru,21,Quarterly,Premium,Fiber,Bank Transfer,1713.6,32512.23,72.0,0.0,0.0,8.0,10.0,No
CUST13275,Female,56,Bengaluru,8,Monthly,Basic,Fiber,Debit Card,,6068.51,150.4,0.0,1.0,7.0,5.0,No
CUST13276,Female,56,Mumbai,5,Monthly,Basic,Fiber,Bank Transfer,933.39,4170.54,142.0,4.0,1.0,6.0,0.0,Yes
CUST13277,Male,67,Hyderabad,23,Yearly,Basic,,Cash,493.81,12689.94,5.6,2.0,0.0,7.0,0.0,No
CUST13278,Female,52,Ahmedabad,25,Monthly,Standard,DSL,Bank Transfer,920.12,23052.98,93.7,4.0,2.0,5.0,0.0,No
CUST13279,Female,18,Delhi,28,Quarterly,Standard,Fiber,Credit Card,1220.06,34509.03,153.4,2.0,3.0,4.0,0.0,No
CUST13280,Female,41,Pune,5,Monthly,Basic,Fiber,Debit Card,782.7,3380.86,138.1,3.0,1.0,5.0,0.0,No
CUST13281,Female,53,Pune,46,Monthly,Basic,Fiber,Credit Card,1067.45,41907.36,202.6,1.0,2.0,7.0,15.0,No
CUST13282,Female,23,,21,Yearly,Standard,Fiber,Cash,1291.08,27777.77,161.7,1.0,2.0,5.0,0.0,Yes
CUST13283,Male,58,Delhi,24,Monthly,Premium,DSL,Cash,1437.87,,109.2,0.0,2.0,8.0,0.0,No
CUST13284,Male,63,Chennai,3,Quarterly,Basic,Fiber,Debit Card,1113.38,3444.6,297.6,5.0,1.0,7.0,0.0,Yes
CUST13285,Female,61,Delhi,6,Monthly,Basic,DSL,Bank Transfer,699.57,3878.13,93.0,0.0,0.0,9.0,10.0,No
CUST13286,Male,48,Bengaluru,30,Monthly,Standard,Fiber,Cash,1168.6,29960.96,217.3,4.0,1.0,6.0,15.0,Yes
CUST13287,,37,Kochi,27,Yearly,Premium,DSL,UPI,1417.64,31679.43,127.9,1.0,0.0,6.0,20.0,No
CUST13288,Female,41,Bengaluru,17,Quarterly,Standard,DSL,Debit Card,1044.88,16743.68,82.3,0.0,0.0,8.0,5.0,No
CUST13289,Female,42,Bengaluru,34,Yearly,Standard,Fiber,Credit Card,1175.2,39721.3,148.2,4.0,1.0,7.0,0.0,No
CUST13290,Male,53,Jaipur,17,Yearly,Premium,DSL,Bank Transfer,1486.52,25183.57,79.3,2.0,1.0,6.0,0.0,No
CUST13291,Female,38,Delhi,19,Yearly,Basic,DSL,Credit Card,670.1,13915.77,78.7,4.0,1.0,9.0,0.0,Yes
CUST13292,Male,47,Pune,42,Yearly,Basic,DSL,Bank Transfer,760.23,27219.51,136.2,3.0,0.0,8.0,15.0,No
CUST13293,Male,41,Delhi,6,Monthly,Standard,Fiber,Credit Card,1156.6,6535.01,185.5,2.0,1.0,6.0,10.0,No
CUST13294,Female,61,Delhi,19,Yearly,Premium,,UPI,1255.01,22697.9,,3.0,0.0,6.0,0.0,Yes
CUST13295,Male,59,Mumbai,38,Monthly,Standard,DSL,UPI,963.37,31173.11,153.1,1.0,0.0,7.0,15.0,No
CUST13296,Male,47,Delhi,57,Monthly,Premium,Fiber,UPI,1530.84,74082.81,170.8,2.0,0.0,7.0,15.0,No
CUST13297,Male,39,Hyderabad,14,Monthly,Standard,Fiber,UPI,1370.01,15390.42,248.2,1.0,0.0,,20.0,No
CUST13298,Female,45,Kolkata,33,Monthly,Standard,Fiber,Debit Card,1126.3,37006.96,152.5,2.0,1.0,4.0,0.0,No
CUST13299,Female,24,Chennai,42,Quarterly,Basic,Fiber,Debit Card,941.88,38912.48,233.9,2.0,1.0,5.0,0.0,No
CUST13300,Female,52,Kochi,33,Monthly,Basic,,UPI,507.06,16596.7,0.5,,1.0,6.0,0.0,No
CUST13301,Female,45,Bengaluru,41,Monthly,Standard,Fiber,Debit Card,1118.61,44324.34,39.1,2.0,0.0,7.0,5.0,No
CUST13302,Male,31,Hyderabad,7,Monthly,Basic,DSL,Debit Card,755.13,5083.53,83.4,2.0,0.0,8.0,5.0,No
CUST13303,Female,27,Chennai,26,Monthly,Basic,Fiber,UPI,830.49,17455.55,85.1,5.0,1.0,5.0,15.0,Yes
CUST13304,Female,33,Jaipur,18,Quarterly,Premium,Fiber,Credit Card,1641.44,28958.72,196.6,3.0,2.0,6.0,0.0,No
CUST13305,Female,33,Bengaluru,28,Monthly,Premium,,Bank Transfer,1240.02,31388.93,0.5,2.0,1.0,,10.0,No
CUST13306,Female,48,Chennai,35,Monthly,Basic,Fiber,UPI,1006.89,,237.4,2.0,0.0,6.0,15.0,No
CUST13307,Male,59,Ahmedabad,16,Monthly,Standard,DSL,UPI,945.55,15245.69,54.1,4.0,0.0,7.0,0.0,No
CUST13308,Male,42,Mumbai,13,Monthly,Basic,,Cash,572.09,8062.23,2.7,3.0,1.0,7.0,0.0,No
CUST13309,Male,30,Jaipur,10,Quarterly,Basic,,Bank Transfer,579.63,5452.87,7.6,3.0,0.0,9.0,10.0,No
CUST13310,Female,23,Bengaluru,13,Monthly,,DSL,Credit Card,970.27,10861.51,67.7,2.0,2.0,8.0,10.0,No
CUST13311,Female,61,Kolkata,29,Monthly,Standard,DSL,Debit Card,996.88,21767.56,55.4,2.0,1.0,5.0,25.0,No
CUST13312,Male,26,Jaipur,8,Monthly,Basic,DSL,Bank Transfer,636.12,4696.67,119.6,2.0,0.0,8.0,15.0,No
CUST13313,Female,62,Pune,33,Monthly,Basic,Fiber,Bank Transfer,775.2,21381.16,142.2,1.0,0.0,6.0,15.0,No
CUST13314,Female,53,Hyderabad,52,Yearly,Basic,DSL,Credit Card,740.51,34115.95,72.3,2.0,0.0,9.0,10.0,No
CUST13315,Male,60,Bengaluru,27,Monthly,Premium,,Credit Card,1314.55,35448.13,5.7,3.0,,6.0,0.0,No
CUST13316,Male,37,Jaipur,39,Yearly,Standard,Fiber,Debit Card,1189.47,40206.08,142.6,4.0,0.0,7.0,15.0,No
CUST13317,Female,35,Hyderabad,19,,Standard,Fiber,UPI,1192.81,17638.26,311.7,1.0,2.0,8.0,20.0,Yes
CUST13318,Female,60,Bengaluru,34,Monthly,Basic,DSL,Cash,646.13,20651.59,119.1,0.0,1.0,8.0,5.0,No
CUST13319,Female,38,Pune,4,Yearly,Standard,DSL,Credit Card,881.87,2932.1,77.9,3.0,2.0,7.0,0.0,No
CUST13320,Male,21,Hyderabad,12,Quarterly,Standard,Fiber,Credit Card,1227.36,13615.25,157.3,2.0,0.0,6.0,5.0,Yes
CUST13321,Male,67,Bengaluru,38,Quarterly,Premium,DSL,Cash,1397.14,39753.21,162.7,1.0,0.0,7.0,25.0,No
CUST13322,Male,50,Mumbai,59,Monthly,Basic,DSL,UPI,605.93,35676.03,86.2,1.0,,7.0,0.0,No
CUST13323,Male,44,Bengaluru,33,Quarterly,Premium,DSL,UPI,1406.48,40396.06,123.7,4.0,1.0,7.0,10.0,Yes
CUST13324,Female,24,Chennai,10,Monthly,Standard,Fiber,Debit Card,1219.95,10254.11,71.8,5.0,0.0,6.0,15.0,Yes
CUST13325,Male,23,Pune,50,Monthly,Basic,Fiber,Credit Card,932.21,40501.32,253.5,2.0,0.0,9.0,15.0,No
CUST13326,Male,32,Hyderabad,18,Yearly,Basic,DSL,Bank Transfer,765.91,12478.95,153.5,1.0,1.0,8.0,10.0,No
CUST13327,Female,35,Ahmedabad,26,Yearly,Standard,DSL,UPI,994.36,20560.34,80.6,1.0,1.0,7.0,20.0,No
CUST13328,Female,49,Ahmedabad,33,Monthly,Premium,Fiber,Credit Card,1647.55,54084.93,241.5,2.0,2.0,6.0,0.0,Yes
CUST13329,Female,28,Pune,33,Quarterly,Standard,Fiber,UPI,1198.37,39084.31,184.5,2.0,1.0,6.0,0.0,No
CUST13330,Male,37,Bengaluru,52,Quarterly,Standard,Fiber,Bank Transfer,1129.9,58808.25,255.2,1.0,0.0,8.0,0.0,No
CUST13331,Female,41,Pune,31,Monthly,Basic,Fiber,UPI,810.63,25355.34,232.4,2.0,1.0,6.0,0.0,No
CUST13332,Female,32,Hyderabad,10,Monthly,Basic,,Credit Card,565.7,6243.54,4.7,2.0,0.0,7.0,5.0,No
CUST13333,Male,65,Chennai,41,Monthly,Standard,DSL,Bank Transfer,1119.52,45529.54,80.3,3.0,2.0,8.0,0.0,No
CUST13334,Male,24,Pune,36,Quarterly,Standard,DSL,Cash,1097.49,,84.9,3.0,2.0,6.0,10.0,No
CUST13335,Female,38,Delhi,5,Yearly,Standard,Fiber,Bank Transfer,1213.06,6391.14,119.7,1.0,0.0,7.0,5.0,No
CUST13336,Male,59,Jaipur,17,Monthly,Basic,Fiber,Credit Card,950.67,14342.95,285.5,2.0,1.0,,10.0,Yes
CUST13337,Female,43,Bengaluru,14,Quarterly,Basic,Fiber,Debit Card,1089.72,14890.82,167.0,3.0,1.0,8.0,0.0,No
CUST13338,Female,61,Pune,9,Quarterly,Standard,DSL,Debit Card,1073.03,8939.62,79.8,7.0,,4.0,0.0,Yes
CUST13339,Male,31,Bengaluru,24,Quarterly,Premium,Fiber,Bank Transfer,1612.59,38718.51,149.1,1.0,2.0,8.0,0.0,No
CUST13340,Female,54,Jaipur,24,Monthly,Standard,DSL,Bank Transfer,1093.57,26101.92,31.4,2.0,0.0,6.0,0.0,No
CUST13341,Male,38,Bengaluru,15,Monthly,Basic,Fiber,Cash,960.03,14936.27,197.6,3.0,0.0,5.0,0.0,No
CUST13342,Male,35,Bengaluru,41,Yearly,Basic,Fiber,Bank Transfer,793.13,32694.83,118.8,2.0,0.0,9.0,0.0,No
CUST13343,Male,22,Delhi,12,Monthly,Basic,Fiber,UPI,914.17,8882.05,120.0,2.0,0.0,8.0,10.0,No
CUST13344,Female,20,Delhi,15,Monthly,Standard,DSL,Bank Transfer,1130.31,16922.49,146.2,2.0,2.0,5.0,0.0,Yes
CUST13345,Male,40,Mumbai,18,Yearly,Standard,Fiber,Bank Transfer,1339.65,24267.01,173.0,0.0,1.0,9.0,0.0,No
CUST13346,Male,43,Chennai,32,Monthly,Premium,Fiber,Bank Transfer,1601.62,51136.6,203.8,1.0,1.0,9.0,0.0,No
CUST13347,Female,54,Hyderabad,43,Yearly,Standard,,Cash,813.66,28435.23,6.9,2.0,1.0,6.0,20.0,No
CUST13348,Female,41,Bengaluru,10,Monthly,Basic,DSL,Credit Card,763.2,7349.79,104.5,5.0,0.0,6.0,0.0,No
CUST13349,Female,66,Delhi,28,Monthly,Standard,Fiber,Debit Card,1148.49,32676.42,189.9,2.0,0.0,9.0,0.0,No
CUST13350,Female,36,Ahmedabad,33,Monthly,Standard,Fiber,UPI,1325.54,41278.36,155.2,2.0,0.0,8.0,5.0,No
CUST13351,Male,68,Pune,41,Monthly,Basic,Fiber,Debit Card,938.47,32540.58,49.1,2.0,1.0,6.0,15.0,No
CUST13352,Male,42,Kolkata,16,Monthly,Premium,DSL,Credit Card,1445.79,22950.13,160.5,5.0,1.0,5.0,5.0,Yes
CUST13353,Male,38,Pune,19,Quarterly,Premium,DSL,Cash,1539.09,27121.58,66.6,4.0,2.0,5.0,5.0,Yes
CUST13354,Female,29,Delhi,16,Monthly,Standard,Fiber,Cash,1107.73,15998.22,160.4,1.0,1.0,7.0,10.0,No
CUST13355,Female,58,Bengaluru,18,Yearly,Standard,DSL,Bank Transfer,884.24,14498.72,48.0,0.0,0.0,9.0,10.0,Yes
CUST13356,Male,50,Mumbai,13,Monthly,Standard,Fiber,UPI,1233.74,15730.49,145.6,2.0,0.0,6.0,0.0,Yes
CUST13357,Female,67,Ahmedabad,22,Monthly,Standard,Fiber,Credit Card,1285.92,28524.72,198.1,2.0,2.0,6.0,0.0,Yes
CUST13358,Female,70,Kochi,3,Monthly,Basic,,Debit Card,538.62,1580.11,5.6,3.0,0.0,5.0,25.0,No
CUST13359,Male,21,Hyderabad,11,Quarterly,Basic,Fiber,UPI,845.67,8976.94,178.6,3.0,1.0,7.0,5.0,No
CUST13360,Male,59,Bengaluru,15,Monthly,Basic,DSL,UPI,673.46,9694.41,79.9,1.0,0.0,8.0,5.0,No
CUST13361,Female,24,Bengaluru,24,Monthly,Standard,DSL,,951.24,23091.34,86.0,2.0,0.0,7.0,0.0,No
CUST13362,Female,39,Delhi,34,Yearly,Standard,Fiber,UPI,1253.21,35841.53,,2.0,0.0,7.0,15.0,Yes
CUST13363,Female,50,Chennai,47,Monthly,Standard,Fiber,UPI,1265.44,59160.19,247.3,1.0,1.0,7.0,0.0,No
CUST13364,Male,34,Bengaluru,18,Monthly,Standard,Fiber,Debit Card,1273.45,23153.4,127.6,4.0,1.0,6.0,0.0,No
CUST13365,Male,41,Kochi,40,Monthly,Basic,,Cash,550.58,20737.59,2.7,5.0,1.0,4.0,5.0,No
CUST13366,Male,51,Delhi,19,Quarterly,Standard,Fiber,Bank Transfer,,19965.35,158.9,2.0,1.0,6.0,5.0,No
CUST13367,Male,45,Jaipur,59,Monthly,Standard,Fiber,Cash,1142.81,49307.48,207.0,3.0,2.0,5.0,25.0,No
CUST13368,Male,60,Kolkata,20,,Standard,Fiber,Bank Transfer,1247.89,25293.33,61.4,4.0,0.0,3.0,0.0,Yes
CUST13369,Female,58,Kolkata,43,Quarterly,Basic,DSL,Credit Card,667.02,27910.41,32.6,1.0,0.0,10.0,5.0,No
CUST13370,Female,56,Chennai,15,Quarterly,Premium,Fiber,Cash,1591.85,24183.8,177.4,3.0,2.0,7.0,0.0,Yes
CUST13371,Female,39,Pune,13,Monthly,Standard,Fiber,Credit Card,1118.6,13470.49,203.9,5.0,2.0,4.0,10.0,No
CUST13372,Male,66,Pune,11,Yearly,Basic,,Credit Card,494.25,5627.65,1.2,2.0,1.0,7.0,5.0,No
CUST13373,Male,34,Pune,11,Monthly,Premium,Fiber,Credit Card,1507.85,14835.38,271.8,2.0,0.0,6.0,10.0,No
CUST13374,Male,51,Chennai,41,Quarterly,Standard,Fiber,Bank Transfer,1201.3,48808.03,199.0,4.0,1.0,6.0,0.0,Yes
CUST13375,Female,23,Kochi,33,Monthly,Basic,DSL,Cash,632.95,19059.0,100.9,3.0,3.0,8.0,10.0,No
CUST13376,Male,63,Kolkata,8,Quarterly,Basic,DSL,Credit Card,689.17,5770.86,137.4,3.0,0.0,8.0,5.0,No
CUST13377,Male,23,Kolkata,15,Monthly,Basic,Fiber,Credit Card,968.09,13253.37,,4.0,0.0,4.0,5.0,No
CUST13378,Female,51,Jaipur,7,Monthly,Standard,Fiber,Bank Transfer,1283.91,8897.25,52.4,2.0,0.0,5.0,5.0,Yes
CUST13379,Male,18,Mumbai,48,Yearly,Standard,Fiber,UPI,1253.66,57310.99,187.0,3.0,1.0,5.0,5.0,No
CUST13380,Female,27,Bengaluru,19,Monthly,Basic,Fiber,Bank Transfer,1013.23,16308.36,212.5,1.0,1.0,7.0,15.0,No
CUST13381,Male,38,Hyderabad,28,Monthly,Standard,DSL,Credit Card,944.43,24990.03,40.1,0.0,0.0,8.0,5.0,No
CUST13382,Male,22,Chennai,31,Quarterly,Basic,DSL,Credit Card,742.69,18555.18,94.4,0.0,1.0,9.0,20.0,No
CUST13383,Female,19,Ahmedabad,10,Quarterly,Basic,DSL,Credit Card,756.04,7239.02,124.4,5.0,0.0,4.0,0.0,No
CUST13384,Female,39,Hyderabad,10,Monthly,Standard,Fiber,Credit Card,1356.15,15074.59,174.9,2.0,3.0,6.0,0.0,Yes
CUST13385,Female,65,Chennai,10,Monthly,Basic,DSL,Bank Transfer,731.0,6280.28,86.1,1.0,1.0,4.0,5.0,Yes
CUST13386,Female,19,Chennai,27,Yearly,Standard,Fiber,Cash,1264.1,32857.24,88.7,2.0,2.0,5.0,0.0,No
CUST13387,Female,27,Bengaluru,6,Quarterly,Premium,,Credit Card,1385.49,8043.07,3.0,1.0,3.0,5.0,5.0,Yes
CUST13388,Female,51,Pune,47,Monthly,Basic,Fiber,Bank Transfer,910.42,42834.33,202.0,4.0,0.0,4.0,0.0,No
CUST13389,Male,33,Ahmedabad,8,Yearly,Basic,DSL,Bank Transfer,712.47,5111.67,157.1,0.0,1.0,8.0,15.0,Yes
CUST13390,Male,65,Bengaluru,8,Monthly,Basic,Fiber,Credit Card,,4831.54,167.1,0.0,1.0,7.0,10.0,No
CUST13391,Female,68,Chennai,37,Monthly,Standard,Fiber,Debit Card,1063.09,36450.89,151.4,4.0,0.0,6.0,5.0,Yes
CUST13392,Male,56,Chennai,49,Monthly,Standard,DSL,Debit Card,1013.27,41980.09,121.6,6.0,,4.0,15.0,No
CUST13393,Female,39,Mumbai,58,Monthly,Standard,Fiber,UPI,1086.29,63444.1,186.9,5.0,1.0,7.0,0.0,No
CUST13394,Male,29,,39,Yearly,Standard,DSL,Credit Card,1112.58,35973.75,61.8,2.0,1.0,6.0,15.0,No
CUST13395,Female,41,Kochi,2,Monthly,Standard,DSL,Cash,925.03,1981.85,79.6,1.0,1.0,8.0,5.0,Yes
CUST13396,Male,64,Delhi,32,Monthly,Basic,DSL,Debit Card,781.38,24881.28,50.5,2.0,2.0,8.0,0.0,No
CUST13397,Male,57,Mumbai,12,Yearly,Standard,DSL,Credit Card,1141.02,11717.82,155.8,0.0,1.0,8.0,15.0,No
CUST13398,Male,55,Mumbai,30,Monthly,Standard,Fiber,UPI,1258.32,35848.94,84.2,1.0,0.0,8.0,5.0,No
CUST13399,Male,27,Pune,9,Quarterly,Basic,Fiber,UPI,861.36,6968.08,262.3,3.0,1.0,5.0,10.0,No
CUST13400,Male,52,Chennai,20,Monthly,Standard,,Credit Card,911.11,14566.59,2.6,5.0,2.0,3.0,20.0,Yes
CUST13401,Female,68,Pune,41,Quarterly,Standard,Fiber,UPI,1200.77,39937.43,209.5,4.0,2.0,,20.0,No
CUST13402,Female,66,Bengaluru,15,Monthly,Basic,DSL,UPI,713.42,8578.42,82.6,2.0,0.0,7.0,20.0,No
CUST13403,Female,49,Jaipur,25,Monthly,Standard,Fiber,Credit Card,1170.93,28318.34,204.6,1.0,2.0,6.0,5.0,No
CUST13404,Male,24,Delhi,22,Quarterly,Premium,Fiber,Debit Card,1635.43,32161.34,216.6,2.0,0.0,6.0,10.0,No
CUST13405,Female,38,Delhi,15,Quarterly,Basic,,UPI,775.47,12190.99,99.5,2.0,0.0,6.0,0.0,No
CUST13406,Male,37,Hyderabad,39,Quarterly,Basic,DSL,UPI,,23407.52,113.9,3.0,1.0,5.0,15.0,No
CUST13407,Male,43,Delhi,20,Quarterly,Standard,Fiber,UPI,1229.98,,174.1,1.0,0.0,9.0,0.0,No
CUST13408,Male,21,Ahmedabad,23,Monthly,Standard,Fiber,UPI,1158.99,24435.74,123.5,1.0,1.0,6.0,5.0,No
CUST13409,Female,63,Jaipur,22,Monthly,Basic,Fiber,UPI,796.66,13569.84,272.0,4.0,0.0,5.0,20.0,No
CUST13410,Male,69,Delhi,30,Quarterly,Premium,Fiber,Debit Card,1528.69,38630.88,128.7,2.0,0.0,8.0,15.0,No
CUST13411,Female,39,Ahmedabad,9,Quarterly,Standard,Fiber,Credit Card,1213.77,,192.8,2.0,0.0,7.0,25.0,No
CUST13412,Female,32,Kolkata,33,Quarterly,Premium,Fiber,Credit Card,1638.63,50939.54,111.8,2.0,1.0,6.0,5.0,Yes
CUST13413,Male,57,Jaipur,6,Quarterly,Basic,DSL,Bank Transfer,836.77,5364.09,77.1,3.0,0.0,8.0,0.0,No
CUST13414,Male,38,Mumbai,6,Monthly,Premium,Fiber,Credit Card,1662.46,8378.08,238.3,6.0,1.0,4.0,20.0,Yes
CUST13415,Female,32,Chennai,35,Monthly,Standard,Fiber,UPI,1261.53,41103.27,160.7,4.0,0.0,5.0,5.0,No
CUST13416,Female,39,Mumbai,36,Monthly,Basic,,,396.27,12243.83,2.6,2.0,2.0,4.0,20.0,No
CUST13417,Female,69,Ahmedabad,10,Yearly,Premium,Fiber,Cash,1660.24,15361.69,157.3,4.0,0.0,6.0,10.0,No
CUST13418,Female,45,Bengaluru,72,Quarterly,Basic,,Cash,508.63,30337.24,3.7,2.0,0.0,6.0,20.0,No
CUST13419,Female,31,Chennai,35,Quarterly,Premium,Fiber,UPI,1484.68,47320.67,138.1,3.0,1.0,8.0,10.0,No
CUST13420,Female,44,Delhi,10,Monthly,Standard,Fiber,UPI,1244.63,11525.33,152.9,3.0,1.0,6.0,15.0,No
CUST13421,Male,58,Delhi,7,Monthly,Premium,Fiber,Credit Card,1614.31,11509.53,214.0,0.0,0.0,9.0,0.0,Yes
CUST13422,Female,57,Pune,18,Yearly,Standard,Fiber,Credit Card,1270.78,16767.33,184.8,1.0,2.0,6.0,25.0,No
CUST13423,Female,45,Ahmedabad,64,Yearly,Standard,DSL,Credit Card,1007.25,64594.65,125.0,1.0,1.0,8.0,0.0,No
CUST13424,Female,43,Chennai,33,Monthly,Basic,Fiber,Debit Card,899.54,28565.78,218.0,3.0,1.0,8.0,0.0,No
CUST13425,Female,66,Ahmedabad,14,Quarterly,Standard,DSL,UPI,905.93,11968.42,146.5,1.0,0.0,7.0,5.0,Yes
CUST13426,Male,19,Mumbai,13,Monthly,Standard,Fiber,UPI,1356.88,15852.89,164.6,3.0,2.0,6.0,10.0,Yes
CUST13427,Male,42,Chennai,9,Monthly,Standard,Fiber,Debit Card,1092.93,9335.46,263.8,3.0,0.0,6.0,10.0,No
CUST13428,Female,20,,21,Quarterly,Basic,DSL,Cash,685.18,14492.31,133.4,2.0,1.0,7.0,0.0,No
CUST13429,Female,25,Bengaluru,17,Quarterly,Standard,DSL,UPI,967.54,13760.31,142.3,1.0,0.0,9.0,15.0,No
CUST13430,Female,61,Chennai,10,Quarterly,Standard,Fiber,Bank Transfer,1216.53,9641.66,173.2,6.0,1.0,4.0,15.0,Yes
CUST13431,Male,50,,17,Monthly,Basic,Fiber,Credit Card,832.15,12355.64,207.7,3.0,1.0,7.0,10.0,No
CUST13432,Male,59,Chennai,11,Monthly,Standard,DSL,UPI,1136.26,11761.93,59.6,2.0,1.0,7.0,5.0,No
CUST13433,Male,69,Kolkata,18,Monthly,Premium,,Bank Transfer,1275.18,20306.12,7.1,2.0,1.0,8.0,10.0,No
CUST13434,Male,52,Chennai,44,Monthly,Basic,Fiber,Credit Card,780.79,27890.43,81.6,0.0,1.0,8.0,,No
CUST13435,Male,23,Bengaluru,56,Monthly,Standard,,Debit Card,,40869.24,2.1,3.0,0.0,5.0,20.0,No
CUST13436,Male,56,Bengaluru,63,Monthly,Premium,Fiber,Credit Card,1672.95,105162.8,237.3,2.0,0.0,8.0,0.0,Yes
CUST13437,Female,69,Chennai,49,Monthly,Basic,,UPI,491.72,23851.86,4.1,2.0,2.0,6.0,0.0,No
CUST13438,Male,40,Mumbai,25,Monthly,Standard,DSL,Debit Card,958.45,24043.31,133.3,2.0,4.0,5.0,0.0,No
CUST13439,Male,42,Bengaluru,55,Quarterly,Standard,DSL,Credit Card,1081.89,56300.79,96.2,3.0,0.0,7.0,5.0,No
CUST13440,Female,67,Hyderabad,40,Quarterly,Standard,DSL,UPI,1102.69,42440.9,36.5,0.0,0.0,7.0,5.0,No
CUST13441,Male,60,Chennai,12,Quarterly,Standard,Fiber,Debit Card,1119.72,12396.08,148.7,4.0,1.0,6.0,5.0,Yes
CUST13442,Female,36,Delhi,22,Monthly,Standard,Fiber,UPI,1273.88,24811.69,123.9,4.0,1.0,5.0,10.0,No
CUST13443,Male,22,Kolkata,8,Monthly,Basic,Fiber,UPI,854.1,,183.9,0.0,1.0,8.0,5.0,No
CUST13444,Female,68,Pune,27,Monthly,Standard,Fiber,Bank Transfer,1294.66,35044.34,145.7,1.0,2.0,6.0,0.0,No
CUST13445,Female,28,Delhi,11,Monthly,Standard,Fiber,UPI,1073.61,11300.11,149.9,1.0,1.0,7.0,5.0,No
CUST13446,Female,29,Kolkata,58,Monthly,Basic,,Debit Card,491.33,28217.25,3.9,,0.0,8.0,0.0,No
CUST13447,Female,27,Pune,7,Monthly,Basic,Fiber,Cash,883.33,5249.27,198.0,2.0,1.0,7.0,15.0,Yes
CUST13448,Female,25,Pune,11,Quarterly,Premium,Fiber,UPI,1520.7,16081.63,110.4,3.0,1.0,6.0,5.0,Yes
CUST13449,Male,41,Chennai,22,Yearly,Standard,Fiber,Credit Card,1197.47,24009.53,212.6,1.0,0.0,9.0,10.0,No
CUST13450,Male,45,Bengaluru,38,Monthly,Standard,DSL,Debit Card,1022.26,38787.78,134.0,3.0,1.0,7.0,,No
CUST13451,Female,58,Pune,20,Yearly,Premium,Fiber,Credit Card,1583.23,28103.91,208.0,0.0,2.0,9.0,10.0,Yes
CUST13452,Female,53,Delhi,50,Monthly,Standard,Fiber,Debit Card,1167.68,55071.25,126.1,0.0,2.0,6.0,5.0,No
CUST13453,Female,54,Kochi,11,Quarterly,Premium,DSL,Credit Card,1346.75,14945.7,117.4,3.0,0.0,7.0,0.0,Yes
CUST13454,Male,38,Ahmedabad,14,Quarterly,Premium,DSL,UPI,1448.16,18609.26,138.2,2.0,0.0,5.0,10.0,Yes
CUST13455,Female,25,Chennai,18,Yearly,,DSL,UPI,1039.96,18794.65,116.1,1.0,1.0,6.0,0.0,No
CUST13456,Female,26,Mumbai,20,Monthly,Standard,DSL,Bank Transfer,969.28,18223.02,122.1,5.0,1.0,6.0,5.0,No
CUST13457,Female,64,Mumbai,25,Monthly,Standard,Fiber,UPI,1299.92,28963.32,118.7,4.0,0.0,6.0,10.0,No
CUST13458,Female,32,Delhi,22,Monthly,Premium,DSL,Bank Transfer,1475.19,31234.79,43.4,1.0,1.0,6.0,5.0,No
CUST13459,Male,65,Hyderabad,7,Monthly,Standard,Fiber,Bank Transfer,1257.57,7308.94,,1.0,1.0,8.0,10.0,No
CUST13460,Female,63,Delhi,18,Yearly,Basic,Fiber,UPI,835.3,,145.2,1.0,0.0,8.0,0.0,No
CUST13461,Female,57,,6,Quarterly,Basic,Fiber,UPI,715.28,5011.67,138.7,0.0,0.0,5.0,0.0,No
CUST13462,Male,35,Mumbai,8,Quarterly,Basic,Fiber,UPI,1039.52,8900.88,194.1,2.0,0.0,8.0,0.0,No
CUST13463,Female,59,Kochi,22,Monthly,Premium,Fiber,Debit Card,1613.49,35596.87,124.4,1.0,0.0,8.0,0.0,No
CUST13464,Female,37,Bengaluru,37,Yearly,Premium,Fiber,Bank Transfer,1629.09,57019.49,208.4,5.0,1.0,5.0,5.0,No
CUST13465,Male,23,Jaipur,34,Monthly,Standard,DSL,UPI,1075.65,34616.86,92.6,1.0,2.0,5.0,5.0,No
CUST13466,Male,29,Jaipur,5,Monthly,Standard,Fiber,UPI,1231.92,5278.83,109.7,1.0,0.0,8.0,15.0,No
CUST13467,Male,19,Chennai,42,Yearly,Premium,DSL,,1364.9,49780.8,67.4,1.0,0.0,7.0,15.0,No
CUST13468,Female,24,Kolkata,42,Monthly,Basic,Fiber,UPI,817.7,31421.21,96.6,3.0,0.0,6.0,10.0,Yes
CUST13469,Female,33,Hyderabad,18,Monthly,Basic,,Debit Card,467.92,8447.43,7.5,3.0,0.0,7.0,5.0,No
CUST13470,Male,20,Pune,21,Monthly,Standard,Fiber,Credit Card,1244.1,26048.48,227.2,2.0,2.0,7.0,0.0,No
CUST13471,Male,62,Delhi,44,Quarterly,Premium,DSL,Credit Card,1352.94,56304.74,52.1,5.0,3.0,5.0,5.0,No
CUST13472,Male,20,Delhi,57,Quarterly,Standard,DSL,Credit Card,927.7,52780.5,128.0,3.0,0.0,8.0,0.0,No
CUST13473,Female,44,Chennai,36,Monthly,Standard,,Credit Card,798.6,26372.43,7.8,0.0,0.0,6.0,10.0,No
CUST13474,Female,67,Hyderabad,11,Quarterly,Basic,Fiber,Credit Card,878.22,9024.37,250.2,1.0,0.0,7.0,15.0,No
CUST13475,Male,60,Chennai,26,Quarterly,Standard,Fiber,UPI,1196.03,29115.36,153.1,0.0,1.0,9.0,5.0,Yes
CUST13476,Female,57,Delhi,26,Yearly,Premium,Fiber,,1561.1,39440.22,210.7,3.0,1.0,9.0,0.0,Yes
CUST13477,Male,55,Delhi,30,Quarterly,Standard,Fiber,Credit Card,1238.75,29604.63,289.2,2.0,1.0,8.0,20.0,No
CUST13478,Female,50,Bengaluru,8,Quarterly,Standard,Fiber,UPI,1293.36,10877.38,247.9,2.0,3.0,7.0,0.0,No
CUST13479,Female,45,Bengaluru,22,Quarterly,Basic,DSL,UPI,753.93,12983.86,119.6,1.0,0.0,9.0,20.0,No
CUST13480,Female,18,Mumbai,12,Monthly,Premium,Fiber,,1692.96,17494.53,148.1,4.0,1.0,7.0,15.0,No
CUST13481,Female,25,Bengaluru,29,Monthly,Basic,Fiber,UPI,943.99,25444.51,291.9,3.0,2.0,5.0,5.0,Yes
CUST13482,Male,54,Bengaluru,9,Monthly,Basic,Fiber,Credit Card,823.6,7265.34,148.3,5.0,2.0,6.0,0.0,No
CUST13483,Female,49,Ahmedabad,19,,Premium,Fiber,UPI,1532.26,22896.03,267.9,0.0,0.0,7.0,20.0,No
CUST13484,Female,65,Bengaluru,13,Monthly,Premium,,Credit Card,1178.22,13708.78,4.2,3.0,1.0,6.0,10.0,No
CUST13485,Male,60,Pune,27,Monthly,Standard,DSL,Credit Card,1034.73,28039.22,86.4,4.0,2.0,5.0,0.0,No
CUST13486,Female,54,Mumbai,31,Monthly,Standard,Fiber,Debit Card,1177.69,35028.44,129.5,2.0,2.0,7.0,5.0,No
CUST13487,Male,21,Jaipur,11,Monthly,Basic,Fiber,Bank Transfer,947.58,9171.33,138.9,0.0,2.0,7.0,10.0,No
CUST13488,Male,47,Hyderabad,16,Monthly,Basic,,Credit Card,537.45,8030.96,0.5,3.0,3.0,6.0,0.0,Yes
CUST13489,Female,23,Delhi,16,Quarterly,Basic,Fiber,UPI,919.81,13956.65,190.1,0.0,1.0,7.0,0.0,No
CUST13490,Female,63,Chennai,33,Yearly,Standard,DSL,,956.57,,,,0.0,7.0,0.0,No
CUST13491,Male,36,Delhi,36,Monthly,Basic,,UPI,569.33,20088.39,10.2,2.0,0.0,8.0,0.0,No
CUST13492,Male,49,Chennai,10,Monthly,Premium,Fiber,Credit Card,1561.73,15875.12,158.0,1.0,0.0,6.0,0.0,No
CUST13493,Male,26,Bengaluru,8,Monthly,Basic,Fiber,UPI,855.9,6051.33,66.5,4.0,1.0,6.0,0.0,Yes
CUST13494,Female,29,Kochi,7,Monthly,Standard,Fiber,Credit Card,1148.28,8822.93,168.6,2.0,0.0,9.0,0.0,No
CUST13495,Male,28,Hyderabad,42,Monthly,Standard,,Bank Transfer,970.9,42169.66,2.0,2.0,1.0,8.0,0.0,No
CUST13496,Male,63,Delhi,35,Quarterly,Standard,Fiber,UPI,1105.62,31122.08,261.8,1.0,0.0,8.0,20.0,No
CUST13497,Male,33,Kolkata,22,Monthly,Basic,Fiber,Cash,954.14,18747.27,229.3,3.0,0.0,7.0,10.0,Yes
CUST13498,Female,18,Delhi,49,Quarterly,Premium,DSL,Bank Transfer,1446.27,68043.26,91.1,1.0,1.0,6.0,5.0,No
CUST13499,Male,62,Ahmedabad,15,Quarterly,Standard,DSL,Bank Transfer,941.2,12458.17,155.4,0.0,1.0,8.0,10.0,Yes
CUST13500,Female,70,Hyderabad,18,Monthly,Standard,Fiber,Bank Transfer,1176.2,21196.79,204.2,2.0,1.0,8.0,0.0,No
CUST13501,Female,38,Kolkata,34,Monthly,Standard,Fiber,UPI,1013.08,26172.68,204.0,0.0,1.0,8.0,20.0,No
CUST13502,Male,47,Bengaluru,10,Monthly,Basic,DSL,UPI,887.57,8393.39,137.7,2.0,1.0,8.0,5.0,No
CUST13503,Female,30,Ahmedabad,14,Monthly,Standard,Fiber,UPI,1170.56,16146.73,211.9,3.0,0.0,6.0,5.0,No
CUST13504,Male,51,Kolkata,26,Monthly,Standard,Fiber,UPI,1289.24,26586.03,151.0,0.0,,7.0,20.0,No
CUST13505,Female,21,Mumbai,28,Yearly,Premium,DSL,Credit Card,1557.66,39030.98,42.9,2.0,0.0,8.0,10.0,No
CUST13506,Female,45,Bengaluru,25,Yearly,Premium,Fiber,Bank Transfer,1554.55,38645.55,76.2,1.0,1.0,10.0,0.0,No
CUST13507,Male,55,Delhi,10,Yearly,Basic,Fiber,UPI,902.35,8200.2,133.3,1.0,0.0,8.0,20.0,Yes
CUST13508,Male,48,Kochi,40,Monthly,Basic,Fiber,UPI,914.83,31217.9,139.5,2.0,1.0,8.0,15.0,No
CUST13509,Male,44,Mumbai,46,Monthly,Basic,Fiber,Debit Card,1052.02,36314.12,174.8,3.0,0.0,3.0,25.0,No
CUST13510,Female,22,Hyderabad,20,Monthly,Premium,DSL,UPI,1434.7,28491.62,109.1,1.0,1.0,8.0,0.0,No
CUST13511,Female,42,Bengaluru,20,Monthly,Basic,DSL,Credit Card,745.7,11699.61,120.6,2.0,1.0,6.0,25.0,No
CUST13512,Male,20,Delhi,49,Monthly,Standard,DSL,UPI,938.08,43264.75,125.5,5.0,0.0,8.0,5.0,No
CUST13513,Male,50,Chennai,5,Quarterly,Standard,DSL,Bank Transfer,978.48,5032.04,28.7,2.0,4.0,7.0,10.0,Yes
CUST13514,Female,21,Kochi,20,Monthly,Standard,DSL,Credit Card,1010.02,20141.8,59.6,0.0,0.0,8.0,0.0,No
CUST13515,Female,42,Chennai,9,Yearly,Basic,Fiber,Debit Card,1004.11,9622.69,167.4,3.0,0.0,6.0,0.0,No
CUST13516,Female,37,Ahmedabad,45,Yearly,Basic,Fiber,UPI,1051.45,47130.77,211.2,1.0,0.0,9.0,0.0,No
CUST13517,Male,51,Chennai,33,Monthly,Standard,DSL,Cash,1090.09,34583.46,86.9,,1.0,8.0,5.0,No
CUST13518,Female,43,Bengaluru,32,Yearly,Basic,Fiber,Credit Card,928.08,29968.42,182.2,3.0,1.0,5.0,0.0,No
CUST13519,Male,22,Delhi,30,Monthly,Basic,Fiber,Bank Transfer,954.79,,257.8,0.0,0.0,9.0,0.0,No
CUST13520,Female,52,Chennai,50,Monthly,Basic,Fiber,Cash,845.23,32380.53,,2.0,0.0,8.0,25.0,No
CUST13521,Female,45,Kochi,19,Quarterly,Standard,Fiber,Credit Card,1311.19,23069.3,187.1,0.0,2.0,8.0,10.0,No
CUST13522,Male,46,Ahmedabad,31,Monthly,Standard,Fiber,Credit Card,,31646.21,130.4,5.0,0.0,7.0,5.0,No
CUST13523,Male,26,Mumbai,36,Yearly,Basic,DSL,UPI,713.62,22762.81,119.7,5.0,3.0,5.0,10.0,Yes
CUST13524,Male,69,Mumbai,20,Quarterly,Basic,Fiber,Credit Card,952.27,17019.96,202.4,0.0,1.0,7.0,10.0,No
CUST13525,Female,55,Mumbai,25,Yearly,Basic,,Bank Transfer,511.5,12638.61,10.6,,1.0,7.0,0.0,No
CUST13526,Female,67,Jaipur,16,Yearly,Standard,Fiber,UPI,1397.48,20643.43,183.7,1.0,1.0,7.0,10.0,No
CUST13527,Female,23,Ahmedabad,29,Monthly,Basic,Fiber,Cash,953.41,,170.4,1.0,1.0,6.0,10.0,No
CUST13528,Male,36,Kolkata,23,Monthly,Standard,Fiber,Debit Card,1278.68,28959.91,200.7,2.0,1.0,6.0,0.0,No
CUST13529,Female,61,Delhi,27,Monthly,Basic,Fiber,Credit Card,839.29,22234.31,214.0,2.0,0.0,5.0,0.0,No
CUST13530,Male,28,Hyderabad,35,Monthly,Premium,DSL,Debit Card,1527.2,50835.78,103.5,3.0,1.0,4.0,5.0,Yes
CUST13531,Male,19,Hyderabad,51,Monthly,Basic,Fiber,UPI,964.8,,164.7,0.0,1.0,,10.0,No
CUST13532,Male,64,Mumbai,26,Yearly,Premium,Fiber,UPI,1725.16,45636.59,160.1,3.0,0.0,8.0,0.0,No
CUST13533,Female,61,Hyderabad,14,Monthly,Premium,Fiber,UPI,1424.63,18036.2,,0.0,3.0,6.0,10.0,No
CUST13534,Female,61,Bengaluru,34,Yearly,Standard,Fiber,,1137.55,38614.57,246.5,1.0,,6.0,0.0,No
CUST13535,Male,26,Bengaluru,3,Quarterly,Premium,Fiber,Cash,1626.91,4280.74,203.5,1.0,1.0,9.0,,No
CUST13536,Female,38,Jaipur,1,Monthly,Basic,Fiber,Credit Card,929.3,379.09,187.9,1.0,0.0,7.0,20.0,No
CUST13537,Male,41,Kolkata,46,Monthly,Basic,Fiber,Debit Card,896.4,35010.34,137.7,2.0,3.0,6.0,15.0,No
CUST13538,Male,51,Hyderabad,8,Monthly,Basic,DSL,UPI,627.77,4276.47,108.2,1.0,0.0,8.0,10.0,No
CUST13539,Female,39,Chennai,11,Monthly,Basic,DSL,Bank Transfer,,8218.57,105.3,2.0,0.0,7.0,0.0,Yes
CUST13540,Male,20,Delhi,15,Monthly,Basic,Fiber,Debit Card,924.68,12780.54,111.0,3.0,1.0,,10.0,Yes
CUST13541,Male,29,Kolkata,37,Monthly,Standard,DSL,Credit Card,1049.76,34237.16,80.6,2.0,0.0,6.0,10.0,No
CUST13542,Female,45,Kolkata,5,Quarterly,Basic,DSL,Cash,747.05,2216.77,50.2,3.0,0.0,6.0,15.0,Yes
CUST13543,Male,47,Kolkata,8,Monthly,Standard,DSL,Bank Transfer,1125.38,7176.93,,1.0,0.0,8.0,15.0,No
CUST13544,Male,43,Kolkata,46,Quarterly,Basic,Fiber,Debit Card,887.68,41229.08,258.8,2.0,0.0,6.0,0.0,No
CUST13545,Male,65,Mumbai,19,Yearly,Standard,Fiber,Cash,1099.99,18984.9,165.3,1.0,0.0,9.0,10.0,No
CUST13546,Male,38,Delhi,26,Monthly,Premium,Fiber,Debit Card,1712.28,44989.65,205.1,2.0,0.0,5.0,0.0,No
CUST13547,Male,45,Hyderabad,60,Monthly,Standard,Fiber,Bank Transfer,1307.77,77641.08,155.5,5.0,0.0,6.0,,No
CUST13548,Male,43,Delhi,19,Quarterly,Standard,Fiber,Credit Card,1196.83,21858.93,184.1,4.0,0.0,5.0,5.0,Yes
CUST13549,Male,50,Kolkata,19,Yearly,Standard,Fiber,UPI,1270.01,22204.69,173.0,0.0,0.0,9.0,5.0,No
CUST13550,Female,38,Delhi,26,Monthly,Standard,DSL,Cash,928.08,21176.44,90.2,4.0,1.0,,10.0,Yes
CUST13551,Female,52,Bengaluru,39,Monthly,Basic,Fiber,UPI,888.44,28803.24,150.0,1.0,3.0,7.0,15.0,No
CUST13552,Male,69,Delhi,20,Monthly,Premium,Fiber,UPI,1462.86,25766.71,142.9,1.0,0.0,8.0,10.0,No
CUST13553,Male,51,Kochi,39,Monthly,Standard,DSL,UPI,1139.97,34665.19,73.9,3.0,0.0,8.0,25.0,No
CUST13554,Female,58,Mumbai,22,Monthly,Basic,DSL,,630.32,12745.72,72.3,2.0,2.0,6.0,10.0,Yes
CUST13555,Female,68,Pune,1,Monthly,Premium,Fiber,UPI,1567.09,251.29,136.0,3.0,2.0,8.0,25.0,No
CUST13556,Female,64,Hyderabad,9,Quarterly,Premium,Fiber,Debit Card,1617.26,12313.78,114.9,0.0,1.0,8.0,10.0,No
CUST13557,Female,35,Bengaluru,15,Monthly,Standard,Fiber,Cash,1265.91,18079.56,244.6,1.0,1.0,7.0,5.0,No
CUST13558,Female,28,Hyderabad,4,Monthly,Basic,DSL,UPI,792.18,3094.36,94.3,3.0,1.0,7.0,5.0,No
CUST13559,Male,40,Pune,29,Monthly,Standard,Fiber,Bank Transfer,1291.44,33388.59,108.4,2.0,1.0,5.0,10.0,No
CUST13560,Female,65,Chennai,13,Yearly,Basic,Fiber,UPI,964.31,12126.97,299.1,0.0,1.0,7.0,10.0,No
CUST13561,Female,39,Jaipur,12,Monthly,Standard,Fiber,UPI,1304.68,13645.53,83.7,5.0,0.0,6.0,10.0,No
CUST13562,Female,34,Delhi,16,Yearly,Basic,DSL,Debit Card,609.59,9242.68,50.1,5.0,0.0,5.0,10.0,No
CUST13563,Male,22,Bengaluru,6,Monthly,Standard,DSL,Bank Transfer,1011.23,5260.36,84.6,1.0,0.0,8.0,20.0,No
CUST13564,Male,61,Jaipur,30,Monthly,Standard,Fiber,UPI,1236.11,38284.92,53.8,2.0,1.0,9.0,0.0,No
CUST13565,Male,28,Delhi,45,Monthly,Basic,Fiber,,1025.9,42771.94,124.8,3.0,2.0,5.0,10.0,Yes
CUST13566,Male,47,Chennai,26,Quarterly,Premium,DSL,UPI,1409.6,33331.65,112.6,3.0,1.0,7.0,10.0,Yes
CUST13567,Male,32,Ahmedabad,42,Monthly,Basic,DSL,Cash,907.21,38120.88,55.8,2.0,0.0,6.0,0.0,No
CUST13568,Male,44,Delhi,4,Quarterly,Basic,DSL,UPI,778.24,2513.37,84.3,1.0,0.0,8.0,25.0,No
CUST13569,,52,Kolkata,33,Quarterly,Standard,,Credit Card,793.07,22552.92,8.7,1.0,1.0,8.0,,No
CUST13570,Male,50,Bengaluru,32,Quarterly,Premium,Fiber,Bank Transfer,1507.64,47314.5,78.3,3.0,2.0,7.0,0.0,No
CUST13571,Male,37,Delhi,31,Monthly,Premium,Fiber,Debit Card,1658.86,48104.35,182.8,2.0,0.0,8.0,5.0,No
CUST13572,Female,33,Bengaluru,30,Yearly,Standard,Fiber,Cash,1148.79,31504.72,255.6,2.0,2.0,7.0,10.0,Yes
CUST13573,Male,51,Ahmedabad,26,Monthly,Basic,Fiber,Cash,878.22,23517.0,263.9,2.0,1.0,7.0,0.0,No
CUST13574,Female,19,Mumbai,65,Monthly,Premium,Fiber,Credit Card,1612.96,100343.95,234.0,2.0,1.0,6.0,5.0,Yes
CUST13575,Female,52,Kolkata,6,Monthly,Premium,Fiber,Debit Card,1615.96,9589.29,105.0,0.0,1.0,9.0,0.0,No
CUST13576,Male,57,Kochi,58,Quarterly,Basic,Fiber,UPI,1053.0,52076.61,169.3,3.0,3.0,4.0,15.0,Yes
CUST13577,Female,45,Chennai,34,Monthly,Standard,Fiber,Cash,1231.51,35361.5,192.6,1.0,0.0,7.0,15.0,No
CUST13578,Female,64,Chennai,21,Monthly,Standard,,UPI,801.62,17753.63,3.3,2.0,0.0,7.0,0.0,No
CUST13579,Female,56,Hyderabad,28,Monthly,Standard,Fiber,Bank Transfer,1140.29,,82.2,0.0,0.0,8.0,15.0,No
CUST13580,Female,23,Delhi,5,Monthly,Premium,Fiber,,1733.38,6542.49,293.1,1.0,2.0,8.0,20.0,No
CUST13581,Male,26,Hyderabad,15,Monthly,Basic,Fiber,Credit Card,858.76,11513.42,252.6,4.0,1.0,6.0,10.0,Yes
CUST13582,Female,37,Chennai,28,Monthly,Standard,DSL,UPI,1096.78,30514.2,109.8,2.0,1.0,7.0,0.0,Yes
CUST13583,Male,18,Kochi,43,Monthly,Basic,DSL,Debit Card,765.38,,120.2,1.0,1.0,8.0,15.0,No
CUST13584,Female,25,Jaipur,21,Monthly,Standard,Fiber,UPI,1233.65,26357.75,,2.0,0.0,7.0,0.0,No
CUST13585,Female,40,Ahmedabad,12,Yearly,Standard,Fiber,UPI,1311.86,15018.74,248.0,1.0,0.0,8.0,5.0,No
CUST13586,Female,20,Jaipur,17,Monthly,Basic,DSL,UPI,772.62,12838.65,105.1,2.0,1.0,9.0,0.0,Yes
CUST13587,Male,21,Hyderabad,15,Monthly,Standard,Fiber,UPI,1265.4,17705.18,186.2,0.0,0.0,9.0,5.0,No
CUST13588,Male,42,Pune,15,Monthly,Premium,,Credit Card,1274.46,17893.01,8.1,4.0,1.0,9.0,5.0,No
CUST13589,Male,64,Jaipur,4,Quarterly,Standard,Fiber,Credit Card,1163.72,3217.11,179.0,1.0,1.0,5.0,10.0,No
CUST13590,Female,55,Delhi,52,Monthly,Standard,Fiber,UPI,,64907.03,244.3,1.0,1.0,9.0,0.0,No
CUST13591,Female,32,Kochi,36,Monthly,Basic,DSL,Debit Card,697.93,22921.48,80.9,1.0,2.0,8.0,10.0,Yes
CUST13592,Female,38,Hyderabad,35,Monthly,Standard,Fiber,Bank Transfer,1106.91,33709.56,190.0,1.0,0.0,7.0,15.0,No
CUST13593,Female,52,Chennai,26,Yearly,Standard,Fiber,Debit Card,1246.52,32599.88,173.0,1.0,0.0,7.0,0.0,No
CUST13594,Male,70,Pune,23,Quarterly,Premium,Fiber,Cash,1637.12,33135.14,,0.0,2.0,7.0,10.0,Yes
CUST13595,Female,70,Kochi,40,Monthly,Basic,DSL,UPI,778.91,31232.36,132.0,4.0,,5.0,0.0,No
CUST13596,Male,63,Mumbai,31,Monthly,Standard,Fiber,Bank Transfer,1198.16,33520.87,146.6,3.0,1.0,6.0,10.0,No
CUST13597,Female,69,Kolkata,19,Monthly,Basic,Fiber,Credit Card,894.22,16511.56,80.7,2.0,1.0,10.0,5.0,No
CUST13598,Male,31,Chennai,65,Monthly,Basic,Fiber,Debit Card,813.32,48478.16,171.4,1.0,2.0,7.0,10.0,No
CUST13599,Male,53,Mumbai,36,Quarterly,Standard,DSL,Credit Card,901.01,31818.86,91.9,3.0,2.0,7.0,0.0,No
CUST13600,Female,29,Kolkata,22,Monthly,Basic,Fiber,Credit Card,971.03,21646.1,96.6,4.0,1.0,6.0,0.0,No
CUST13601,Female,34,Chennai,21,Quarterly,Basic,Fiber,Credit Card,969.95,20284.78,155.1,2.0,2.0,7.0,0.0,No
CUST13602,Male,56,Pune,2,Monthly,Standard,DSL,Debit Card,1029.93,3035.2,128.5,5.0,1.0,4.0,15.0,Yes
CUST13603,Female,26,Delhi,10,Quarterly,Standard,DSL,UPI,1167.74,10950.64,49.8,3.0,2.0,7.0,10.0,No
CUST13604,Female,52,Hyderabad,5,Monthly,Standard,DSL,Debit Card,1090.0,3956.06,108.6,3.0,1.0,6.0,25.0,Yes
CUST13605,Male,30,Pune,14,Monthly,Standard,Fiber,Bank Transfer,1227.03,15281.31,201.6,3.0,0.0,5.0,15.0,No
CUST13606,Male,32,Hyderabad,29,Quarterly,Standard,DSL,Credit Card,1211.4,29738.16,90.8,2.0,1.0,7.0,15.0,No
CUST13607,Male,35,Mumbai,13,Monthly,Basic,Fiber,UPI,799.6,9695.45,129.1,7.0,0.0,5.0,10.0,No
CUST13608,Male,68,Kochi,16,Quarterly,Basic,Fiber,UPI,896.22,14146.48,184.0,1.0,1.0,,0.0,No
CUST13609,Female,50,Chennai,20,Yearly,Standard,DSL,UPI,981.84,15746.76,89.5,3.0,0.0,5.0,20.0,No
CUST13610,Male,23,Kolkata,59,Monthly,Basic,Fiber,UPI,870.58,52000.97,177.8,3.0,0.0,7.0,0.0,No
CUST13611,Male,44,Hyderabad,8,Yearly,Premium,DSL,UPI,1444.62,10795.7,64.9,4.0,2.0,5.0,5.0,Yes
CUST13612,Male,40,Delhi,10,Monthly,Standard,,UPI,846.44,5677.02,2.1,2.0,2.0,5.0,15.0,No
CUST13613,Female,44,Hyderabad,47,Monthly,Basic,DSL,UPI,664.13,29275.39,59.5,2.0,0.0,7.0,5.0,No
CUST13614,Male,51,Hyderabad,17,Quarterly,Standard,Fiber,Credit Card,1205.44,21234.05,93.2,4.0,1.0,5.0,0.0,Yes
CUST13615,Female,63,Chennai,14,Quarterly,Premium,DSL,Cash,1384.01,,76.4,0.0,1.0,8.0,5.0,No
CUST13616,Male,55,Chennai,4,Monthly,Basic,Fiber,Cash,995.73,2629.08,88.2,0.0,0.0,7.0,25.0,No
CUST13617,Male,31,Hyderabad,27,Quarterly,Basic,Fiber,UPI,961.16,18666.66,133.1,2.0,1.0,7.0,25.0,No
CUST13618,Female,53,Bengaluru,10,Yearly,Premium,Fiber,UPI,1627.51,14413.86,226.3,4.0,1.0,6.0,10.0,No
CUST13619,Male,70,Hyderabad,24,Monthly,Basic,Fiber,Credit Card,861.93,17032.12,66.6,2.0,1.0,7.0,20.0,No
CUST13620,Male,25,Mumbai,36,Yearly,Basic,DSL,UPI,762.38,27336.1,92.2,4.0,0.0,6.0,0.0,No
CUST13621,Female,52,Bengaluru,21,Quarterly,Basic,Fiber,Credit Card,956.55,19092.65,111.6,1.0,1.0,7.0,0.0,No
CUST13622,Male,36,Jaipur,46,Yearly,Standard,DSL,Credit Card,1022.77,44978.68,87.9,1.0,0.0,7.0,5.0,No
CUST13623,Male,47,Chennai,18,Monthly,Standard,DSL,Credit Card,922.8,17126.48,87.6,2.0,2.0,8.0,0.0,Yes
CUST13624,Male,31,Pune,18,Quarterly,Standard,Fiber,Bank Transfer,1257.53,22295.21,,1.0,0.0,8.0,5.0,No
CUST13625,Male,37,Hyderabad,48,Monthly,Premium,DSL,Bank Transfer,1492.37,70602.95,138.7,1.0,0.0,6.0,0.0,Yes
CUST13626,Female,66,Jaipur,40,Yearly,Standard,DSL,Cash,,41449.07,162.4,3.0,1.0,4.0,5.0,No
CUST13627,Male,42,Pune,21,Quarterly,Premium,DSL,UPI,1389.3,29268.46,162.1,4.0,0.0,8.0,0.0,Yes
CUST13628,Female,57,Kolkata,48,Monthly,Standard,Fiber,Bank Transfer,1276.79,60955.83,213.9,3.0,0.0,5.0,0.0,No
CUST13629,Male,41,Delhi,24,Monthly,Basic,Fiber,Debit Card,991.91,19411.13,176.3,6.0,1.0,5.0,15.0,Yes
CUST13630,Female,31,Kochi,15,Yearly,Premium,Fiber,Debit Card,1622.52,23410.17,106.2,2.0,1.0,5.0,0.0,Yes
CUST13631,Male,43,Ahmedabad,46,Quarterly,Basic,Fiber,Bank Transfer,868.3,39557.71,117.3,2.0,0.0,7.0,0.0,No
CUST13632,Female,55,Ahmedabad,11,Monthly,Standard,Fiber,Cash,1169.98,12462.18,262.0,0.0,1.0,8.0,0.0,No
CUST13633,Male,40,Mumbai,7,Monthly,Basic,DSL,Bank Transfer,718.37,4221.16,64.4,2.0,0.0,8.0,15.0,No
CUST13634,Female,39,Mumbai,59,Yearly,Standard,Fiber,Credit Card,1164.72,62586.99,190.5,1.0,1.0,7.0,10.0,No
CUST13635,Female,65,Delhi,10,Monthly,Premium,,Credit Card,1221.68,10959.95,2.2,5.0,2.0,5.0,10.0,Yes
CUST13636,,36,Mumbai,33,Monthly,Standard,DSL,Debit Card,1075.86,34732.32,107.8,3.0,0.0,5.0,0.0,No
CUST13637,Female,63,Ahmedabad,63,Yearly,Basic,Fiber,Bank Transfer,971.72,57648.23,236.3,2.0,0.0,7.0,5.0,No
CUST13638,Male,68,Bengaluru,14,Monthly,Basic,Fiber,Debit Card,1016.09,14392.82,144.5,1.0,1.0,7.0,0.0,No
CUST13639,Male,20,Bengaluru,20,Monthly,Standard,DSL,Credit Card,976.95,19162.76,76.9,3.0,0.0,7.0,0.0,No
CUST13640,Male,59,Mumbai,32,Monthly,Basic,DSL,Credit Card,690.03,19814.65,152.8,1.0,0.0,7.0,10.0,No
CUST13641,Male,36,Mumbai,31,,Standard,,UPI,917.54,23331.71,4.9,3.0,0.0,5.0,20.0,No
CUST13642,Male,26,Mumbai,55,Monthly,Standard,Fiber,Cash,1126.96,62307.65,138.2,1.0,3.0,5.0,0.0,No
CUST13643,Female,45,Ahmedabad,9,Quarterly,Basic,Fiber,UPI,807.32,5901.61,238.6,0.0,1.0,9.0,15.0,Yes
CUST13644,Male,37,Chennai,37,Yearly,Standard,,Debit Card,774.58,28168.64,8.1,3.0,0.0,7.0,0.0,No
CUST13645,Male,62,Bengaluru,15,Monthly,Standard,Fiber,Bank Transfer,1185.91,18773.32,232.3,0.0,1.0,10.0,0.0,No
CUST13646,Male,24,Hyderabad,44,Yearly,Basic,DSL,Credit Card,880.85,38407.18,101.1,2.0,2.0,7.0,0.0,No
CUST13647,Male,31,Hyderabad,27,Monthly,Standard,Fiber,Bank Transfer,1189.77,26894.7,104.4,1.0,0.0,8.0,20.0,No
CUST13648,Male,26,Bengaluru,10,Quarterly,Premium,DSL,Bank Transfer,1471.94,15529.04,44.6,4.0,1.0,5.0,0.0,No
CUST13649,Male,36,Pune,24,Monthly,Basic,Fiber,UPI,804.15,17324.81,185.4,4.0,2.0,7.0,10.0,No
CUST13650,Female,64,Pune,6,Quarterly,Basic,DSL,Credit Card,835.94,4405.72,106.5,4.0,2.0,3.0,0.0,Yes
CUST13651,Female,69,Kolkata,35,Monthly,Standard,Fiber,Debit Card,1269.72,42237.43,83.9,2.0,0.0,,5.0,Yes
CUST13652,Male,31,Kolkata,9,Monthly,Basic,,Credit Card,512.5,5040.43,4.3,2.0,0.0,7.0,5.0,No
CUST13653,Female,55,Bengaluru,26,Yearly,Basic,Fiber,Debit Card,845.02,21780.53,246.7,,2.0,9.0,0.0,Yes
CUST13654,Male,70,Kochi,36,Monthly,Standard,Fiber,Debit Card,1276.64,38406.46,264.9,0.0,0.0,8.0,15.0,No
CUST13655,Male,53,Ahmedabad,19,Yearly,Basic,Fiber,UPI,881.93,13963.66,198.2,1.0,1.0,7.0,15.0,No
CUST13656,Male,57,Jaipur,23,Monthly,Basic,DSL,Credit Card,696.9,16223.82,111.0,0.0,0.0,6.0,0.0,No
CUST13657,Male,34,Bengaluru,38,Monthly,Premium,DSL,UPI,1420.68,48822.85,,1.0,1.0,5.0,10.0,No
CUST13658,Male,47,Jaipur,27,Yearly,Basic,Fiber,UPI,919.09,23615.4,299.8,4.0,1.0,6.0,5.0,No
CUST13659,Female,26,Ahmedabad,18,Monthly,Premium,Fiber,Credit Card,1658.55,25142.74,144.4,2.0,2.0,8.0,15.0,No
CUST13660,Female,50,Ahmedabad,11,Yearly,Basic,Fiber,Debit Card,925.85,9104.78,205.6,2.0,0.0,7.0,10.0,No
CUST13661,Female,69,Bengaluru,44,Monthly,Premium,Fiber,UPI,1621.72,71125.58,168.9,8.0,1.0,4.0,0.0,Yes
CUST13662,Female,42,Kolkata,23,Monthly,Standard,Fiber,Bank Transfer,1180.76,23151.48,200.3,1.0,1.0,8.0,15.0,No
CUST13663,Male,31,Kochi,13,Quarterly,Basic,DSL,Credit Card,761.65,10032.81,75.3,1.0,0.0,8.0,0.0,Yes
CUST13664,Female,28,Pune,6,Monthly,Standard,Fiber,Cash,1168.69,6890.25,147.7,2.0,0.0,8.0,0.0,No
CUST13665,Male,70,Chennai,23,Monthly,Premium,DSL,Credit Card,1428.42,29147.08,130.5,2.0,0.0,6.0,10.0,No
CUST13666,Female,52,Kochi,19,Quarterly,Basic,DSL,UPI,863.73,17036.38,124.4,2.0,2.0,7.0,0.0,No
CUST13667,Female,58,Hyderabad,11,Monthly,Standard,,Bank Transfer,853.37,9536.08,3.4,3.0,1.0,5.0,0.0,No
CUST13668,Female,31,Chennai,28,Monthly,Standard,DSL,Debit Card,1020.6,28935.05,48.3,3.0,1.0,8.0,0.0,Yes
CUST13669,Female,47,Hyderabad,11,Yearly,Standard,Fiber,Credit Card,1146.08,10344.82,222.0,1.0,0.0,6.0,15.0,Yes
CUST13670,Male,58,Jaipur,50,Yearly,Standard,DSL,Credit Card,873.94,43652.09,54.9,2.0,0.0,7.0,0.0,No
CUST13671,Female,21,Bengaluru,15,Monthly,Basic,Fiber,UPI,1066.93,15622.43,152.5,2.0,1.0,7.0,0.0,No
CUST13672,Female,21,Hyderabad,6,Monthly,Basic,Fiber,Credit Card,1075.66,7161.14,55.9,5.0,1.0,,0.0,Yes
CUST13673,Male,45,Pune,24,Quarterly,Standard,DSL,UPI,1100.22,24543.73,120.7,,0.0,7.0,5.0,No
CUST13674,Male,25,Ahmedabad,37,Monthly,Premium,DSL,Credit Card,1367.18,45023.02,116.6,,1.0,7.0,10.0,Yes
CUST13675,Female,19,Chennai,9,Monthly,Basic,Fiber,Bank Transfer,1118.77,9599.45,93.8,5.0,2.0,6.0,5.0,Yes
CUST13676,Male,58,Jaipur,32,Yearly,Standard,Fiber,Bank Transfer,1087.69,29001.63,190.7,3.0,1.0,7.0,15.0,No
CUST13677,Male,63,Kochi,35,Monthly,Basic,DSL,UPI,781.46,25322.22,162.7,2.0,1.0,7.0,10.0,Yes
CUST13678,Male,39,Bengaluru,23,Quarterly,Standard,Fiber,Bank Transfer,1062.95,22520.53,171.7,3.0,0.0,5.0,5.0,Yes
CUST13679,Female,58,Hyderabad,54,Yearly,,DSL,Credit Card,876.22,44831.25,103.9,3.0,0.0,7.0,5.0,No
CUST13680,,33,Bengaluru,12,Quarterly,Standard,Fiber,UPI,1218.57,12951.98,174.0,1.0,0.0,10.0,10.0,No
CUST13681,Female,46,Delhi,9,Yearly,Premium,Fiber,Bank Transfer,1628.72,14075.91,222.9,6.0,2.0,4.0,5.0,Yes
CUST13682,Female,66,Chennai,14,Monthly,Basic,Fiber,Credit Card,909.52,10422.16,152.4,3.0,0.0,9.0,15.0,No
CUST13683,Female,65,Jaipur,17,Monthly,Basic,DSL,UPI,869.45,11953.3,69.2,4.0,0.0,6.0,20.0,No
CUST13684,Female,47,Ahmedabad,16,Yearly,Premium,DSL,UPI,1446.16,20394.22,83.3,4.0,1.0,,10.0,No
CUST13685,Male,29,Bengaluru,11,Monthly,Basic,DSL,Credit Card,814.98,6218.91,130.8,1.0,0.0,6.0,25.0,No
CUST13686,Female,52,Bengaluru,15,Quarterly,Standard,Fiber,UPI,1137.39,15241.75,274.2,3.0,0.0,7.0,10.0,Yes
CUST13687,Male,28,Chennai,21,Monthly,Standard,DSL,Bank Transfer,1153.6,24173.35,122.5,1.0,2.0,7.0,0.0,No
CUST13688,Female,63,Chennai,33,Quarterly,Standard,Fiber,Credit Card,1310.43,40941.63,150.4,2.0,2.0,6.0,5.0,No
CUST13689,Male,67,Mumbai,25,Monthly,Basic,DSL,Credit Card,729.64,18047.16,65.8,1.0,1.0,6.0,0.0,No
CUST13690,Female,38,Jaipur,33,Monthly,Basic,Fiber,UPI,930.02,31372.92,163.7,2.0,1.0,7.0,0.0,No
CUST13691,Male,38,Jaipur,13,Monthly,Standard,Fiber,Bank Transfer,1144.1,14280.49,230.5,4.0,0.0,6.0,5.0,Yes
CUST13692,Female,22,Hyderabad,20,Quarterly,Basic,Fiber,Credit Card,882.36,17769.29,266.5,4.0,1.0,7.0,0.0,No
CUST13693,Female,65,Jaipur,16,Monthly,Standard,DSL,Credit Card,1108.98,18280.65,47.9,1.0,0.0,8.0,0.0,No
CUST13694,Male,37,Delhi,7,Quarterly,Standard,Fiber,Bank Transfer,1238.79,7557.86,186.6,2.0,0.0,7.0,5.0,No
CUST13695,Female,54,Kolkata,3,Monthly,Standard,,UPI,711.67,3174.38,0.5,2.0,0.0,8.0,0.0,No
CUST13696,Female,20,Hyderabad,13,Monthly,Basic,Fiber,Credit Card,809.02,9677.7,221.8,0.0,1.0,7.0,0.0,No
CUST13697,Female,61,Bengaluru,30,Quarterly,Premium,Fiber,Debit Card,1552.96,40216.19,203.5,1.0,1.0,8.0,15.0,Yes
CUST13698,Male,50,Jaipur,24,Monthly,Standard,Fiber,Credit Card,1217.58,26920.96,239.1,5.0,1.0,6.0,5.0,Yes
CUST13699,Female,70,Hyderabad,21,Monthly,Standard,,UPI,1126.6,20077.56,106.4,1.0,2.0,5.0,15.0,No
CUST13700,,26,Kolkata,44,Monthly,Premium,DSL,UPI,1336.89,46749.43,142.9,4.0,0.0,7.0,20.0,No
CUST13701,Male,26,Delhi,11,Quarterly,Standard,DSL,Credit Card,839.65,8614.37,152.7,2.0,0.0,7.0,15.0,No
CUST13702,Male,21,Bengaluru,26,Yearly,Premium,DSL,Cash,1616.89,40322.7,118.3,2.0,0.0,8.0,5.0,No
CUST13703,Male,52,Bengaluru,16,Monthly,Basic,Fiber,Credit Card,916.16,13049.08,112.9,2.0,1.0,7.0,,No
CUST13704,Male,34,Hyderabad,26,Monthly,Premium,,UPI,1134.59,29765.16,,2.0,1.0,7.0,0.0,No
CUST13705,Male,51,Pune,36,Monthly,Basic,Fiber,Bank Transfer,982.64,31978.45,180.6,4.0,0.0,6.0,10.0,No
CUST13706,Female,41,Delhi,8,Quarterly,Premium,,Credit Card,1369.49,10758.99,5.6,2.0,2.0,10.0,5.0,Yes
CUST13707,Female,49,Pune,31,Monthly,Premium,Fiber,Credit Card,1617.07,45017.91,130.4,1.0,2.0,7.0,10.0,No
CUST13708,Female,18,Pune,25,Quarterly,Basic,DSL,Debit Card,799.84,16649.49,87.3,2.0,1.0,5.0,15.0,No
CUST13709,Male,25,Pune,14,Monthly,Standard,DSL,Debit Card,1154.7,13463.59,96.0,3.0,1.0,5.0,10.0,No
CUST13710,Female,62,Hyderabad,3,Yearly,Standard,Fiber,Debit Card,1248.45,3198.57,76.3,2.0,1.0,7.0,10.0,No
CUST13711,Male,40,Jaipur,21,Monthly,Basic,Fiber,UPI,950.61,20030.01,153.4,2.0,2.0,6.0,0.0,Yes
CUST13712,Male,64,Hyderabad,72,Yearly,Standard,DSL,Bank Transfer,927.26,59586.1,41.4,3.0,0.0,8.0,10.0,No
CUST13713,Female,57,Hyderabad,6,Monthly,Basic,Fiber,UPI,681.67,3847.72,262.6,3.0,2.0,6.0,5.0,No
CUST13714,Male,29,Mumbai,7,Monthly,,Fiber,UPI,1668.92,11655.36,219.8,2.0,0.0,8.0,5.0,No
CUST13715,Male,29,Delhi,25,Quarterly,Basic,DSL,UPI,732.06,17431.03,52.9,3.0,0.0,6.0,5.0,No
CUST13716,Female,63,Bengaluru,7,Quarterly,Standard,DSL,Bank Transfer,1013.61,6725.99,87.3,1.0,1.0,8.0,0.0,No
CUST13717,Male,64,Pune,33,Monthly,Basic,,Debit Card,627.86,21180.98,7.8,2.0,1.0,7.0,0.0,No
CUST13718,Male,32,Mumbai,24,Yearly,Basic,Fiber,Bank Transfer,823.61,17899.59,195.8,6.0,2.0,4.0,10.0,No
CUST13719,Female,58,Delhi,9,Monthly,Standard,Fiber,Debit Card,1197.08,9791.58,206.2,1.0,1.0,6.0,10.0,Yes
CUST13720,Male,36,,11,Monthly,Standard,Fiber,UPI,1204.56,13035.77,208.9,2.0,2.0,8.0,0.0,No
CUST13721,Male,43,Delhi,6,Monthly,Basic,DSL,Credit Card,805.18,,111.9,1.0,0.0,8.0,0.0,No
CUST13722,Female,69,Mumbai,38,Monthly,Premium,,Credit Card,1277.3,43805.33,1.4,0.0,0.0,8.0,10.0,No
CUST13723,Female,46,Mumbai,39,Quarterly,Basic,,Credit Card,577.34,19322.63,4.6,4.0,1.0,5.0,15.0,No
CUST13724,Female,39,Kolkata,43,Monthly,Standard,,UPI,817.63,34799.6,1.1,1.0,1.0,7.0,0.0,No
CUST13725,Female,57,Bengaluru,13,Monthly,Standard,DSL,Bank Transfer,1019.72,12671.5,70.4,1.0,0.0,8.0,5.0,No
CUST13726,Male,38,Hyderabad,11,Monthly,Standard,,Bank Transfer,877.22,8669.4,4.3,2.0,1.0,5.0,15.0,Yes
CUST13727,Male,68,Hyderabad,22,Monthly,Basic,Fiber,Credit Card,859.96,18410.99,219.2,1.0,0.0,7.0,0.0,No
CUST13728,Female,55,Pune,35,Yearly,Standard,,Bank Transfer,783.72,27641.32,6.8,5.0,0.0,3.0,0.0,No
CUST13729,Male,37,Pune,10,Yearly,Standard,DSL,Debit Card,1152.9,9173.18,84.3,3.0,3.0,6.0,20.0,Yes
CUST13730,Male,46,Ahmedabad,9,Monthly,Basic,Fiber,UPI,846.03,8094.21,191.3,3.0,1.0,8.0,0.0,No
CUST13731,Female,68,Bengaluru,33,Monthly,Basic,Fiber,Credit Card,,26178.92,130.6,1.0,2.0,5.0,10.0,No
CUST13732,Female,21,Delhi,7,Yearly,Basic,Fiber,UPI,998.13,6668.39,237.1,5.0,1.0,5.0,5.0,Yes
CUST13733,Male,24,Delhi,25,Monthly,Basic,DSL,UPI,,17368.97,44.9,2.0,3.0,6.0,0.0,No
CUST13734,Female,45,Bengaluru,17,Monthly,Basic,DSL,UPI,775.69,13074.87,97.5,2.0,0.0,6.0,0.0,No
CUST13735,Female,45,Delhi,13,Monthly,Basic,Fiber,Cash,932.73,10990.04,202.8,1.0,0.0,7.0,5.0,No
CUST13736,Female,21,,19,Monthly,Standard,DSL,Credit Card,1042.78,18028.44,108.9,3.0,1.0,5.0,10.0,Yes
CUST13737,Male,39,Chennai,18,Yearly,Basic,Fiber,Bank Transfer,868.93,15671.31,245.0,3.0,2.0,5.0,0.0,No
CUST13738,Female,29,Pune,26,Quarterly,Basic,DSL,UPI,659.89,15063.7,100.8,1.0,1.0,7.0,10.0,No
CUST13739,Male,62,Delhi,28,Yearly,Basic,DSL,UPI,800.23,20302.88,114.8,1.0,0.0,8.0,5.0,No
CUST13740,Male,20,Kolkata,2,Monthly,Standard,,Bank Transfer,938.21,2057.9,10.8,2.0,1.0,6.0,5.0,No
CUST13741,Male,39,Delhi,46,Monthly,Basic,Fiber,Credit Card,979.7,40381.54,114.8,2.0,3.0,8.0,10.0,No
CUST13742,Female,61,Delhi,24,Yearly,Standard,,Bank Transfer,879.67,21454.21,7.2,1.0,3.0,7.0,0.0,No
CUST13743,Female,19,Chennai,32,Yearly,Standard,Fiber,UPI,1041.93,30992.89,202.6,3.0,1.0,8.0,5.0,No
CUST13744,Female,41,Bengaluru,31,Quarterly,Standard,Fiber,Cash,1261.56,37188.81,250.6,9.0,0.0,4.0,5.0,Yes
CUST13745,Female,51,Bengaluru,44,Monthly,Basic,Fiber,Credit Card,891.33,37241.72,226.8,2.0,0.0,6.0,5.0,No
CUST13746,Female,44,Hyderabad,39,Quarterly,Standard,DSL,UPI,1002.64,37042.92,100.9,2.0,1.0,7.0,5.0,No
CUST13747,Male,58,Kochi,38,Monthly,Basic,,Debit Card,602.6,21399.15,5.3,2.0,2.0,9.0,10.0,No
CUST13748,Male,18,,8,,Premium,DSL,Bank Transfer,1468.08,10650.63,31.6,2.0,0.0,6.0,10.0,Yes
CUST13749,Male,25,Bengaluru,29,Quarterly,Standard,,UPI,930.72,23426.36,5.7,3.0,1.0,7.0,10.0,Yes
CUST13750,Female,40,Ahmedabad,3,Quarterly,,Fiber,Cash,1227.27,2745.08,252.4,1.0,1.0,6.0,20.0,No
CUST13751,Male,55,Kolkata,37,Quarterly,Premium,Fiber,Debit Card,1578.65,43000.82,72.9,0.0,0.0,8.0,25.0,No
CUST13752,Male,23,Pune,16,Quarterly,Standard,Fiber,Credit Card,1172.09,17585.77,256.6,1.0,2.0,6.0,10.0,No
CUST13753,Female,39,Ahmedabad,21,Monthly,Basic,Fiber,UPI,948.9,20050.04,93.7,0.0,0.0,7.0,0.0,No
CUST13754,Female,42,Hyderabad,25,Monthly,Basic,,Credit Card,442.97,9333.12,6.5,3.0,0.0,8.0,15.0,No
CUST13755,Male,35,Mumbai,34,Quarterly,Standard,DSL,UPI,1009.87,33630.24,,2.0,2.0,8.0,0.0,No
CUST13756,Male,34,Chennai,46,Monthly,Premium,Fiber,Credit Card,1424.47,62335.74,235.9,1.0,0.0,9.0,5.0,No
CUST13757,Female,29,Chennai,47,Monthly,Premium,DSL,Bank Transfer,1483.71,66772.13,105.4,1.0,0.0,8.0,5.0,No
CUST13758,Female,23,Chennai,6,Monthly,,Fiber,Debit Card,1251.61,5928.01,217.2,2.0,2.0,5.0,25.0,Yes
CUST13759,Female,43,Chennai,21,Monthly,Standard,Fiber,Credit Card,1138.46,18206.84,164.2,3.0,0.0,7.0,25.0,No
CUST13760,Female,44,Kochi,7,Yearly,Standard,Fiber,UPI,1112.52,7336.6,233.4,10.0,1.0,4.0,15.0,Yes
CUST13761,Male,25,Jaipur,11,Monthly,Standard,DSL,Cash,1126.26,12533.62,102.8,3.0,1.0,6.0,5.0,Yes
CUST13762,Male,36,Jaipur,48,Monthly,Standard,,UPI,792.86,36208.49,5.9,0.0,3.0,8.0,5.0,No
CUST13763,Female,59,Ahmedabad,56,Quarterly,Standard,Fiber,UPI,1251.46,70376.03,202.9,1.0,1.0,7.0,0.0,No
CUST13764,Male,18,Kochi,29,Monthly,Standard,Fiber,Debit Card,1198.87,30408.97,200.6,2.0,1.0,6.0,15.0,No
CUST13765,Male,46,Bengaluru,24,Yearly,Premium,Fiber,Bank Transfer,1557.68,33143.75,208.2,2.0,0.0,8.0,10.0,Yes
CUST13766,Female,62,Mumbai,29,Monthly,Standard,Fiber,Cash,1246.41,30963.0,242.4,1.0,0.0,9.0,15.0,Yes
CUST13767,Male,66,Hyderabad,45,Yearly,Basic,DSL,Cash,752.54,33353.25,81.7,2.0,1.0,8.0,0.0,No
CUST13768,Male,52,Ahmedabad,29,Monthly,Basic,Fiber,Cash,1019.56,27902.02,102.4,0.0,0.0,9.0,5.0,No
CUST13769,Male,57,Hyderabad,8,Monthly,Premium,DSL,Credit Card,1391.19,11242.09,110.6,2.0,2.0,6.0,5.0,Yes
CUST13770,Female,31,Kolkata,19,Monthly,Premium,Fiber,UPI,1494.02,27964.47,199.5,2.0,0.0,4.0,0.0,No
CUST13771,Female,52,Bengaluru,18,Monthly,Standard,Fiber,Debit Card,1198.71,21043.16,176.4,1.0,5.0,,5.0,No
CUST13772,Male,65,Mumbai,10,Yearly,Standard,Fiber,UPI,1238.11,12077.45,188.5,1.0,0.0,7.0,0.0,No
CUST13773,Female,62,Kolkata,34,Monthly,Premium,Fiber,UPI,1584.99,40966.93,206.3,1.0,1.0,,25.0,No
CUST13774,Female,37,Mumbai,45,Quarterly,Premium,DSL,UPI,1593.87,61697.2,81.1,0.0,0.0,9.0,,No
CUST13775,Female,66,Delhi,14,Monthly,Standard,Fiber,UPI,1297.03,15889.36,211.4,2.0,2.0,6.0,10.0,No
CUST13776,Male,30,Mumbai,6,Yearly,Basic,Fiber,Credit Card,857.96,5466.73,227.5,1.0,2.0,8.0,0.0,No
CUST13777,Male,55,Delhi,14,Quarterly,Standard,DSL,Credit Card,1055.14,15326.72,78.6,1.0,2.0,5.0,0.0,No
CUST13778,Female,66,Pune,22,Monthly,Basic,,Credit Card,405.58,8706.45,12.7,3.0,1.0,8.0,0.0,No
CUST13779,Male,63,Delhi,23,Monthly,Premium,DSL,Bank Transfer,1534.13,33805.09,115.0,2.0,2.0,6.0,5.0,Yes
CUST13780,Male,66,Chennai,28,Quarterly,Basic,Fiber,Debit Card,845.56,19526.63,218.7,4.0,0.0,7.0,15.0,No
CUST13781,Male,25,Bengaluru,32,,Standard,Fiber,Cash,1215.92,40005.18,179.8,2.0,1.0,7.0,0.0,No
CUST13782,Male,60,Ahmedabad,46,Monthly,Standard,,Credit Card,,46980.38,120.1,2.0,2.0,7.0,0.0,No
CUST13783,Male,37,Delhi,38,Quarterly,Standard,DSL,UPI,930.85,35228.04,154.9,3.0,0.0,5.0,0.0,No
CUST13784,Female,50,Pune,37,Yearly,Standard,Fiber,UPI,1266.68,42113.91,214.6,0.0,0.0,7.0,10.0,No
CUST13785,Male,43,Kolkata,21,Yearly,Basic,Fiber,Debit Card,815.31,13738.05,204.9,1.0,1.0,8.0,20.0,No
CUST13786,Male,56,Mumbai,8,Quarterly,Standard,Fiber,Bank Transfer,1158.46,8101.49,282.6,3.0,0.0,7.0,15.0,No
CUST13787,Male,38,Jaipur,29,Monthly,Standard,Fiber,UPI,1268.23,35155.53,123.6,1.0,1.0,6.0,5.0,Yes
CUST13788,Female,70,Pune,32,Yearly,Basic,DSL,Bank Transfer,672.3,20958.62,127.9,3.0,1.0,7.0,0.0,No
CUST13789,Female,66,Hyderabad,37,Monthly,Premium,Fiber,Debit Card,1719.27,53446.66,183.7,2.0,0.0,6.0,15.0,No
CUST13790,Female,59,Mumbai,10,Monthly,Standard,Fiber,UPI,1121.04,12059.56,136.9,3.0,1.0,5.0,0.0,Yes
CUST13791,Male,60,Kochi,44,Yearly,Standard,Fiber,,1106.43,49261.82,82.0,2.0,2.0,6.0,0.0,No
CUST13792,Female,58,Kolkata,27,Monthly,Standard,Fiber,Debit Card,1203.72,31849.27,156.8,3.0,0.0,7.0,0.0,No
CUST13793,Female,26,Mumbai,8,Monthly,Standard,Fiber,UPI,1330.73,10311.58,299.0,3.0,1.0,5.0,5.0,Yes
CUST13794,Female,41,Delhi,5,Quarterly,Standard,Fiber,Credit Card,1199.53,6403.95,316.8,0.0,2.0,8.0,0.0,No
CUST13795,Female,54,Ahmedabad,21,Monthly,Standard,,Bank Transfer,928.51,17605.6,2.5,0.0,1.0,7.0,15.0,Yes
CUST13796,Male,66,Pune,24,Monthly,Premium,Fiber,Debit Card,1492.73,35588.1,118.8,0.0,1.0,8.0,0.0,No
CUST13797,Female,58,Kolkata,11,Monthly,Standard,DSL,UPI,1020.69,10054.24,84.0,3.0,1.0,7.0,,No
CUST13798,Female,34,Hyderabad,22,Monthly,Standard,DSL,Cash,1025.78,19545.43,130.6,2.0,0.0,9.0,15.0,No
CUST13799,Male,41,Kolkata,25,Yearly,Standard,Fiber,UPI,1099.09,25759.18,152.3,1.0,0.0,8.0,5.0,No
CUST13800,Male,38,Delhi,41,Monthly,Standard,Fiber,UPI,1072.7,43808.45,189.0,2.0,1.0,6.0,0.0,No
CUST13801,Female,68,Mumbai,21,Monthly,Standard,Fiber,Credit Card,1180.67,21939.01,182.4,3.0,2.0,5.0,10.0,Yes
CUST13802,Male,56,Pune,29,Monthly,Premium,DSL,Bank Transfer,1576.38,39038.08,90.5,0.0,1.0,6.0,15.0,No
CUST13803,Female,58,Kochi,44,Quarterly,Basic,DSL,Credit Card,767.48,32996.42,59.5,1.0,0.0,6.0,0.0,No
CUST13804,Male,56,Delhi,20,Quarterly,Basic,Fiber,Debit Card,845.36,14262.13,205.5,2.0,0.0,7.0,,No
CUST13805,,30,Hyderabad,13,Monthly,Standard,DSL,Cash,887.03,10199.51,114.8,1.0,0.0,9.0,10.0,No
CUST13806,Female,28,Pune,31,Monthly,Basic,DSL,Bank Transfer,720.24,15723.79,99.5,1.0,0.0,7.0,25.0,No
CUST13807,Male,63,Chennai,36,Quarterly,Premium,Fiber,UPI,1564.82,48037.74,183.1,2.0,0.0,6.0,15.0,Yes
CUST13808,Female,36,Ahmedabad,44,Monthly,Basic,DSL,Bank Transfer,,34692.14,87.2,1.0,1.0,7.0,0.0,No
CUST13809,Male,28,Kolkata,16,Monthly,Basic,Fiber,Bank Transfer,879.7,12646.8,183.4,2.0,0.0,9.0,5.0,Yes
CUST13810,Female,30,Bengaluru,17,Monthly,Premium,DSL,UPI,1500.54,25510.51,77.3,1.0,3.0,6.0,0.0,No
CUST13811,Male,63,Kochi,33,Monthly,Basic,Fiber,Credit Card,961.4,31038.18,202.3,2.0,0.0,8.0,0.0,Yes
CUST13812,Male,62,Kolkata,29,Yearly,Standard,DSL,Bank Transfer,1044.41,27320.18,87.2,1.0,1.0,7.0,10.0,No
CUST13813,Male,18,Ahmedabad,33,Yearly,Premium,Fiber,UPI,,42706.85,311.4,3.0,3.0,6.0,20.0,No
CUST13814,Male,57,Pune,28,Quarterly,Standard,DSL,UPI,1052.74,21853.68,170.8,2.0,0.0,8.0,25.0,Yes
CUST13815,Male,61,Ahmedabad,19,Yearly,Standard,Fiber,Bank Transfer,1060.42,20001.01,175.8,4.0,1.0,7.0,0.0,No
CUST13816,Female,36,Bengaluru,20,Quarterly,Basic,DSL,Bank Transfer,,17209.46,131.1,3.0,1.0,6.0,0.0,No
CUST13817,Male,29,Delhi,21,Yearly,Basic,Fiber,UPI,1035.78,19203.76,213.1,2.0,0.0,8.0,10.0,No
CUST13818,Female,25,Jaipur,39,Monthly,Basic,Fiber,Credit Card,904.74,34817.09,212.7,1.0,1.0,8.0,0.0,No
CUST13819,Female,25,Mumbai,40,Monthly,Basic,Fiber,Debit Card,837.38,33492.58,217.7,2.0,0.0,6.0,0.0,No
CUST13820,Female,70,Bengaluru,5,Quarterly,Standard,Fiber,Debit Card,1199.44,6305.89,221.6,4.0,1.0,6.0,15.0,Yes
CUST13821,Male,62,Kolkata,32,Quarterly,Standard,DSL,Cash,1015.2,27740.13,157.1,1.0,0.0,10.0,15.0,No
CUST13822,Female,29,Ahmedabad,41,Monthly,Standard,,Debit Card,852.19,27622.89,3.4,1.0,1.0,7.0,20.0,No
CUST13823,Male,65,Mumbai,23,Monthly,Basic,DSL,Debit Card,725.04,16140.04,110.9,2.0,0.0,7.0,5.0,No
CUST13824,Female,50,Ahmedabad,1,Monthly,Standard,DSL,Cash,877.77,1162.51,112.4,2.0,0.0,7.0,10.0,Yes
CUST13825,Female,62,Pune,25,Monthly,Basic,Fiber,,907.63,19590.5,208.8,2.0,1.0,6.0,15.0,No
CUST13826,Female,43,Chennai,16,Monthly,Basic,Fiber,UPI,1077.95,17638.55,231.5,2.0,1.0,5.0,0.0,Yes
CUST13827,Female,56,Ahmedabad,26,Monthly,Standard,DSL,Debit Card,943.11,21310.73,220.5,1.0,0.0,5.0,15.0,No
CUST13828,Female,45,Hyderabad,48,Yearly,Standard,,Credit Card,,44948.68,8.1,2.0,3.0,5.0,0.0,No
CUST13829,Male,22,Mumbai,29,Quarterly,Premium,DSL,UPI,1482.05,36468.25,122.1,0.0,0.0,8.0,15.0,No
CUST13830,Female,25,,49,Yearly,Premium,Fiber,Credit Card,1526.48,63998.41,281.7,2.0,1.0,7.0,15.0,Yes
CUST13831,Female,42,Hyderabad,11,Yearly,Standard,Fiber,Debit Card,1092.53,10795.7,202.6,2.0,1.0,6.0,0.0,No
CUST13832,Male,44,Chennai,38,Monthly,Standard,Fiber,Bank Transfer,1221.01,40462.34,129.5,1.0,1.0,7.0,10.0,No
CUST13833,Male,63,Ahmedabad,34,Monthly,Basic,Fiber,UPI,928.87,31282.76,153.3,2.0,0.0,6.0,0.0,No
CUST13834,Male,40,Ahmedabad,22,Monthly,Basic,DSL,Debit Card,629.34,12289.36,46.9,2.0,1.0,5.0,10.0,Yes
CUST13835,Female,47,Chennai,4,Yearly,Premium,Fiber,UPI,1674.11,6373.93,252.2,4.0,2.0,6.0,10.0,Yes
CUST13836,Female,62,Kolkata,21,Monthly,Basic,DSL,Debit Card,710.45,13187.39,120.1,0.0,1.0,8.0,10.0,No
CUST13837,Female,64,Mumbai,13,Quarterly,Standard,,Debit Card,889.42,9257.86,5.5,1.0,0.0,9.0,25.0,No
CUST13838,Female,40,Bengaluru,5,Monthly,Basic,DSL,Cash,806.26,4103.35,113.3,4.0,0.0,8.0,0.0,No
CUST13839,Female,66,Jaipur,14,Yearly,Basic,,UPI,621.67,7878.15,6.4,3.0,3.0,7.0,5.0,No
CUST13840,Female,64,Bengaluru,30,Monthly,Standard,Fiber,Credit Card,1120.84,,107.0,1.0,1.0,8.0,20.0,No
CUST13841,Male,37,Mumbai,25,Yearly,Basic,,UPI,710.92,16134.38,5.7,2.0,0.0,6.0,10.0,No
CUST13842,Male,35,Pune,21,Monthly,Standard,Fiber,Debit Card,1126.34,18273.29,154.1,2.0,0.0,7.0,20.0,No
CUST13843,Female,35,Hyderabad,9,Monthly,Basic,DSL,Bank Transfer,821.56,7406.73,143.1,1.0,0.0,7.0,5.0,No
CUST13844,Female,19,Jaipur,3,Quarterly,Standard,Fiber,Cash,1160.06,3340.05,158.0,6.0,0.0,5.0,15.0,No
CUST13845,Female,21,Delhi,11,Yearly,Standard,Fiber,Credit Card,1204.16,9958.1,146.1,0.0,1.0,8.0,20.0,No
CUST13846,Female,47,Bengaluru,18,Monthly,Standard,Fiber,Bank Transfer,1190.02,18260.93,134.8,1.0,0.0,,15.0,No
CUST13847,Female,50,Delhi,13,Yearly,Standard,Fiber,UPI,1237.36,,277.2,0.0,0.0,9.0,20.0,No
CUST13848,Male,53,Chennai,17,Quarterly,Basic,,UPI,633.84,9942.75,,3.0,0.0,7.0,0.0,No
CUST13849,Male,35,Delhi,51,Quarterly,Standard,DSL,Bank Transfer,1001.02,49027.17,77.7,2.0,3.0,6.0,5.0,No
CUST13850,Female,54,Chennai,22,Monthly,Standard,Fiber,UPI,1129.84,24512.26,293.1,2.0,2.0,7.0,0.0,No
CUST13851,Male,36,Jaipur,40,Monthly,Premium,Fiber,UPI,1434.99,56967.02,291.4,1.0,2.0,8.0,0.0,No
CUST13852,Female,64,Jaipur,12,Monthly,Basic,DSL,Credit Card,764.42,8572.34,167.1,4.0,0.0,8.0,5.0,Yes
CUST13853,Female,45,Mumbai,12,Yearly,Basic,Fiber,Credit Card,886.47,8327.85,193.7,4.0,0.0,6.0,25.0,No
CUST13854,Female,57,Hyderabad,7,Yearly,Basic,DSL,UPI,758.7,5278.38,36.4,5.0,1.0,5.0,10.0,No
CUST13855,Male,37,Chennai,23,Quarterly,Basic,Fiber,Bank Transfer,891.88,18268.81,186.0,1.0,1.0,7.0,15.0,No
CUST13856,Male,66,Kochi,10,Monthly,Basic,DSL,Credit Card,810.71,6039.05,78.1,1.0,0.0,9.0,20.0,No
CUST13857,Female,50,Kochi,67,Monthly,Basic,,Credit Card,509.49,34319.27,5.5,2.0,4.0,6.0,0.0,No
CUST13858,Male,29,Mumbai,19,Yearly,Standard,Fiber,UPI,1227.93,23671.64,254.0,2.0,1.0,,0.0,No
CUST13859,Male,68,Kolkata,20,Monthly,Premium,Fiber,Credit Card,1597.45,32191.38,281.7,2.0,1.0,7.0,0.0,Yes
CUST13860,Female,32,Delhi,17,Yearly,Basic,,Bank Transfer,473.12,6748.95,5.4,3.0,1.0,6.0,10.0,No
CUST13861,Male,58,Bengaluru,13,Monthly,Premium,,Cash,1195.09,15664.49,1.5,2.0,1.0,6.0,0.0,No
CUST13862,Male,56,Bengaluru,41,Monthly,Premium,,Cash,1323.61,46288.56,3.8,2.0,0.0,,15.0,No
CUST13863,Female,19,Hyderabad,26,Yearly,Premium,DSL,Credit Card,1515.91,39099.58,74.5,0.0,0.0,7.0,0.0,No
CUST13864,Female,46,Hyderabad,5,Monthly,Premium,Fiber,Cash,1659.11,8537.24,253.5,2.0,0.0,7.0,0.0,No
CUST13865,Male,58,Bengaluru,5,Monthly,Standard,Fiber,UPI,1186.49,5740.14,210.3,4.0,0.0,7.0,5.0,Yes
CUST13866,Female,27,Pune,7,Yearly,Standard,Fiber,UPI,1020.54,5753.08,60.3,2.0,1.0,8.0,10.0,No
CUST13867,Male,19,Delhi,8,Quarterly,Standard,DSL,Bank Transfer,916.89,6184.8,152.1,1.0,1.0,7.0,20.0,No
CUST13868,Female,68,Chennai,16,Quarterly,Standard,Fiber,UPI,1178.97,14204.86,217.3,2.0,0.0,9.0,25.0,No
CUST13869,Female,28,Delhi,37,Quarterly,Premium,DSL,UPI,1328.58,38380.46,66.8,4.0,0.0,6.0,,Yes
CUST13870,Female,30,Mumbai,22,Monthly,Standard,,Cash,941.58,20564.82,0.5,3.0,0.0,6.0,0.0,No
CUST13871,Female,27,Hyderabad,7,Monthly,Basic,,Bank Transfer,485.27,3119.03,3.9,2.0,1.0,5.0,10.0,Yes
CUST13872,Male,31,Mumbai,11,Monthly,Standard,Fiber,UPI,1178.03,,191.2,2.0,0.0,7.0,,No
CUST13873,Female,35,Chennai,5,Monthly,Standard,Fiber,Bank Transfer,1338.82,6850.32,124.6,2.0,2.0,5.0,0.0,No
CUST13874,Female,68,Mumbai,19,Monthly,Premium,DSL,Bank Transfer,1532.45,26061.06,44.7,1.0,1.0,9.0,10.0,No
CUST13875,Female,26,Hyderabad,35,Quarterly,,Fiber,Cash,927.71,31359.06,91.3,2.0,0.0,6.0,5.0,No
CUST13876,Male,56,Bengaluru,65,Monthly,Standard,DSL,Debit Card,1067.69,69535.4,82.7,4.0,1.0,7.0,0.0,Yes
CUST13877,Male,45,Pune,10,Quarterly,Basic,DSL,Bank Transfer,689.51,7847.01,118.6,4.0,1.0,6.0,0.0,No
CUST13878,Female,20,Kolkata,27,Monthly,Premium,Fiber,Bank Transfer,1660.9,32912.28,241.7,2.0,0.0,6.0,25.0,No
CUST13879,Female,37,Bengaluru,57,Monthly,Basic,Fiber,Debit Card,917.02,47203.05,213.8,2.0,0.0,5.0,10.0,No
CUST13880,Female,23,Hyderabad,36,Monthly,Premium,Fiber,Debit Card,1589.16,57218.12,158.2,4.0,0.0,7.0,0.0,No
CUST13881,Female,44,Bengaluru,34,Yearly,Basic,DSL,Debit Card,801.28,22005.11,103.6,1.0,0.0,7.0,20.0,No
CUST13882,Female,70,Chennai,26,Monthly,Basic,Fiber,Credit Card,952.72,20470.87,191.5,1.0,0.0,5.0,20.0,No
CUST13883,Female,19,Mumbai,47,Quarterly,Basic,DSL,Cash,672.3,26142.01,89.5,1.0,1.0,9.0,15.0,No
CUST13884,Male,46,Chennai,12,Quarterly,Basic,,Credit Card,623.34,7036.04,7.9,3.0,1.0,7.0,10.0,Yes
CUST13885,Female,55,,28,Monthly,Standard,Fiber,UPI,1193.16,31906.54,211.1,3.0,0.0,5.0,5.0,No
CUST13886,Female,20,Jaipur,18,Monthly,Basic,,Bank Transfer,556.66,9064.03,6.1,1.0,0.0,6.0,5.0,No
CUST13887,Female,33,Chennai,13,Yearly,Standard,DSL,UPI,944.75,12262.04,82.1,2.0,1.0,8.0,5.0,No
CUST13888,Female,47,Chennai,8,Monthly,Basic,DSL,Debit Card,647.18,4172.28,77.3,2.0,2.0,5.0,20.0,No
CUST13889,,57,Hyderabad,65,Monthly,Premium,Fiber,UPI,1483.61,81598.06,193.5,3.0,,7.0,15.0,No
CUST13890,Female,19,Kochi,10,Quarterly,Basic,Fiber,Debit Card,1091.44,11128.72,180.5,3.0,0.0,7.0,0.0,Yes
CUST13891,Male,34,Kolkata,24,Quarterly,Standard,Fiber,Cash,1381.47,30317.67,112.7,1.0,0.0,7.0,10.0,No
CUST13892,Male,58,Delhi,28,Monthly,Standard,Fiber,Bank Transfer,1063.86,26968.05,160.8,0.0,1.0,7.0,10.0,No
CUST13893,Male,29,Ahmedabad,8,Monthly,Premium,Fiber,UPI,1478.85,9842.54,273.1,0.0,1.0,6.0,15.0,No
CUST13894,Male,52,Hyderabad,30,Monthly,Premium,DSL,Cash,1409.02,41873.5,125.2,4.0,1.0,6.0,0.0,Yes
CUST13895,Male,60,Ahmedabad,50,Monthly,Premium,Fiber,Credit Card,1688.57,75578.8,231.7,0.0,0.0,10.0,10.0,No
CUST13896,Male,18,Ahmedabad,34,Monthly,Basic,,Credit Card,600.02,20798.11,7.1,2.0,0.0,6.0,0.0,No
CUST13897,Female,62,Mumbai,20,Monthly,Premium,DSL,Credit Card,1623.4,32939.6,49.6,4.0,0.0,5.0,0.0,Yes
CUST13898,Female,32,Pune,23,Monthly,Standard,Fiber,Cash,1175.64,24209.97,262.6,5.0,2.0,6.0,10.0,Yes
CUST13899,Female,43,Delhi,19,Yearly,Premium,Fiber,UPI,1544.21,30507.45,139.7,3.0,1.0,4.0,0.0,Yes
CUST13900,Female,54,Delhi,14,Quarterly,Basic,,Debit Card,554.47,6867.18,7.3,,0.0,6.0,10.0,No
CUST13901,Female,38,Delhi,9,Yearly,Premium,DSL,Credit Card,1436.1,12887.45,139.7,5.0,1.0,6.0,0.0,Yes
CUST13902,Female,66,Kolkata,16,Monthly,Standard,Fiber,UPI,1197.82,14176.04,256.6,5.0,0.0,5.0,25.0,No
CUST13903,Male,48,Mumbai,25,Monthly,Standard,,Cash,858.55,18185.55,6.9,0.0,1.0,8.0,15.0,No
CUST13904,Female,42,Bengaluru,52,Monthly,Standard,Fiber,Debit Card,1369.6,71199.9,172.7,2.0,0.0,8.0,0.0,No
CUST13905,Male,40,Kolkata,18,Yearly,Standard,DSL,Bank Transfer,1059.62,17456.11,69.0,2.0,1.0,7.0,10.0,No
CUST13906,Male,41,Mumbai,18,Monthly,Standard,Fiber,UPI,1114.94,19971.67,159.6,2.0,0.0,6.0,0.0,No
CUST13907,Female,55,Bengaluru,13,Monthly,Standard,Fiber,Bank Transfer,1176.76,14071.33,146.7,1.0,0.0,7.0,10.0,No
CUST13908,Female,45,Mumbai,56,Monthly,Standard,Fiber,Bank Transfer,1258.05,69652.34,115.0,2.0,2.0,6.0,0.0,No
CUST13909,Female,38,Delhi,20,Monthly,Standard,,Credit Card,898.03,17648.58,10.3,9.0,1.0,4.0,0.0,Yes
CUST13910,Female,60,Hyderabad,34,Monthly,Standard,,Debit Card,893.67,22628.42,6.8,1.0,0.0,9.0,25.0,No
CUST13911,Female,35,Bengaluru,30,Monthly,Basic,Fiber,Cash,764.08,22794.92,249.7,3.0,0.0,7.0,,No
CUST13912,Female,53,Kochi,36,Monthly,,Fiber,Bank Transfer,1475.24,46881.07,86.7,3.0,0.0,6.0,10.0,No
CUST13913,Female,52,Kolkata,36,Quarterly,Standard,Fiber,Credit Card,1189.49,43269.13,177.2,3.0,1.0,7.0,0.0,No
CUST13914,Male,62,Delhi,18,Monthly,Basic,Fiber,Debit Card,935.69,14423.74,185.8,3.0,0.0,7.0,10.0,No
CUST13915,Female,26,Delhi,15,Quarterly,Standard,Fiber,Bank Transfer,1133.52,16686.96,144.2,1.0,1.0,6.0,0.0,No
CUST13916,Female,70,Hyderabad,56,Monthly,Basic,Fiber,UPI,1019.54,57080.22,135.2,2.0,0.0,8.0,0.0,No
CUST13917,Male,55,Pune,15,Monthly,Basic,Fiber,Debit Card,943.26,15169.94,185.6,2.0,0.0,,0.0,No
CUST13918,Female,47,Bengaluru,22,Monthly,Standard,Fiber,Cash,1158.55,25461.61,141.7,2.0,4.0,6.0,0.0,Yes
CUST13919,Female,61,Mumbai,13,Monthly,Standard,DSL,Cash,1272.42,13457.37,150.7,1.0,2.0,8.0,20.0,No
CUST13920,,51,Ahmedabad,35,Monthly,Basic,DSL,Bank Transfer,712.76,19215.25,75.1,1.0,0.0,9.0,20.0,No
CUST13921,Female,49,Mumbai,17,Monthly,Basic,DSL,UPI,720.45,9380.61,127.2,2.0,0.0,6.0,20.0,No
CUST13922,Female,20,Delhi,14,Quarterly,Premium,DSL,Cash,1416.72,19486.2,46.5,3.0,1.0,5.0,0.0,No
CUST13923,Female,20,Jaipur,23,Monthly,Basic,Fiber,Debit Card,903.34,20510.0,161.6,1.0,0.0,10.0,0.0,No
CUST13924,Female,45,Pune,48,Monthly,Basic,Fiber,UPI,814.02,35674.1,243.0,2.0,0.0,9.0,10.0,No
CUST13925,Female,61,Delhi,12,Monthly,Premium,DSL,Debit Card,1508.97,13306.42,125.1,1.0,0.0,8.0,25.0,No
CUST13926,Female,32,Pune,38,Monthly,Basic,DSL,Bank Transfer,819.99,28347.9,105.1,2.0,1.0,6.0,10.0,Yes
CUST13927,Male,58,Bengaluru,13,Monthly,Standard,Fiber,UPI,1253.37,15908.5,16.3,2.0,2.0,6.0,0.0,No
CUST13928,Female,40,Kolkata,4,Yearly,Basic,Fiber,Cash,863.75,2796.98,180.1,0.0,1.0,7.0,15.0,No
CUST13929,Female,57,Hyderabad,24,Monthly,Standard,,Cash,814.11,18339.14,3.1,2.0,2.0,7.0,0.0,Yes
CUST13930,Male,28,Ahmedabad,11,Monthly,Standard,DSL,UPI,1099.05,9636.19,101.8,4.0,1.0,6.0,20.0,No
CUST13931,Male,65,Kochi,14,Quarterly,Premium,DSL,Cash,1467.25,15399.22,114.7,3.0,0.0,7.0,25.0,No
CUST13932,Female,49,Jaipur,10,Quarterly,Standard,DSL,Cash,985.85,7296.85,121.2,1.0,2.0,6.0,25.0,No
CUST13933,Male,53,Jaipur,60,Yearly,,Fiber,,1038.07,63266.9,,4.0,2.0,7.0,0.0,No
CUST13934,Female,50,Chennai,1,Yearly,Premium,Fiber,UPI,1568.42,1457.39,136.2,3.0,0.0,7.0,5.0,Yes
CUST13935,Female,41,Delhi,24,Quarterly,Premium,,Credit Card,1291.76,26540.77,6.5,4.0,3.0,6.0,10.0,Yes
CUST13936,Male,56,Hyderabad,18,Yearly,Basic,,Credit Card,939.59,16302.86,226.5,3.0,1.0,4.0,0.0,No
CUST13937,Female,51,Pune,9,Monthly,Premium,Fiber,Bank Transfer,,12622.54,171.6,2.0,0.0,5.0,5.0,No
CUST13938,Female,45,Jaipur,22,Quarterly,Standard,DSL,Credit Card,1116.98,22076.42,82.5,2.0,0.0,6.0,10.0,Yes
CUST13939,Male,54,Mumbai,39,Yearly,Standard,Fiber,Cash,1348.08,52168.66,198.3,2.0,0.0,8.0,0.0,No
CUST13940,Male,24,Jaipur,26,Quarterly,Standard,DSL,Cash,1021.91,26059.03,158.2,0.0,1.0,7.0,0.0,No
CUST13941,Male,21,Ahmedabad,44,Yearly,Standard,Fiber,Credit Card,1183.72,52776.52,198.9,5.0,1.0,4.0,0.0,No
CUST13942,Male,54,Kochi,64,Monthly,Basic,DSL,Credit Card,708.14,34485.61,52.9,1.0,1.0,8.0,25.0,No
CUST13943,Female,18,Jaipur,19,Monthly,Standard,DSL,Debit Card,1021.75,17063.85,67.8,1.0,2.0,6.0,15.0,No
CUST13944,Male,18,Mumbai,14,Yearly,Standard,Fiber,Debit Card,1296.92,15119.24,226.7,5.0,0.0,6.0,15.0,No
CUST13945,Male,64,Bengaluru,63,Monthly,Basic,Fiber,Credit Card,837.25,53096.85,293.7,2.0,0.0,6.0,0.0,No
CUST13946,Male,37,Bengaluru,29,Quarterly,Standard,Fiber,UPI,1219.38,30542.17,119.7,4.0,0.0,6.0,10.0,No
CUST13947,Male,36,Delhi,21,Monthly,Premium,Fiber,UPI,1578.0,32930.24,225.3,2.0,0.0,9.0,0.0,No
CUST13948,Male,46,Pune,49,Quarterly,Standard,Fiber,UPI,1215.26,53317.26,227.4,2.0,0.0,8.0,10.0,No
CUST13949,Female,27,Ahmedabad,5,Yearly,Standard,Fiber,Cash,1177.12,5171.39,157.4,2.0,2.0,6.0,10.0,No
CUST13950,Male,35,Jaipur,20,Monthly,Premium,DSL,UPI,1515.66,25823.9,120.0,3.0,0.0,6.0,15.0,No
CUST13951,Female,45,Pune,20,Monthly,Standard,DSL,UPI,1133.27,22579.8,5.1,1.0,0.0,8.0,0.0,No
CUST13952,Male,52,Bengaluru,44,Monthly,Basic,Fiber,Debit Card,929.92,40352.7,209.5,1.0,0.0,8.0,0.0,No
CUST13953,Male,60,Mumbai,45,Yearly,Standard,Fiber,,1182.76,42207.17,141.0,0.0,0.0,8.0,20.0,No
CUST13954,Male,64,Bengaluru,59,Quarterly,Basic,Fiber,UPI,962.94,45709.88,95.5,4.0,0.0,8.0,20.0,No
CUST13955,Male,48,Delhi,13,Monthly,Standard,DSL,Debit Card,990.06,12404.53,30.5,0.0,0.0,8.0,5.0,No
CUST13956,Male,44,Hyderabad,33,Monthly,Premium,Fiber,Debit Card,1634.36,54730.28,270.1,2.0,2.0,6.0,0.0,No
CUST13957,Male,28,Bengaluru,6,Yearly,Standard,Fiber,UPI,1158.84,6761.58,165.0,4.0,0.0,8.0,5.0,No
CUST13958,Male,66,Delhi,24,Yearly,Standard,Fiber,Credit Card,1217.2,28496.16,243.4,,0.0,7.0,5.0,No
CUST13959,Male,66,Mumbai,13,Monthly,Standard,,Credit Card,773.22,7820.26,4.2,1.0,2.0,7.0,15.0,Yes
CUST13960,Female,55,Pune,19,Monthly,Basic,DSL,Debit Card,844.7,14739.72,124.3,2.0,0.0,6.0,10.0,No
CUST13961,Male,22,Hyderabad,54,Quarterly,Standard,DSL,Bank Transfer,949.45,51649.07,56.7,2.0,0.0,6.0,,No
CUST13962,Female,25,Hyderabad,13,Monthly,Standard,Fiber,UPI,1189.71,14162.04,127.3,1.0,0.0,7.0,10.0,No
CUST13963,Male,51,Hyderabad,9,Yearly,Basic,Fiber,Credit Card,781.84,6436.24,225.8,2.0,1.0,7.0,0.0,No
CUST13964,Female,65,Kochi,36,Monthly,Premium,Fiber,Bank Transfer,1693.0,61106.72,228.8,1.0,1.0,7.0,0.0,Yes
CUST13965,Male,69,Mumbai,3,Quarterly,Basic,,Cash,674.33,1741.31,4.1,6.0,1.0,6.0,5.0,Yes
CUST13966,Male,29,Chennai,16,Monthly,Premium,Fiber,Bank Transfer,1504.72,24364.75,264.7,1.0,2.0,6.0,0.0,No
CUST13967,Male,55,Kolkata,3,Yearly,Standard,Fiber,Credit Card,1225.94,3082.7,239.5,0.0,1.0,8.0,15.0,No
CUST13968,Female,18,Chennai,7,Monthly,Standard,Fiber,Debit Card,1176.33,7538.12,156.5,2.0,1.0,5.0,5.0,No
CUST13969,Female,48,Jaipur,3,Monthly,Basic,DSL,Debit Card,790.97,3276.43,96.8,0.0,0.0,10.0,10.0,No
CUST13970,Female,21,Delhi,31,,Basic,Fiber,Bank Transfer,1026.11,28256.81,136.4,6.0,0.0,5.0,10.0,No
CUST13971,Female,66,,24,Yearly,Premium,Fiber,Bank Transfer,1630.83,29494.64,161.5,4.0,1.0,4.0,25.0,No
CUST13972,Male,62,Bengaluru,6,Monthly,Standard,,Credit Card,788.75,4061.92,2.4,1.0,1.0,7.0,20.0,No
CUST13973,Male,67,Chennai,5,Monthly,Premium,Fiber,UPI,1544.76,6418.57,183.2,0.0,2.0,8.0,15.0,No
CUST13974,Male,22,Delhi,15,Monthly,Standard,DSL,Credit Card,1021.69,15128.67,56.5,1.0,1.0,8.0,5.0,No
CUST13975,Female,47,Mumbai,21,Monthly,Premium,Fiber,,1541.78,32808.99,202.9,3.0,2.0,7.0,0.0,No
CUST13976,Male,41,Chennai,69,Monthly,Premium,DSL,Cash,1510.82,92978.56,73.0,2.0,2.0,7.0,10.0,No
CUST13977,Female,20,Chennai,3,Monthly,Standard,Fiber,UPI,1267.64,3922.24,136.2,1.0,0.0,8.0,5.0,Yes
CUST13978,Female,28,Bengaluru,8,Quarterly,Standard,Fiber,UPI,1300.77,11292.6,119.8,1.0,2.0,8.0,0.0,No
CUST13979,Female,62,Pune,42,Quarterly,Premium,DSL,Bank Transfer,,59091.83,153.7,6.0,1.0,5.0,0.0,Yes
CUST13980,Female,21,Pune,40,Yearly,Basic,Fiber,UPI,992.34,37020.22,194.0,5.0,0.0,5.0,5.0,No
CUST13981,Female,43,Mumbai,32,Yearly,Premium,,UPI,1384.66,39727.13,6.2,4.0,1.0,6.0,10.0,No
CUST13982,Male,44,Hyderabad,32,Monthly,Standard,DSL,Credit Card,943.88,27167.67,123.3,1.0,1.0,6.0,10.0,No
CUST13983,Female,63,Kolkata,26,Quarterly,Standard,DSL,Debit Card,1011.02,22359.27,135.0,5.0,0.0,7.0,15.0,Yes
CUST13984,Female,60,Chennai,27,Monthly,Basic,Fiber,Credit Card,891.35,23386.73,212.5,5.0,1.0,7.0,5.0,No
CUST13985,Male,44,Delhi,23,Monthly,Standard,DSL,Credit Card,1115.78,25315.94,,6.0,2.0,6.0,0.0,Yes
CUST13986,Female,59,Delhi,26,Monthly,Basic,DSL,UPI,857.21,21438.59,38.8,2.0,2.0,5.0,5.0,No
CUST13987,Female,68,Pune,22,Monthly,Premium,DSL,Debit Card,1311.56,22026.07,56.3,,1.0,7.0,25.0,Yes
CUST13988,Male,67,Jaipur,71,Monthly,Standard,Fiber,Credit Card,1146.43,81447.75,151.1,1.0,1.0,7.0,0.0,No
CUST13989,Male,23,Pune,26,Monthly,Basic,,Bank Transfer,641.64,15536.49,3.7,3.0,1.0,7.0,5.0,No
CUST13990,Male,32,Bengaluru,10,Quarterly,Premium,Fiber,Credit Card,1531.84,14740.04,127.5,2.0,1.0,8.0,0.0,No
CUST13991,Female,70,Hyderabad,8,Monthly,Standard,Fiber,Credit Card,,9342.89,201.6,5.0,3.0,3.0,0.0,Yes
CUST13992,Male,47,Jaipur,25,Quarterly,Premium,,Debit Card,1295.88,30042.2,7.1,1.0,0.0,8.0,5.0,No
CUST13993,Male,59,Bengaluru,16,Monthly,Standard,DSL,UPI,1112.18,15210.6,75.3,2.0,0.0,5.0,10.0,Yes
CUST13994,Male,54,Kochi,2,Monthly,Standard,Fiber,UPI,1263.2,3162.39,165.2,5.0,2.0,5.0,5.0,No
CUST13995,Female,54,Kochi,28,Monthly,Standard,,Bank Transfer,815.87,22753.76,4.3,3.0,0.0,8.0,0.0,No
CUST13996,Male,59,Bengaluru,12,Monthly,Standard,Fiber,UPI,1178.73,13751.61,164.6,0.0,1.0,9.0,10.0,No
CUST13997,Female,54,Jaipur,25,Monthly,Basic,Fiber,Debit Card,872.37,21993.49,211.2,3.0,0.0,8.0,0.0,No
CUST13998,Female,52,Delhi,22,Quarterly,Basic,DSL,UPI,768.02,16128.22,,6.0,0.0,5.0,0.0,Yes
CUST13999,Male,40,Ahmedabad,16,Quarterly,Premium,Fiber,Bank Transfer,1429.51,22773.11,191.6,4.0,1.0,5.0,0.0,No
CUST14000,Female,23,Hyderabad,10,Monthly,Standard,,Cash,888.59,7865.99,2.4,3.0,0.0,6.0,15.0,No
CUST14001,Female,21,Hyderabad,25,Monthly,Premium,DSL,Credit Card,1587.8,39850.49,87.4,1.0,1.0,7.0,0.0,Yes
CUST14002,Male,35,Pune,23,Yearly,Basic,Fiber,Credit Card,915.79,20844.88,186.2,3.0,3.0,7.0,0.0,Yes
CUST14003,Female,26,Kolkata,13,Monthly,Premium,DSL,Credit Card,1440.21,18230.86,88.1,4.0,3.0,5.0,5.0,Yes
CUST14004,Male,66,Bengaluru,28,Monthly,Standard,Fiber,Bank Transfer,1205.88,29861.69,119.6,3.0,0.0,6.0,10.0,Yes
CUST14005,Female,46,Chennai,17,Monthly,Standard,Fiber,UPI,1242.45,18039.13,211.9,0.0,0.0,8.0,15.0,No
CUST14006,Female,30,Mumbai,21,Quarterly,Standard,,,941.47,18188.17,8.2,,0.0,8.0,10.0,No
CUST14007,Male,64,Delhi,12,Quarterly,Premium,DSL,Debit Card,1444.57,14546.75,125.6,3.0,1.0,6.0,15.0,No
CUST14008,Male,69,Delhi,31,Quarterly,Standard,Fiber,Credit Card,1186.65,37032.61,210.1,0.0,1.0,9.0,,No
CUST14009,Female,34,Hyderabad,46,Monthly,Standard,Fiber,UPI,1090.09,40050.11,204.6,2.0,1.0,8.0,20.0,No
CUST14010,Female,62,Delhi,21,Monthly,Basic,Fiber,UPI,903.75,18127.71,101.8,2.0,0.0,7.0,5.0,No
CUST14011,Male,49,Bengaluru,27,Monthly,Standard,Fiber,Bank Transfer,1103.85,,102.3,4.0,0.0,6.0,0.0,Yes
CUST14012,Female,65,Bengaluru,4,Quarterly,Premium,,UPI,1406.21,4913.04,85.6,5.0,1.0,5.0,10.0,No
CUST14013,Female,39,Bengaluru,18,Yearly,Basic,Fiber,Debit Card,970.2,16410.07,191.1,4.0,1.0,6.0,10.0,Yes
CUST14014,Female,21,Hyderabad,31,Monthly,Standard,Fiber,Credit Card,1281.67,39858.8,251.9,4.0,0.0,7.0,0.0,Yes
CUST14015,Female,22,Kochi,32,Monthly,Basic,DSL,UPI,787.06,19164.65,117.4,1.0,0.0,7.0,25.0,No
CUST14016,Male,54,Bengaluru,19,Monthly,,Fiber,Credit Card,1697.16,29587.89,,3.0,0.0,7.0,10.0,No
CUST14017,Male,58,Kochi,8,Monthly,Premium,Fiber,Bank Transfer,1468.0,11451.04,128.5,2.0,0.0,7.0,5.0,No
CUST14018,Male,66,Kolkata,36,Monthly,Standard,,Debit Card,980.24,33047.95,12.9,0.0,0.0,9.0,5.0,No
CUST14019,Male,30,Pune,38,Monthly,Basic,Fiber,Bank Transfer,832.09,31979.88,239.1,4.0,0.0,7.0,0.0,No
CUST14020,Male,51,Pune,30,Yearly,Standard,DSL,Debit Card,1074.06,24292.67,144.3,3.0,0.0,7.0,25.0,No
CUST14021,Male,62,Ahmedabad,22,Monthly,Basic,Fiber,Debit Card,846.76,16414.22,142.9,2.0,0.0,7.0,10.0,No
CUST14022,Female,39,Bengaluru,8,Monthly,Standard,Fiber,Credit Card,1224.8,9388.78,96.5,0.0,0.0,8.0,10.0,No
CUST14023,Male,70,Hyderabad,51,Monthly,Basic,Fiber,Cash,901.43,40860.84,184.6,3.0,2.0,6.0,10.0,No
CUST14024,Female,40,Pune,27,Monthly,Standard,Fiber,Credit Card,1291.0,29352.21,261.5,2.0,0.0,7.0,15.0,No
CUST14025,Female,68,Chennai,11,Monthly,Basic,Fiber,Debit Card,1097.2,10652.09,203.8,3.0,1.0,5.0,10.0,Yes
CUST14026,Female,20,Ahmedabad,5,Quarterly,Basic,Fiber,Debit Card,970.55,4214.9,105.3,0.0,0.0,8.0,0.0,No
CUST14027,Male,59,Bengaluru,4,Monthly,Basic,Fiber,Credit Card,890.44,3196.51,176.3,2.0,0.0,7.0,10.0,No
CUST14028,Female,51,Pune,25,Yearly,Standard,Fiber,UPI,1322.63,,124.5,1.0,2.0,8.0,10.0,No
CUST14029,Male,49,Chennai,39,Monthly,Standard,Fiber,UPI,1064.24,31242.22,198.1,1.0,0.0,7.0,25.0,No
CUST14030,Female,62,Delhi,38,Monthly,Basic,,Bank Transfer,503.55,18084.69,4.9,4.0,0.0,5.0,10.0,Yes
CUST14031,Female,68,Delhi,11,Monthly,Standard,DSL,UPI,1031.53,11327.19,106.7,4.0,1.0,7.0,0.0,Yes
CUST14032,Male,66,Pune,48,Quarterly,Premium,DSL,Credit Card,1427.81,68775.87,185.5,2.0,1.0,6.0,0.0,No
CUST14033,Female,38,Jaipur,51,Monthly,Basic,DSL,Cash,690.88,33463.45,85.5,1.0,0.0,7.0,5.0,No
CUST14034,Female,63,Hyderabad,37,Monthly,Premium,Fiber,Debit Card,1655.68,54976.34,245.7,2.0,0.0,7.0,10.0,No
CUST14035,Female,61,Ahmedabad,5,Monthly,Standard,DSL,UPI,1049.83,5614.41,76.9,1.0,4.0,,0.0,Yes
CUST14036,Female,38,Hyderabad,15,Yearly,Basic,DSL,Bank Transfer,739.07,9508.02,106.5,1.0,0.0,10.0,10.0,No
CUST14037,Male,61,Bengaluru,20,Monthly,Standard,Fiber,UPI,1312.75,22815.19,249.9,3.0,0.0,6.0,15.0,Yes
CUST14038,Female,28,,35,Monthly,Standard,Fiber,Debit Card,1164.29,40363.22,124.4,4.0,2.0,6.0,0.0,Yes
CUST14039,,56,Bengaluru,37,Monthly,Standard,Fiber,Credit Card,1282.21,43371.73,,3.0,3.0,6.0,10.0,Yes
CUST14040,Male,21,Delhi,27,Monthly,Basic,Fiber,UPI,878.08,23524.46,127.3,0.0,2.0,8.0,0.0,No
CUST14041,Female,68,Delhi,22,Monthly,Premium,Fiber,UPI,1579.81,34343.39,153.1,2.0,0.0,6.0,0.0,No
CUST14042,Female,18,Kolkata,19,Monthly,Standard,,UPI,789.16,15044.94,4.5,1.0,1.0,8.0,0.0,No
CUST14043,Female,45,Kolkata,24,Quarterly,Standard,DSL,UPI,933.58,19378.94,57.1,2.0,0.0,5.0,10.0,No
CUST14044,Female,41,Bengaluru,11,Monthly,Basic,Fiber,UPI,847.09,6451.52,159.5,3.0,0.0,7.0,25.0,No
CUST14045,Male,52,Mumbai,38,Quarterly,Basic,DSL,Cash,607.9,19872.21,183.7,0.0,0.0,8.0,15.0,No
CUST14046,Female,30,Mumbai,9,Quarterly,Standard,Fiber,Credit Card,1220.46,11572.73,95.0,2.0,0.0,8.0,0.0,No
CUST14047,Male,64,Chennai,13,Monthly,Standard,DSL,Bank Transfer,1024.8,13028.55,88.3,3.0,1.0,7.0,0.0,Yes
CUST14048,Female,51,Bengaluru,4,Quarterly,Standard,DSL,Debit Card,1136.73,4729.79,117.4,3.0,1.0,6.0,10.0,No
CUST14049,Female,28,Bengaluru,12,Quarterly,Standard,DSL,Debit Card,991.99,11697.38,84.2,2.0,0.0,7.0,0.0,No
CUST14050,Female,53,Kochi,24,Quarterly,Basic,DSL,,729.39,14970.63,84.8,3.0,1.0,5.0,15.0,No
CUST14051,Male,68,Ahmedabad,51,Quarterly,Standard,Fiber,UPI,1297.42,66263.74,171.7,1.0,0.0,7.0,0.0,No
CUST14052,Female,34,Mumbai,12,Quarterly,Basic,Fiber,Credit Card,971.2,12419.77,111.6,2.0,1.0,8.0,0.0,No
CUST14053,Female,52,Hyderabad,18,Monthly,Standard,DSL,Bank Transfer,1060.91,19538.55,62.1,1.0,1.0,7.0,0.0,Yes
CUST14054,Male,35,Delhi,28,Quarterly,Standard,DSL,UPI,967.22,22918.19,122.5,2.0,3.0,7.0,15.0,No
CUST14055,Male,57,Ahmedabad,17,Monthly,Standard,DSL,Credit Card,1096.94,19865.65,94.8,2.0,1.0,6.0,0.0,No
CUST14056,Male,39,Chennai,40,Quarterly,Premium,,UPI,1226.94,49049.27,,2.0,0.0,8.0,0.0,No
CUST14057,Male,41,Bengaluru,4,Monthly,Premium,DSL,Credit Card,1408.4,5359.58,110.2,4.0,0.0,6.0,5.0,No
CUST14058,Female,36,Kolkata,30,Yearly,Standard,DSL,Debit Card,1156.5,33126.48,88.3,1.0,3.0,5.0,5.0,No
CUST14059,Female,54,,23,Monthly,Basic,DSL,Bank Transfer,867.31,14750.74,106.0,0.0,1.0,8.0,,No
CUST14060,Female,56,Mumbai,11,Quarterly,Standard,,UPI,1129.07,13111.83,288.2,2.0,0.0,9.0,0.0,No
CUST14061,Female,38,Delhi,35,Quarterly,,Fiber,UPI,1037.29,36257.35,164.2,1.0,0.0,5.0,0.0,No
CUST14062,Male,25,Hyderabad,36,Yearly,Standard,DSL,Credit Card,1042.83,35988.52,137.1,4.0,1.0,7.0,5.0,No
CUST14063,Female,45,Delhi,10,Quarterly,Premium,Fiber,Cash,1662.62,15254.99,246.2,1.0,0.0,8.0,0.0,No
CUST14064,Female,22,Mumbai,27,Monthly,Standard,DSL,Credit Card,1196.5,30755.95,67.8,1.0,0.0,10.0,5.0,No
CUST14065,Female,34,Delhi,22,Yearly,Standard,Fiber,Credit Card,1186.97,25945.22,199.1,0.0,3.0,9.0,0.0,No
CUST14066,Female,54,Bengaluru,4,Quarterly,Standard,Fiber,Credit Card,1220.95,3942.74,151.2,3.0,1.0,4.0,20.0,Yes
CUST14067,Male,53,Kolkata,26,Quarterly,Premium,DSL,UPI,1507.88,38625.92,0.5,4.0,1.0,7.0,0.0,No
CUST14068,Female,36,Mumbai,55,Yearly,Basic,Fiber,Bank Transfer,1026.42,47893.75,132.5,,0.0,6.0,15.0,No
CUST14069,Female,44,Bengaluru,1,Monthly,Premium,Fiber,UPI,1601.6,1373.09,256.8,2.0,0.0,7.0,20.0,Yes
CUST14070,Female,70,Pune,26,Monthly,Standard,Fiber,Bank Transfer,1264.75,26128.46,204.9,2.0,0.0,6.0,20.0,No
CUST14071,Male,51,Kolkata,18,Monthly,Basic,DSL,Credit Card,688.06,12064.34,124.7,0.0,0.0,7.0,5.0,No
CUST14072,Male,28,Ahmedabad,39,,Premium,DSL,Debit Card,,38977.92,116.6,0.0,0.0,9.0,25.0,No
CUST14073,Female,62,Hyderabad,31,Monthly,,,UPI,1195.72,33679.01,6.4,3.0,1.0,4.0,10.0,Yes
CUST14074,Female,64,Mumbai,10,Quarterly,Standard,Fiber,Bank Transfer,1145.5,11943.33,114.8,3.0,1.0,6.0,0.0,No
CUST14075,Female,29,Kolkata,24,Monthly,Premium,DSL,UPI,1528.01,29866.06,131.5,1.0,0.0,8.0,20.0,No
CUST14076,Male,38,Pune,16,Quarterly,Basic,Fiber,Debit Card,,13399.55,246.5,3.0,0.0,4.0,5.0,No
CUST14077,Female,28,Mumbai,9,Yearly,Standard,Fiber,Bank Transfer,1151.13,10161.65,192.1,0.0,2.0,7.0,0.0,No
CUST14078,Female,56,Jaipur,44,Monthly,Basic,Fiber,Debit Card,829.02,31807.59,227.6,2.0,1.0,5.0,15.0,No
CUST14079,Female,45,Bengaluru,27,Quarterly,Standard,Fiber,Credit Card,1166.58,27888.93,157.6,2.0,0.0,7.0,10.0,No
CUST14080,Male,22,Kochi,30,Quarterly,Standard,Fiber,Cash,1273.38,30351.07,202.5,2.0,0.0,7.0,20.0,No
CUST14081,Female,34,Ahmedabad,17,Monthly,Basic,Fiber,UPI,828.8,11895.59,158.7,4.0,0.0,7.0,15.0,Yes
CUST14082,Female,37,Pune,18,Monthly,Standard,Fiber,Cash,1189.81,20988.11,89.4,3.0,0.0,4.0,0.0,No
CUST14083,Male,58,Jaipur,44,Monthly,Basic,DSL,UPI,719.42,31710.88,121.3,2.0,0.0,8.0,0.0,No
CUST14084,Male,63,Kolkata,20,Quarterly,Basic,Fiber,Credit Card,928.34,17317.67,241.9,3.0,1.0,5.0,10.0,No
CUST14085,Female,29,Mumbai,19,Monthly,Standard,,UPI,997.27,16097.01,9.5,2.0,1.0,8.0,10.0,No
CUST14086,Male,23,Hyderabad,38,Monthly,Standard,DSL,UPI,997.84,37659.76,67.6,5.0,2.0,5.0,0.0,No
CUST14087,Female,34,Bengaluru,23,Monthly,Basic,Fiber,UPI,925.39,21343.67,149.7,,,5.0,0.0,Yes
CUST14088,Male,68,Delhi,31,Monthly,Basic,Fiber,UPI,898.77,28644.19,210.9,1.0,1.0,7.0,0.0,No
CUST14089,Male,36,Kolkata,38,Quarterly,Basic,DSL,Cash,712.71,23627.81,70.9,2.0,0.0,8.0,10.0,Yes
CUST14090,Female,43,Delhi,21,Quarterly,Basic,DSL,Bank Transfer,754.03,16269.13,42.6,0.0,1.0,8.0,0.0,No
CUST14091,Female,65,Delhi,14,Monthly,Standard,DSL,UPI,1195.58,,128.8,2.0,0.0,7.0,0.0,No
CUST14092,Female,61,Chennai,4,Quarterly,Premium,DSL,UPI,1444.48,5570.23,133.3,2.0,0.0,6.0,5.0,Yes
CUST14093,Male,61,Jaipur,14,Quarterly,Basic,Fiber,Debit Card,894.47,13136.43,242.9,3.0,0.0,5.0,0.0,No
CUST14094,Female,69,Bengaluru,9,Monthly,Standard,Fiber,Credit Card,1169.7,10461.46,147.4,1.0,0.0,8.0,0.0,No
CUST14095,Female,49,Delhi,27,Monthly,Basic,DSL,Bank Transfer,783.23,16901.45,103.1,2.0,1.0,7.0,20.0,Yes
CUST14096,Female,23,Bengaluru,13,Yearly,Standard,DSL,Credit Card,970.01,11416.61,105.0,0.0,0.0,8.0,10.0,No
CUST14097,Female,53,Pune,8,Quarterly,Basic,DSL,Debit Card,759.72,6178.43,108.0,2.0,0.0,9.0,0.0,No
CUST14098,Female,55,Bengaluru,7,Quarterly,Premium,DSL,Debit Card,1485.67,7775.4,138.8,1.0,1.0,6.0,20.0,No
CUST14099,Male,28,Pune,22,Monthly,Standard,Fiber,Debit Card,1132.15,24988.26,137.2,1.0,0.0,10.0,0.0,No
CUST14100,Female,50,Delhi,27,Yearly,Standard,,UPI,977.83,23978.32,7.7,2.0,0.0,7.0,10.0,No
CUST14101,Female,41,Mumbai,8,Quarterly,Standard,,Credit Card,974.9,6602.44,10.2,2.0,2.0,6.0,5.0,Yes
CUST14102,Male,40,Jaipur,8,Yearly,Basic,Fiber,UPI,1079.81,7774.9,,2.0,0.0,7.0,15.0,No
CUST14103,Female,32,Bengaluru,9,Yearly,Premium,Fiber,Debit Card,1645.71,14528.4,128.2,4.0,0.0,5.0,5.0,Yes
CUST14104,Female,44,Hyderabad,17,Yearly,Basic,Fiber,Credit Card,933.25,15991.74,158.3,0.0,1.0,7.0,0.0,No
CUST14105,Female,28,Bengaluru,24,Yearly,Basic,DSL,Bank Transfer,743.76,15392.95,76.8,4.0,0.0,6.0,10.0,No
CUST14106,Female,68,Hyderabad,17,Monthly,Basic,Fiber,UPI,905.45,13528.98,148.2,3.0,1.0,7.0,10.0,No
CUST14107,Female,67,Hyderabad,13,Yearly,,Fiber,Credit Card,974.16,10868.05,175.5,2.0,1.0,6.0,5.0,Yes
CUST14108,Male,34,Delhi,19,Monthly,Basic,Fiber,UPI,901.37,15234.58,131.1,1.0,2.0,9.0,10.0,No
CUST14109,Male,68,Bengaluru,27,Yearly,Standard,Fiber,Debit Card,1187.93,30013.67,175.8,2.0,1.0,7.0,5.0,No
CUST14110,Male,70,Delhi,18,Monthly,Basic,Fiber,Bank Transfer,944.71,14420.09,242.7,4.0,0.0,6.0,15.0,Yes
CUST14111,Female,31,Pune,36,Quarterly,Standard,DSL,Bank Transfer,999.89,32897.18,,2.0,0.0,6.0,10.0,No
CUST14112,Male,44,Kolkata,39,Monthly,Basic,DSL,Cash,876.43,33929.61,75.9,2.0,1.0,6.0,0.0,No
CUST14113,Female,35,Chennai,15,Quarterly,Premium,DSL,Cash,1450.67,17613.6,109.1,3.0,0.0,8.0,20.0,No
CUST14114,Female,45,Chennai,36,Monthly,Basic,DSL,Bank Transfer,811.18,24778.32,137.8,3.0,1.0,8.0,15.0,No
CUST14115,Female,68,Mumbai,28,Monthly,Standard,DSL,UPI,985.87,20251.31,150.2,2.0,1.0,7.0,25.0,No
CUST14116,Male,64,Delhi,51,Yearly,Standard,DSL,UPI,1046.52,48739.85,170.5,2.0,1.0,7.0,10.0,No
CUST14117,Male,64,Mumbai,12,Quarterly,Basic,,Credit Card,868.51,9793.64,153.1,6.0,0.0,4.0,10.0,No
CUST14118,Male,21,Mumbai,63,Monthly,Basic,Fiber,Cash,871.88,46134.9,105.5,0.0,1.0,5.0,15.0,No
CUST14119,Female,24,Mumbai,4,Monthly,Basic,Fiber,,809.0,3460.24,263.7,2.0,1.0,7.0,0.0,No
CUST14120,Male,62,Chennai,13,Monthly,Basic,,UPI,634.51,6495.13,3.1,2.0,1.0,6.0,20.0,No
CUST14121,Female,52,Chennai,6,Quarterly,Basic,DSL,Cash,788.76,4988.84,49.9,0.0,1.0,7.0,0.0,No
CUST14122,Male,65,Kochi,60,Yearly,Standard,DSL,Credit Card,936.5,55519.44,129.4,1.0,2.0,7.0,0.0,No
CUST14123,Male,26,Mumbai,39,Quarterly,Standard,,Debit Card,,32312.83,6.7,3.0,1.0,5.0,0.0,Yes
CUST14124,Female,25,Pune,32,Monthly,Standard,DSL,Bank Transfer,1032.6,29915.74,77.4,3.0,0.0,8.0,10.0,No
CUST14125,Female,69,Ahmedabad,48,Monthly,Basic,,Bank Transfer,581.91,27387.83,1.8,4.0,0.0,8.0,0.0,No
CUST14126,Male,62,Chennai,16,Yearly,Premium,Fiber,Bank Transfer,1588.39,25543.72,205.0,2.0,0.0,8.0,0.0,Yes
CUST14127,Male,34,Mumbai,5,Monthly,Basic,DSL,Bank Transfer,836.96,3598.88,91.1,1.0,1.0,7.0,10.0,No
CUST14128,Male,34,Mumbai,22,Quarterly,Standard,,Debit Card,1127.13,23578.97,125.9,6.0,1.0,4.0,5.0,Yes
CUST14129,Female,66,Bengaluru,6,Monthly,Basic,DSL,Credit Card,926.55,5235.17,101.7,2.0,0.0,7.0,15.0,Yes
CUST14130,Female,50,Delhi,23,Quarterly,Basic,Fiber,Debit Card,721.86,17956.03,215.1,1.0,1.0,8.0,0.0,No
CUST14131,Male,49,Kolkata,62,Yearly,Standard,DSL,Bank Transfer,1159.39,71921.17,134.4,0.0,1.0,9.0,,No
CUST14132,Male,25,Bengaluru,21,Monthly,Standard,Fiber,,1263.59,26441.3,134.6,1.0,,8.0,0.0,No
CUST14133,Female,36,Mumbai,59,Quarterly,Standard,DSL,UPI,1035.99,59032.83,0.5,1.0,1.0,9.0,5.0,No
CUST14134,Male,55,Pune,8,Monthly,Standard,DSL,Credit Card,1029.47,8390.75,143.0,1.0,1.0,8.0,5.0,Yes
CUST14135,Female,20,Kolkata,31,Monthly,Premium,Fiber,Debit Card,1592.94,50269.32,84.3,3.0,0.0,8.0,0.0,No
CUST14136,Female,22,Hyderabad,23,Monthly,Standard,Fiber,UPI,1219.83,26772.41,249.4,4.0,2.0,5.0,5.0,No
CUST14137,Female,30,Pune,19,Monthly,Standard,DSL,Bank Transfer,1006.73,16666.89,147.8,4.0,3.0,4.0,15.0,No
CUST14138,Female,64,Delhi,17,Monthly,Basic,DSL,UPI,621.71,10593.24,36.1,8.0,1.0,5.0,0.0,No
CUST14139,Female,63,,29,Yearly,Basic,DSL,UPI,708.43,19545.49,99.9,1.0,0.0,10.0,5.0,Yes
CUST14140,Female,48,Delhi,40,Monthly,Standard,DSL,UPI,1028.74,41204.85,154.0,3.0,1.0,7.0,0.0,No
CUST14141,Male,33,Chennai,21,Monthly,Basic,DSL,Debit Card,795.61,16916.01,92.8,3.0,0.0,6.0,0.0,No
CUST14142,Female,67,Kochi,46,Monthly,Standard,Fiber,UPI,1104.96,50865.37,177.8,3.0,0.0,7.0,0.0,No
CUST14143,Female,49,Bengaluru,4,Monthly,Basic,DSL,Credit Card,801.41,3739.66,61.7,2.0,0.0,7.0,5.0,No
CUST14144,Male,39,Hyderabad,37,Monthly,Premium,DSL,Cash,1353.63,47867.87,116.8,2.0,0.0,7.0,5.0,No
CUST14145,Female,46,Delhi,48,Monthly,Premium,DSL,Bank Transfer,1481.78,57001.08,56.2,2.0,4.0,6.0,20.0,Yes
CUST14146,Male,39,Hyderabad,10,Quarterly,Basic,Fiber,Bank Transfer,944.19,7634.18,226.2,2.0,2.0,6.0,20.0,No
CUST14147,Female,60,Bengaluru,70,Yearly,Premium,Fiber,Debit Card,1589.57,99930.33,316.7,1.0,0.0,7.0,10.0,No
CUST14148,Male,20,Delhi,42,Quarterly,Premium,Fiber,Bank Transfer,1603.69,66812.64,167.9,1.0,1.0,7.0,0.0,No
CUST14149,Male,27,Ahmedabad,19,Monthly,Premium,,Bank Transfer,1305.8,21589.1,6.0,0.0,0.0,8.0,15.0,No
CUST14150,Female,59,,16,Yearly,Basic,Fiber,Cash,853.43,12104.62,179.7,1.0,3.0,7.0,15.0,No
CUST14151,Female,38,Hyderabad,16,Monthly,Standard,Fiber,UPI,1224.71,16102.56,189.0,3.0,1.0,7.0,15.0,No
CUST14152,Female,33,Delhi,19,Monthly,Basic,Fiber,UPI,871.94,16024.2,193.8,3.0,3.0,6.0,0.0,Yes
CUST14153,Female,29,Delhi,30,Monthly,Standard,Fiber,UPI,1324.01,34112.26,116.5,4.0,0.0,6.0,15.0,Yes
CUST14154,Male,19,,13,Monthly,Standard,DSL,Cash,1093.46,11922.62,98.9,3.0,1.0,5.0,15.0,Yes
CUST14155,Male,58,Ahmedabad,21,Yearly,Standard,DSL,Debit Card,966.46,17771.11,85.2,2.0,1.0,6.0,10.0,Yes
CUST14156,Male,41,Kochi,7,Monthly,,DSL,Credit Card,895.42,4525.49,128.1,0.0,1.0,9.0,15.0,Yes
CUST14157,Female,52,Hyderabad,34,Quarterly,Premium,Fiber,Credit Card,1680.14,48324.92,184.0,1.0,0.0,7.0,15.0,No
CUST14158,Male,47,Delhi,24,Monthly,Standard,Fiber,Bank Transfer,1103.48,25224.64,172.7,5.0,0.0,5.0,5.0,No
CUST14159,Female,47,,7,Quarterly,Basic,DSL,Cash,627.9,3594.7,100.2,1.0,1.0,9.0,15.0,No
CUST14160,Female,64,Hyderabad,34,Quarterly,Standard,Fiber,Bank Transfer,1101.77,31177.98,141.6,1.0,0.0,7.0,15.0,No
CUST14161,Male,52,Chennai,6,Monthly,Premium,DSL,,1371.43,6288.7,108.3,1.0,0.0,5.0,20.0,No
CUST14162,Female,36,Mumbai,32,Quarterly,,Fiber,Credit Card,1612.1,41547.3,182.5,2.0,2.0,7.0,20.0,Yes
CUST14163,Male,67,Kolkata,23,Quarterly,Standard,Fiber,Credit Card,1206.58,27155.29,182.2,4.0,3.0,5.0,5.0,No
CUST14164,Female,25,Chennai,27,Quarterly,Basic,Fiber,Bank Transfer,958.78,25910.34,186.1,3.0,1.0,6.0,0.0,No
CUST14165,Male,43,Ahmedabad,16,Quarterly,Basic,,Bank Transfer,525.14,8918.65,7.5,1.0,0.0,7.0,0.0,No
CUST14166,Female,66,Kolkata,4,Quarterly,Basic,Fiber,Debit Card,879.15,3173.78,176.6,3.0,0.0,4.0,20.0,No
CUST14167,Male,57,Mumbai,16,Monthly,Basic,DSL,UPI,759.0,11853.59,76.9,3.0,2.0,4.0,0.0,Yes
CUST14168,Male,24,Kolkata,9,Quarterly,Standard,DSL,UPI,1140.07,10216.41,127.6,4.0,0.0,6.0,5.0,No
CUST14169,Female,47,Ahmedabad,32,Monthly,Basic,Fiber,UPI,748.59,23319.29,87.1,0.0,0.0,9.0,5.0,No
CUST14170,Female,24,Delhi,25,Monthly,Basic,Fiber,Debit Card,879.49,21745.17,149.4,3.0,1.0,6.0,0.0,No
CUST14171,Male,20,Mumbai,12,Yearly,Premium,,Debit Card,1355.5,14648.25,2.8,1.0,2.0,7.0,10.0,No
CUST14172,Female,18,Bengaluru,13,Monthly,Standard,Fiber,Cash,1205.42,13037.28,207.4,2.0,0.0,7.0,15.0,No
CUST14173,Female,53,Hyderabad,55,Monthly,Standard,DSL,Debit Card,1026.41,55824.04,83.9,1.0,1.0,8.0,0.0,No
CUST14174,Female,42,Delhi,45,Monthly,Standard,,UPI,784.83,32297.18,10.3,4.0,1.0,6.0,10.0,No
CUST14175,Male,54,Chennai,23,Monthly,Standard,Fiber,UPI,1272.2,27135.93,186.7,2.0,0.0,7.0,10.0,Yes
CUST14176,Male,18,Mumbai,49,Monthly,Basic,Fiber,Bank Transfer,861.5,40072.09,148.3,0.0,1.0,7.0,5.0,No
CUST14177,Female,32,Ahmedabad,17,Yearly,Standard,Fiber,Credit Card,1160.86,19467.38,190.3,2.0,0.0,7.0,0.0,No
CUST14178,Female,54,Mumbai,38,Monthly,Standard,Fiber,Debit Card,1309.1,40330.63,175.9,4.0,1.0,6.0,20.0,No
CUST14179,Male,30,Mumbai,12,Quarterly,Standard,Fiber,Debit Card,1116.25,13313.31,239.6,3.0,0.0,8.0,5.0,No
CUST14180,Female,57,Hyderabad,14,Monthly,Premium,DSL,UPI,1580.51,20587.72,73.8,2.0,1.0,7.0,5.0,Yes
CUST14181,Male,25,Hyderabad,13,Quarterly,Premium,DSL,,1463.53,17193.39,30.1,5.0,0.0,5.0,10.0,Yes
CUST14182,Female,22,Mumbai,40,Yearly,Standard,DSL,Credit Card,1051.96,34652.44,138.7,2.0,0.0,7.0,20.0,No
CUST14183,Female,26,Mumbai,15,Monthly,Basic,,Credit Card,572.83,9073.5,6.7,0.0,0.0,9.0,5.0,No
CUST14184,Female,18,Mumbai,50,,Premium,Fiber,Debit Card,1601.66,71612.65,198.6,1.0,0.0,8.0,10.0,No
CUST14185,Male,53,Kolkata,17,Yearly,Standard,Fiber,Debit Card,,18002.1,179.1,1.0,0.0,6.0,5.0,No
CUST14186,Male,52,Kolkata,26,Quarterly,Standard,Fiber,Cash,1227.53,32091.29,200.5,0.0,1.0,8.0,0.0,No
CUST14187,Male,19,Hyderabad,39,Monthly,Standard,Fiber,Bank Transfer,1160.81,45628.09,198.6,0.0,1.0,7.0,0.0,No
CUST14188,Male,57,Kolkata,6,Quarterly,Basic,Fiber,Credit Card,934.24,5965.11,252.8,5.0,0.0,4.0,0.0,Yes
CUST14189,Female,40,Kolkata,16,Yearly,Basic,Fiber,Credit Card,1085.0,17632.6,170.2,2.0,1.0,7.0,0.0,Yes
CUST14190,Female,26,Bengaluru,39,Monthly,Basic,DSL,Debit Card,802.81,28320.44,99.9,3.0,0.0,6.0,10.0,No
CUST14191,Male,51,Kochi,14,Monthly,Basic,,UPI,534.91,7276.52,2.9,5.0,0.0,7.0,0.0,Yes
CUST14192,Female,63,Ahmedabad,9,Monthly,Standard,Fiber,Cash,1220.45,9019.85,129.2,4.0,1.0,6.0,15.0,No
CUST14193,Female,31,Mumbai,10,Monthly,Basic,DSL,Credit Card,724.41,,66.2,2.0,0.0,9.0,25.0,No
CUST14194,Male,21,Mumbai,30,Yearly,Premium,DSL,Cash,1435.29,40553.11,116.4,1.0,0.0,8.0,5.0,No
CUST14195,Female,47,Bengaluru,48,Monthly,Standard,Fiber,,1191.06,53478.66,182.0,2.0,2.0,6.0,5.0,No
CUST14196,Female,48,Bengaluru,33,Monthly,Standard,Fiber,Debit Card,1238.02,40926.61,131.5,2.0,0.0,7.0,0.0,No
CUST14197,Male,55,Kolkata,14,Quarterly,Basic,,UPI,622.54,7986.81,,3.0,0.0,6.0,10.0,No
CUST14198,Female,28,Hyderabad,43,Monthly,Standard,DSL,Debit Card,1218.74,48127.08,118.4,1.0,0.0,8.0,10.0,No
CUST14199,Female,52,Kolkata,16,Monthly,Basic,,Debit Card,601.88,9646.83,2.9,2.0,2.0,5.0,0.0,Yes
CUST14200,Female,25,Kolkata,13,Monthly,Standard,Fiber,Bank Transfer,1112.25,13796.05,157.6,0.0,1.0,8.0,0.0,No
CUST14201,Male,20,Chennai,24,Monthly,Premium,Fiber,UPI,1497.52,32956.11,175.4,4.0,0.0,5.0,10.0,No
CUST14202,Male,31,Pune,45,Monthly,Standard,Fiber,Credit Card,1194.63,48357.86,198.3,2.0,0.0,10.0,10.0,No
CUST14203,Female,30,Bengaluru,22,Monthly,Basic,,Cash,630.03,12394.68,4.8,1.0,0.0,8.0,10.0,No
CUST14204,Female,62,Delhi,25,Monthly,Standard,Fiber,Cash,1183.36,23085.53,135.7,1.0,1.0,8.0,20.0,No
CUST14205,Female,49,Pune,10,Yearly,Basic,Fiber,UPI,884.6,7773.89,138.1,2.0,0.0,7.0,15.0,No
CUST14206,Male,51,Bengaluru,10,Yearly,Basic,Fiber,Bank Transfer,971.99,9798.03,178.4,2.0,1.0,5.0,0.0,No
CUST14207,Male,62,Bengaluru,5,Monthly,Standard,Fiber,UPI,1197.86,5130.65,196.7,1.0,0.0,8.0,15.0,Yes
CUST14208,Male,36,Ahmedabad,10,Quarterly,Premium,Fiber,Bank Transfer,1682.75,16454.98,,1.0,1.0,8.0,5.0,No
CUST14209,Female,55,Pune,10,Yearly,Basic,DSL,UPI,629.61,5881.08,135.6,2.0,0.0,6.0,15.0,No
CUST14210,Female,33,Mumbai,25,Monthly,Premium,Fiber,Cash,1638.14,32923.12,87.8,3.0,0.0,7.0,20.0,No
CUST14211,Female,19,Pune,34,Yearly,Basic,Fiber,Debit Card,757.9,26037.87,,1.0,0.0,8.0,0.0,No
CUST14212,Female,57,Ahmedabad,15,Yearly,Basic,Fiber,Credit Card,921.33,13993.43,225.0,4.0,0.0,6.0,0.0,No
CUST14213,Female,34,Delhi,5,,Standard,DSL,UPI,1122.05,6165.72,122.1,3.0,0.0,7.0,5.0,No
CUST14214,Male,51,Bengaluru,22,Monthly,Basic,Fiber,UPI,769.75,16481.15,167.8,4.0,0.0,7.0,0.0,No
CUST14215,Female,59,Jaipur,48,Monthly,Basic,Fiber,Debit Card,716.38,30404.76,194.0,3.0,0.0,8.0,10.0,No
CUST14216,Female,33,Delhi,29,Monthly,Basic,DSL,Bank Transfer,818.08,20757.66,65.8,2.0,0.0,6.0,10.0,Yes
CUST14217,Female,55,Bengaluru,11,Yearly,Basic,Fiber,Bank Transfer,935.95,10554.11,169.9,3.0,,8.0,0.0,No
CUST14218,Male,19,Hyderabad,39,Yearly,Basic,Fiber,Bank Transfer,812.12,30032.35,232.3,2.0,0.0,9.0,5.0,No
CUST14219,Female,19,Kolkata,7,Monthly,Standard,DSL,Bank Transfer,1069.55,6185.04,108.6,3.0,2.0,5.0,10.0,No
CUST14220,Male,43,Mumbai,11,Quarterly,Standard,Fiber,Cash,1156.68,12626.74,219.6,1.0,0.0,8.0,0.0,Yes
CUST14221,Male,30,Mumbai,49,Quarterly,Premium,Fiber,Bank Transfer,1585.67,71006.74,207.2,4.0,1.0,8.0,10.0,No
CUST14222,Male,64,Mumbai,15,Monthly,Standard,DSL,UPI,1028.53,14870.29,116.8,2.0,0.0,9.0,5.0,No
CUST14223,Male,48,Kochi,38,Quarterly,Standard,DSL,Bank Transfer,943.54,33006.54,68.4,1.0,0.0,6.0,10.0,No
CUST14224,Male,51,Mumbai,19,Yearly,Standard,DSL,Credit Card,1122.09,18536.09,87.1,2.0,0.0,7.0,10.0,No
CUST14225,Female,56,Chennai,29,Monthly,Premium,Fiber,Cash,1515.27,,264.6,1.0,1.0,7.0,10.0,Yes
CUST14226,Female,20,Jaipur,12,Monthly,Basic,Fiber,Credit Card,907.41,11145.28,196.7,1.0,0.0,8.0,0.0,No
CUST14227,Male,25,Bengaluru,27,Monthly,Basic,DSL,UPI,802.16,18755.57,83.4,1.0,2.0,8.0,15.0,Yes
CUST14228,Male,40,Kochi,21,Monthly,,Fiber,UPI,,21298.31,201.7,1.0,0.0,6.0,,No
CUST14229,Male,31,Kochi,13,Monthly,Basic,Fiber,Debit Card,878.01,10766.03,106.4,3.0,2.0,5.0,10.0,No
CUST14230,Female,44,Jaipur,16,Monthly,Premium,DSL,UPI,1409.3,22794.71,107.2,1.0,1.0,5.0,0.0,Yes
CUST14231,Female,46,Mumbai,7,Monthly,Standard,Fiber,Cash,1337.96,9409.78,103.7,3.0,0.0,7.0,0.0,No
CUST14232,Male,56,Pune,30,,Basic,DSL,UPI,823.19,20777.15,123.0,4.0,0.0,6.0,15.0,No
CUST14233,,70,Kolkata,43,Monthly,Standard,Fiber,UPI,1260.79,50760.61,42.2,1.0,1.0,8.0,5.0,No
CUST14234,Female,56,Kochi,14,,Basic,Fiber,UPI,1076.83,12609.71,,1.0,1.0,9.0,10.0,No
CUST14235,Male,18,Mumbai,22,Yearly,Premium,DSL,UPI,1478.17,28931.19,61.2,0.0,3.0,7.0,10.0,No
CUST14236,Male,34,Kolkata,15,Yearly,Premium,Fiber,Credit Card,1573.12,21159.95,215.2,2.0,0.0,7.0,10.0,Yes
CUST14237,,58,Delhi,15,Monthly,Standard,DSL,Credit Card,934.81,13684.23,99.6,3.0,0.0,8.0,0.0,No
CUST14238,,47,Mumbai,4,Monthly,Basic,Fiber,UPI,844.04,3548.38,175.8,2.0,2.0,6.0,0.0,Yes
CUST14239,Female,70,Hyderabad,3,Yearly,Basic,Fiber,UPI,912.74,3149.7,111.5,5.0,1.0,5.0,0.0,No
CUST14240,Male,30,Ahmedabad,44,Monthly,Standard,Fiber,Credit Card,1274.51,52649.22,155.4,3.0,1.0,6.0,5.0,Yes
CUST14241,Male,38,Hyderabad,4,Monthly,Premium,Fiber,Bank Transfer,1547.69,5227.19,193.0,6.0,0.0,4.0,20.0,Yes
CUST14242,Male,36,Chennai,25,Monthly,Basic,,Credit Card,676.69,16058.04,2.9,2.0,0.0,7.0,5.0,No
CUST14243,Female,70,Kochi,33,Monthly,Basic,DSL,UPI,626.83,16720.91,99.0,3.0,0.0,6.0,15.0,No
CUST14244,Female,36,,24,Monthly,Basic,DSL,Credit Card,719.96,17733.28,163.9,3.0,2.0,7.0,0.0,No
CUST14245,Male,42,Pune,17,Monthly,Standard,DSL,Debit Card,1082.3,15171.46,68.7,0.0,2.0,6.0,15.0,Yes
CUST14246,Female,39,Delhi,45,Quarterly,Premium,DSL,Credit Card,1460.49,63721.06,146.1,4.0,0.0,5.0,5.0,No
CUST14247,Male,48,Delhi,9,Yearly,Basic,Fiber,Debit Card,938.14,8604.93,213.0,0.0,0.0,7.0,5.0,No
CUST14248,Female,34,Pune,8,Yearly,Basic,Fiber,Cash,910.28,6482.79,136.6,5.0,0.0,5.0,10.0,Yes
CUST14249,Male,40,Jaipur,19,Monthly,Standard,DSL,UPI,1101.86,19887.75,110.2,5.0,1.0,7.0,5.0,No
CUST14250,Female,49,Chennai,21,Monthly,Premium,Fiber,UPI,1580.49,32494.61,220.6,1.0,3.0,8.0,0.0,No
CUST14251,Female,27,Kolkata,48,Quarterly,Premium,Fiber,UPI,1575.95,,65.0,1.0,0.0,8.0,0.0,No
CUST14252,Male,27,Bengaluru,16,Monthly,Standard,DSL,Credit Card,984.0,15319.4,76.9,3.0,2.0,6.0,0.0,No
CUST14253,Male,53,Mumbai,69,Monthly,Basic,Fiber,UPI,1073.9,63005.23,191.7,3.0,1.0,6.0,15.0,No
CUST14254,Male,25,Hyderabad,50,Monthly,Standard,Fiber,Credit Card,1193.72,47427.74,263.1,3.0,0.0,8.0,20.0,No
CUST14255,Male,69,Bengaluru,25,Monthly,Premium,Fiber,Cash,1634.84,41101.55,114.1,0.0,0.0,8.0,0.0,Yes
CUST14256,Male,37,Mumbai,46,Monthly,Premium,DSL,UPI,1433.09,59319.48,73.5,3.0,0.0,5.0,10.0,No
CUST14257,Female,49,Chennai,47,Monthly,Standard,Fiber,Credit Card,1327.35,62072.33,192.3,1.0,1.0,8.0,0.0,No
CUST14258,Male,67,Bengaluru,6,Yearly,Standard,Fiber,Bank Transfer,1199.1,7426.77,124.6,2.0,1.0,6.0,0.0,No
CUST14259,Male,31,Mumbai,35,Monthly,Premium,Fiber,UPI,1626.2,54823.11,176.0,1.0,0.0,7.0,5.0,No
CUST14260,Male,67,,23,Yearly,Standard,Fiber,UPI,1130.21,23419.77,139.9,2.0,2.0,6.0,10.0,No
CUST14261,Male,45,Chennai,10,Yearly,Basic,Fiber,Debit Card,1040.84,9312.99,230.7,2.0,0.0,7.0,0.0,Yes
CUST14262,Male,63,Jaipur,19,Monthly,Standard,,UPI,867.36,14195.68,7.5,3.0,0.0,7.0,15.0,No
CUST14263,Female,69,Pune,49,Quarterly,Premium,Fiber,Bank Transfer,1743.75,84705.44,146.6,4.0,1.0,6.0,0.0,No
CUST14264,Male,70,Hyderabad,34,Quarterly,Standard,DSL,UPI,1001.94,28271.33,34.8,1.0,0.0,8.0,15.0,Yes
CUST14265,Male,41,Jaipur,13,Monthly,Premium,,Debit Card,1414.64,15814.62,79.0,6.0,0.0,6.0,10.0,No
CUST14266,Male,32,Kolkata,57,Monthly,Standard,Fiber,Bank Transfer,1157.83,66349.43,198.2,2.0,1.0,8.0,0.0,No
CUST14267,Female,39,Mumbai,57,Monthly,Basic,Fiber,UPI,877.31,44279.85,143.6,2.0,,6.0,10.0,No
CUST14268,Female,47,Bengaluru,32,Quarterly,Basic,Fiber,UPI,953.64,31010.11,139.5,2.0,0.0,8.0,0.0,No
CUST14269,Male,21,Pune,34,Monthly,Premium,DSL,UPI,1286.14,44134.22,132.1,1.0,1.0,8.0,0.0,No
CUST14270,Male,30,Chennai,52,Monthly,Standard,Fiber,Bank Transfer,1196.14,61767.82,186.4,3.0,0.0,8.0,0.0,No
CUST14271,Female,40,Kolkata,32,Monthly,Basic,Fiber,Bank Transfer,837.55,25701.08,192.5,1.0,0.0,8.0,5.0,No
CUST14272,Female,25,Kolkata,13,Monthly,Premium,Fiber,UPI,1528.96,20465.54,,5.0,2.0,5.0,0.0,Yes
CUST14273,Female,35,Pune,11,Monthly,Standard,Fiber,Bank Transfer,1237.46,12640.28,195.0,1.0,0.0,6.0,,No
CUST14274,Male,29,Kochi,5,Monthly,Premium,Fiber,Bank Transfer,1624.0,8736.05,181.0,1.0,0.0,8.0,0.0,No
CUST14275,Male,48,Chennai,35,Yearly,Standard,,Cash,919.05,32251.17,6.8,1.0,2.0,9.0,0.0,No
CUST14276,Female,31,Bengaluru,22,Quarterly,Basic,Fiber,Credit Card,930.99,16040.8,270.8,2.0,1.0,7.0,20.0,No
CUST14277,Male,51,Ahmedabad,11,Quarterly,Standard,Fiber,,1214.38,11767.4,187.4,2.0,0.0,7.0,15.0,No
CUST14278,Female,35,Mumbai,1,Quarterly,Premium,DSL,Credit Card,1405.31,1042.15,141.0,2.0,0.0,8.0,0.0,No
CUST14279,Female,51,Kolkata,5,Quarterly,Basic,DSL,Bank Transfer,675.85,3734.31,127.9,3.0,1.0,5.0,10.0,Yes
CUST14280,Female,28,Kochi,36,Quarterly,Premium,Fiber,UPI,1647.93,52816.81,159.8,2.0,0.0,7.0,10.0,No
CUST14281,Male,58,Pune,10,Monthly,Basic,Fiber,UPI,879.53,9449.99,124.2,1.0,1.0,8.0,0.0,No
CUST14282,Female,29,Chennai,10,Yearly,Standard,Fiber,Bank Transfer,1231.94,11812.45,140.7,5.0,1.0,6.0,5.0,No
CUST14283,Female,66,Hyderabad,13,Monthly,Standard,Fiber,Bank Transfer,1199.64,12832.42,239.9,2.0,0.0,7.0,20.0,No
CUST14284,Male,32,Delhi,25,Monthly,Premium,Fiber,Credit Card,1436.51,32124.72,123.5,4.0,2.0,7.0,10.0,Yes
CUST14285,Female,48,Delhi,22,Monthly,Standard,Fiber,Debit Card,1238.68,23359.21,126.2,4.0,0.0,5.0,15.0,No
CUST14286,Male,66,Pune,25,Monthly,Standard,Fiber,Credit Card,1149.93,24608.54,183.5,1.0,0.0,8.0,10.0,No
CUST14287,Female,46,Kolkata,9,Quarterly,Premium,,UPI,1319.14,10794.29,6.5,2.0,,8.0,10.0,No
CUST14288,Male,43,Pune,27,Monthly,,Fiber,UPI,751.29,18613.93,126.1,3.0,0.0,8.0,5.0,Yes
CUST14289,Female,35,Mumbai,42,Yearly,Basic,Fiber,UPI,1051.92,40136.6,230.6,5.0,1.0,6.0,10.0,Yes
CUST14290,Female,49,Hyderabad,1,Monthly,Basic,,Debit Card,502.32,184.68,2.6,1.0,0.0,8.0,10.0,No
CUST14291,Female,39,Ahmedabad,17,Monthly,Standard,DSL,UPI,1087.7,18218.79,116.8,2.0,1.0,7.0,0.0,No
CUST14292,Female,55,Hyderabad,14,Monthly,Standard,Fiber,UPI,1142.99,13819.65,196.4,2.0,0.0,9.0,10.0,No
CUST14293,Female,34,Chennai,17,Quarterly,Premium,Fiber,Cash,1553.87,23866.23,224.8,7.0,0.0,5.0,10.0,Yes
CUST14294,Male,40,Kolkata,10,Yearly,Standard,,UPI,904.82,8624.68,1.7,5.0,1.0,7.0,0.0,Yes
CUST14295,Male,41,Pune,20,Monthly,Basic,Fiber,Debit Card,883.84,16766.57,216.2,2.0,0.0,6.0,5.0,No
CUST14296,Female,67,Hyderabad,13,Monthly,Premium,,Bank Transfer,,14806.22,132.9,4.0,2.0,5.0,20.0,No
CUST14297,Female,25,Jaipur,7,Yearly,Basic,DSL,UPI,,3781.99,115.9,1.0,2.0,7.0,25.0,No
CUST14298,Female,58,Mumbai,29,Monthly,Premium,Fiber,UPI,1615.11,39618.17,154.5,5.0,1.0,6.0,15.0,No
CUST14299,Male,23,Kochi,45,Monthly,Basic,DSL,Debit Card,785.86,35068.43,125.2,3.0,1.0,6.0,0.0,No
CUST14300,Male,22,Bengaluru,20,Monthly,Basic,,Credit Card,500.02,9985.55,8.3,2.0,1.0,5.0,5.0,No
CUST14301,Female,61,Bengaluru,35,Monthly,Standard,DSL,Debit Card,1103.32,39184.6,143.6,2.0,3.0,4.0,0.0,No
CUST14302,Male,46,Jaipur,33,Monthly,Basic,Fiber,Debit Card,908.93,,116.5,3.0,0.0,6.0,10.0,No
CUST14303,,45,Mumbai,53,Monthly,Basic,DSL,Cash,784.43,35435.33,78.6,3.0,1.0,9.0,15.0,No
CUST14304,Female,28,Kolkata,33,Yearly,Standard,DSL,UPI,1079.1,28348.17,0.5,2.0,0.0,4.0,20.0,No
CUST14305,Female,18,Ahmedabad,22,Quarterly,Basic,DSL,Bank Transfer,840.36,15275.15,146.5,4.0,0.0,6.0,15.0,No
CUST14306,Male,60,Ahmedabad,17,Yearly,Basic,DSL,UPI,790.39,13509.51,3.7,3.0,0.0,6.0,0.0,No
CUST14307,Female,36,Kochi,12,Monthly,Basic,Fiber,Credit Card,807.2,9920.93,201.0,1.0,2.0,7.0,0.0,No
CUST14308,Female,26,Delhi,21,Quarterly,Standard,Fiber,UPI,1152.44,18030.06,181.5,1.0,2.0,7.0,20.0,No
CUST14309,Female,44,Kolkata,38,Quarterly,Standard,Fiber,Credit Card,1218.11,39847.32,105.5,1.0,1.0,6.0,15.0,No
CUST14310,Male,51,Bengaluru,48,Yearly,Basic,Fiber,Bank Transfer,931.87,42848.72,164.7,1.0,1.0,8.0,5.0,No
CUST14311,Male,61,Hyderabad,12,Monthly,Standard,Fiber,UPI,1094.01,12458.56,233.9,1.0,2.0,5.0,5.0,Yes
CUST14312,Male,21,Ahmedabad,14,Monthly,Standard,Fiber,UPI,1120.61,13680.76,210.8,2.0,1.0,9.0,10.0,No
CUST14313,Female,53,Delhi,43,Quarterly,Standard,Fiber,,1287.49,50070.58,287.7,0.0,0.0,8.0,10.0,No
CUST14314,Male,35,Chennai,55,Yearly,Standard,DSL,UPI,1207.26,66071.85,50.0,6.0,0.0,4.0,0.0,Yes
CUST14315,Female,32,Hyderabad,4,Yearly,Basic,DSL,Bank Transfer,617.66,2982.08,82.4,5.0,0.0,5.0,5.0,No
CUST14316,Male,68,Pune,21,Quarterly,Standard,DSL,Bank Transfer,1070.65,20684.23,105.7,1.0,0.0,9.0,10.0,No
CUST14317,Female,30,Kochi,32,Monthly,Premium,Fiber,Bank Transfer,1603.83,51332.34,45.3,4.0,0.0,5.0,0.0,Yes
CUST14318,Male,36,Bengaluru,30,Monthly,Standard,Fiber,Debit Card,1280.91,28417.84,153.7,2.0,0.0,7.0,25.0,No
CUST14319,Female,66,Chennai,5,Yearly,Basic,Fiber,Credit Card,939.71,4946.66,229.1,1.0,0.0,8.0,0.0,No
CUST14320,Male,23,Ahmedabad,21,Monthly,Basic,DSL,UPI,816.33,15824.73,68.7,1.0,2.0,7.0,10.0,Yes
CUST14321,Male,65,Hyderabad,16,Monthly,Premium,DSL,Debit Card,1267.53,18085.32,69.6,2.0,0.0,8.0,,No
CUST14322,Male,29,Bengaluru,7,Yearly,Standard,Fiber,Credit Card,1199.43,8181.91,201.9,1.0,0.0,8.0,5.0,No
CUST14323,Female,68,Chennai,34,Monthly,Basic,DSL,Cash,677.51,22795.33,91.3,0.0,0.0,8.0,0.0,No
CUST14324,Male,54,Delhi,46,Quarterly,Basic,DSL,,679.55,27262.36,106.3,5.0,3.0,6.0,10.0,No
CUST14325,Male,34,Bengaluru,22,Quarterly,Premium,DSL,Cash,1351.92,28910.76,82.9,3.0,1.0,7.0,0.0,No
CUST14326,Male,40,Ahmedabad,17,Monthly,Basic,Fiber,Credit Card,918.27,,281.6,0.0,0.0,7.0,5.0,No
CUST14327,Male,43,Chennai,23,Monthly,Standard,Fiber,Credit Card,1226.67,28975.02,234.6,,0.0,6.0,0.0,Yes
CUST14328,Female,46,Jaipur,35,Monthly,Standard,Fiber,Bank Transfer,1250.48,43283.21,183.7,4.0,0.0,6.0,0.0,No
CUST14329,Male,50,Ahmedabad,3,Quarterly,Standard,Fiber,Bank Transfer,1167.75,2400.21,95.9,1.0,1.0,8.0,20.0,No
CUST14330,Female,44,Pune,49,Monthly,Basic,Fiber,Bank Transfer,1010.73,44723.37,160.4,2.0,0.0,5.0,10.0,No
CUST14331,Female,42,Bengaluru,13,Monthly,Basic,Fiber,UPI,825.44,10749.17,139.8,1.0,2.0,7.0,0.0,No
CUST14332,Female,27,Hyderabad,26,Yearly,Premium,Fiber,Bank Transfer,1485.39,31038.93,85.5,3.0,5.0,4.0,20.0,No
CUST14333,Female,64,Mumbai,22,Monthly,Standard,Fiber,Debit Card,1217.5,27043.94,254.2,5.0,1.0,4.0,0.0,No
CUST14334,Male,40,Jaipur,13,Monthly,Premium,Fiber,Credit Card,1545.24,20079.01,211.5,1.0,2.0,7.0,0.0,No
CUST14335,Female,38,Mumbai,60,Monthly,Standard,Fiber,Bank Transfer,1242.54,74620.81,141.0,1.0,1.0,5.0,0.0,No
CUST14336,Female,38,Delhi,34,Monthly,Premium,Fiber,Credit Card,1547.38,46786.43,147.8,3.0,0.0,8.0,10.0,No
CUST14337,Female,60,Chennai,43,Yearly,Premium,Fiber,Debit Card,1553.69,59918.69,154.8,0.0,1.0,9.0,10.0,No
CUST14338,Female,30,Mumbai,10,Monthly,Standard,DSL,Credit Card,997.19,10602.94,34.0,4.0,3.0,4.0,0.0,Yes
CUST14339,Male,54,Mumbai,32,Monthly,Basic,DSL,Debit Card,691.44,22361.76,120.7,2.0,3.0,6.0,0.0,No
CUST14340,Male,50,Chennai,23,Yearly,Standard,Fiber,UPI,1199.85,26356.25,140.6,3.0,2.0,6.0,5.0,Yes
CUST14341,Female,41,Bengaluru,21,Quarterly,Standard,Fiber,Credit Card,1219.13,22605.35,162.3,4.0,2.0,,10.0,No
CUST14342,Female,61,Bengaluru,68,Monthly,Standard,DSL,Debit Card,991.29,,114.1,0.0,2.0,7.0,15.0,No
CUST14343,Female,28,Delhi,13,Yearly,Premium,DSL,Credit Card,1356.35,16213.74,69.3,4.0,1.0,6.0,5.0,No
CUST14344,Male,34,Kolkata,8,Quarterly,,Fiber,Bank Transfer,939.89,5849.62,112.2,5.0,1.0,5.0,10.0,Yes
CUST14345,Male,21,Chennai,17,Monthly,Basic,DSL,Credit Card,781.03,11815.2,,2.0,0.0,7.0,10.0,No
CUST14346,Male,64,Hyderabad,35,Quarterly,Standard,Fiber,Bank Transfer,1257.17,39406.08,162.1,5.0,2.0,5.0,10.0,No
CUST14347,Male,42,Chennai,46,Yearly,Basic,DSL,Credit Card,666.53,29219.76,111.8,2.0,1.0,7.0,5.0,No
CUST14348,Male,47,Delhi,14,Monthly,Standard,,Debit Card,783.86,11491.93,9.3,2.0,1.0,6.0,0.0,No
CUST14349,Female,26,Jaipur,25,Quarterly,Premium,Fiber,UPI,1665.86,37168.63,205.3,4.0,1.0,6.0,10.0,No
CUST14350,Male,38,Bengaluru,30,Yearly,Standard,,UPI,921.68,24127.39,2.4,3.0,3.0,7.0,15.0,No
CUST14351,Male,37,Pune,21,Quarterly,Premium,Fiber,Bank Transfer,1567.27,33169.94,,2.0,0.0,8.0,0.0,No
CUST14352,Female,36,Jaipur,22,Monthly,Standard,Fiber,UPI,1123.79,24198.19,230.7,0.0,1.0,10.0,5.0,Yes
CUST14353,Male,36,Ahmedabad,21,Monthly,Standard,Fiber,Cash,1143.88,22250.76,206.2,2.0,2.0,5.0,5.0,Yes
CUST14354,Male,29,Mumbai,25,Quarterly,Standard,DSL,UPI,972.76,24905.45,66.5,1.0,0.0,7.0,0.0,No
CUST14355,Male,54,Delhi,17,Monthly,Basic,Fiber,Cash,963.83,16047.76,,1.0,0.0,8.0,0.0,No
CUST14356,Female,59,Kolkata,38,Yearly,Standard,DSL,Credit Card,1107.03,41669.44,88.4,1.0,0.0,8.0,0.0,No
CUST14357,Male,34,Bengaluru,21,Monthly,Basic,DSL,Debit Card,756.5,15062.66,100.1,3.0,0.0,6.0,5.0,No
CUST14358,Female,54,Ahmedabad,16,Monthly,Premium,Fiber,UPI,1545.77,23071.44,135.4,3.0,2.0,7.0,5.0,No
CUST14359,Female,65,Kolkata,13,Quarterly,Basic,Fiber,Credit Card,829.51,9919.89,123.8,2.0,1.0,7.0,10.0,No
CUST14360,Male,56,Kolkata,19,Monthly,Basic,Fiber,UPI,850.75,16584.79,234.0,0.0,1.0,,0.0,No
CUST14361,Male,45,Bengaluru,11,Monthly,Standard,DSL,Debit Card,978.91,9938.15,148.1,4.0,0.0,5.0,10.0,Yes
CUST14362,Male,58,Kolkata,53,Monthly,Standard,DSL,Debit Card,1068.13,56582.73,189.0,3.0,0.0,7.0,0.0,No
CUST14363,Male,52,Pune,37,Quarterly,Basic,Fiber,Bank Transfer,960.99,36146.38,188.8,4.0,1.0,5.0,0.0,No
CUST14364,Female,64,Ahmedabad,29,Yearly,Basic,DSL,Bank Transfer,813.51,22626.39,116.7,3.0,2.0,7.0,5.0,No
CUST14365,Male,65,Bengaluru,27,Quarterly,Premium,Fiber,Credit Card,1529.25,37088.18,202.9,2.0,0.0,8.0,10.0,No
CUST14366,Female,35,Bengaluru,20,Monthly,Standard,Fiber,UPI,1152.18,19523.25,244.6,2.0,2.0,6.0,15.0,No
CUST14367,Female,31,,17,Monthly,Basic,Fiber,Credit Card,855.74,14105.46,214.0,1.0,1.0,8.0,0.0,No
CUST14368,Female,52,Bengaluru,13,Yearly,Standard,DSL,Bank Transfer,1131.53,13492.36,110.9,2.0,2.0,6.0,5.0,Yes
CUST14369,Female,61,Chennai,19,Yearly,Basic,,UPI,443.26,7773.38,,3.0,1.0,,5.0,No
CUST14370,Female,58,Jaipur,18,Monthly,Basic,DSL,Debit Card,749.76,11619.73,110.5,2.0,0.0,7.0,10.0,No
CUST14371,Male,24,Delhi,38,Quarterly,Premium,Fiber,UPI,1530.01,57565.32,176.5,2.0,0.0,10.0,0.0,No
CUST14372,Female,58,,52,Monthly,Standard,DSL,UPI,1034.68,47964.53,87.2,2.0,1.0,7.0,10.0,No
CUST14373,Female,30,Bengaluru,33,Monthly,Basic,Fiber,Debit Card,955.51,28916.03,,3.0,0.0,7.0,10.0,Yes
CUST14374,Male,35,Mumbai,11,Yearly,Premium,Fiber,Credit Card,1574.15,14314.02,172.5,1.0,0.0,,15.0,No
CUST14375,Male,54,Bengaluru,5,Monthly,Standard,Fiber,Credit Card,1139.73,4686.41,237.2,0.0,0.0,8.0,25.0,No
CUST14376,Female,30,Delhi,20,Monthly,Basic,Fiber,Debit Card,959.81,15036.8,155.8,1.0,1.0,9.0,20.0,No
CUST14377,Female,53,Jaipur,6,Monthly,Standard,DSL,UPI,1060.39,5820.8,126.6,2.0,0.0,8.0,10.0,No
CUST14378,Male,48,Bengaluru,24,Monthly,Premium,Fiber,UPI,1638.58,31053.8,203.3,2.0,0.0,8.0,20.0,No
CUST14379,Female,19,Chennai,72,Quarterly,Standard,,Debit Card,,,8.2,2.0,0.0,7.0,0.0,No
CUST14380,Male,33,Hyderabad,12,Monthly,Standard,Fiber,Debit Card,1102.82,14372.63,200.9,1.0,1.0,8.0,0.0,Yes
CUST14381,Male,26,Jaipur,53,Quarterly,Standard,Fiber,UPI,1304.41,65328.14,172.8,2.0,3.0,6.0,5.0,No
CUST14382,Female,26,Bengaluru,5,Monthly,Standard,Fiber,Debit Card,1184.09,4293.5,181.4,1.0,0.0,8.0,,No
CUST14383,Male,55,Mumbai,16,Quarterly,Standard,Fiber,Debit Card,1267.4,17656.78,163.7,1.0,0.0,10.0,10.0,No
CUST14384,Female,28,Bengaluru,9,Monthly,Standard,,UPI,821.99,7947.65,3.4,3.0,0.0,8.0,0.0,Yes
CUST14385,Female,39,Hyderabad,14,Quarterly,Basic,Fiber,Bank Transfer,945.26,12539.81,248.0,2.0,0.0,7.0,10.0,No
CUST14386,Female,50,Mumbai,1,Quarterly,Premium,,Debit Card,1330.87,864.84,2.2,4.0,2.0,6.0,0.0,Yes
CUST14387,Male,53,Ahmedabad,46,Yearly,Basic,Fiber,UPI,970.6,42336.64,146.7,1.0,1.0,6.0,,No
CUST14388,Female,62,Chennai,30,Yearly,Standard,Fiber,Debit Card,1208.43,36463.26,197.6,5.0,0.0,5.0,0.0,No
CUST14389,Male,40,Pune,6,Monthly,Standard,Fiber,Debit Card,1172.84,7070.63,169.8,1.0,0.0,5.0,0.0,No
CUST14390,Female,62,Chennai,11,Monthly,Standard,DSL,Cash,937.33,9848.06,91.9,1.0,,9.0,0.0,No
CUST14391,Female,62,Bengaluru,37,Quarterly,Standard,Fiber,Bank Transfer,1100.98,36179.33,218.5,3.0,1.0,5.0,10.0,No
CUST14392,Male,51,Hyderabad,26,Quarterly,Standard,,,939.31,21363.97,2.7,2.0,0.0,7.0,10.0,No
CUST14393,Female,26,Kochi,24,Monthly,Basic,Fiber,UPI,834.1,20530.62,232.0,3.0,1.0,6.0,0.0,No
CUST14394,Female,41,Ahmedabad,26,Monthly,Standard,Fiber,Bank Transfer,1264.34,31560.94,143.9,5.0,0.0,7.0,5.0,No
CUST14395,Male,25,Jaipur,52,Quarterly,Premium,DSL,Bank Transfer,1523.15,68157.42,116.3,3.0,2.0,7.0,15.0,No
CUST14396,Male,24,Ahmedabad,1,Yearly,Premium,Fiber,UPI,1636.43,723.29,217.3,3.0,2.0,8.0,25.0,No
CUST14397,Male,53,Bengaluru,16,Yearly,Standard,Fiber,UPI,1231.3,15910.43,180.3,3.0,2.0,5.0,20.0,No
CUST14398,Female,35,Mumbai,5,Monthly,Basic,DSL,,656.76,3351.86,110.8,4.0,1.0,7.0,0.0,No
CUST14399,Male,20,Bengaluru,15,Monthly,Basic,Fiber,Bank Transfer,792.05,12066.43,231.1,1.0,0.0,7.0,0.0,No
CUST14400,Male,45,Delhi,26,Monthly,Basic,Fiber,UPI,847.3,22334.61,170.4,2.0,2.0,7.0,0.0,No
CUST14401,Female,23,Bengaluru,45,Monthly,Standard,Fiber,Debit Card,1332.23,58551.43,196.6,4.0,2.0,7.0,5.0,No
CUST14402,Male,61,Hyderabad,20,Quarterly,Basic,Fiber,UPI,,19758.76,212.0,5.0,0.0,5.0,10.0,No
CUST14403,Female,61,Pune,27,Quarterly,Premium,Fiber,UPI,1602.97,43459.79,263.2,2.0,1.0,7.0,0.0,No
CUST14404,,38,Jaipur,30,Monthly,Premium,Fiber,Credit Card,1703.55,41692.63,191.2,0.0,1.0,7.0,20.0,No
CUST14405,Male,45,Kolkata,32,Monthly,Basic,DSL,Debit Card,675.2,17934.64,68.0,1.0,0.0,9.0,15.0,No
CUST14406,Female,57,Jaipur,21,Monthly,Standard,Fiber,Bank Transfer,1170.45,23300.79,190.0,5.0,1.0,5.0,5.0,Yes
CUST14407,Male,18,Bengaluru,3,Yearly,Standard,DSL,Credit Card,1176.98,2779.17,76.7,4.0,1.0,5.0,10.0,No
CUST14408,Male,53,Bengaluru,13,Monthly,Basic,Fiber,UPI,1068.17,13317.96,88.2,2.0,1.0,7.0,5.0,Yes
CUST14409,Male,38,Pune,28,Monthly,Standard,Fiber,Bank Transfer,1261.73,32058.49,261.0,4.0,0.0,7.0,10.0,No
CUST14410,Male,60,Delhi,17,Quarterly,Standard,Fiber,UPI,1072.85,16652.34,34.4,4.0,1.0,4.0,15.0,Yes
CUST14411,Female,52,Mumbai,23,Quarterly,Basic,DSL,Bank Transfer,857.96,19267.4,108.3,4.0,1.0,6.0,0.0,No
CUST14412,Female,30,Delhi,28,Yearly,Standard,DSL,Bank Transfer,1028.57,26583.04,104.8,1.0,1.0,7.0,10.0,No
CUST14413,Male,66,Mumbai,16,Monthly,Premium,Fiber,UPI,1657.81,26318.26,238.8,7.0,0.0,6.0,,Yes
CUST14414,Male,27,Chennai,8,Monthly,Standard,Fiber,UPI,1207.93,8901.2,211.0,0.0,2.0,7.0,5.0,No
CUST14415,Female,70,Hyderabad,4,,Standard,DSL,Bank Transfer,1130.52,3952.12,46.2,0.0,1.0,7.0,10.0,No
CUST14416,Male,61,Chennai,30,Yearly,Basic,DSL,Debit Card,753.74,23602.54,142.6,,1.0,6.0,0.0,No
CUST14417,Female,64,Pune,25,Quarterly,Premium,DSL,UPI,1668.31,40727.23,52.6,1.0,0.0,8.0,0.0,No
CUST14418,Male,70,Delhi,8,Yearly,Premium,Fiber,Bank Transfer,1677.21,13643.79,162.0,7.0,1.0,5.0,0.0,No
CUST14419,Female,27,Mumbai,4,Monthly,Basic,DSL,Credit Card,649.36,3030.61,17.7,3.0,1.0,6.0,5.0,No
CUST14420,Female,63,Mumbai,46,Quarterly,Premium,DSL,Credit Card,1315.73,53987.64,119.9,1.0,0.0,8.0,10.0,No
CUST14421,Female,30,Delhi,12,Monthly,Basic,Fiber,Debit Card,766.73,7167.17,,4.0,0.0,5.0,25.0,No
CUST14422,Male,54,Kolkata,46,Monthly,Basic,Fiber,Debit Card,947.6,43227.92,198.6,3.0,2.0,6.0,0.0,No
CUST14423,Male,55,Kolkata,29,Monthly,Standard,Fiber,Credit Card,1276.99,38014.13,134.7,3.0,1.0,6.0,0.0,Yes
CUST14424,Male,41,Pune,42,Quarterly,Standard,Fiber,UPI,991.03,38897.65,121.0,0.0,0.0,7.0,5.0,No
CUST14425,Male,19,Mumbai,25,Monthly,Standard,,Debit Card,947.68,23981.61,5.8,2.0,0.0,,0.0,No
CUST14426,Male,39,Chennai,11,Yearly,Standard,,Debit Card,878.03,9442.2,7.0,1.0,0.0,7.0,0.0,No
CUST14427,Female,34,Chennai,60,Quarterly,Basic,,Bank Transfer,1029.38,55516.71,276.7,1.0,0.0,9.0,10.0,No
CUST14428,Female,53,Hyderabad,16,Monthly,Basic,Fiber,Credit Card,822.56,10384.31,235.3,1.0,1.0,7.0,20.0,No
CUST14429,Female,31,Chennai,35,Quarterly,Standard,DSL,Debit Card,1073.25,32484.24,118.2,2.0,0.0,7.0,15.0,No
CUST14430,,27,Hyderabad,41,Monthly,Basic,Fiber,UPI,922.64,37925.7,176.7,1.0,0.0,8.0,0.0,No
CUST14431,Female,52,Chennai,13,Monthly,Basic,Fiber,Bank Transfer,838.11,10192.48,199.0,0.0,0.0,7.0,0.0,No
CUST14432,Female,42,Kolkata,33,Quarterly,Basic,Fiber,Credit Card,798.48,25223.07,165.6,2.0,0.0,7.0,5.0,No
CUST14433,Female,20,Bengaluru,30,Yearly,Premium,Fiber,Debit Card,1674.51,47864.42,194.2,3.0,1.0,5.0,5.0,No
CUST14434,Male,64,Kolkata,47,Monthly,Premium,Fiber,Cash,1618.33,68981.38,136.2,2.0,0.0,7.0,10.0,No
CUST14435,Female,55,Bengaluru,50,Yearly,Basic,DSL,Bank Transfer,781.52,37296.42,132.4,0.0,0.0,8.0,5.0,No
CUST14436,Male,34,Bengaluru,9,Quarterly,Basic,Fiber,Debit Card,1009.02,8327.15,177.2,5.0,1.0,3.0,0.0,Yes
CUST14437,Female,29,Kochi,26,Monthly,Standard,DSL,Bank Transfer,1046.82,27811.8,76.6,2.0,1.0,6.0,0.0,No
CUST14438,Female,69,Kochi,4,Monthly,Premium,,Cash,1275.19,4657.87,6.0,2.0,1.0,4.0,20.0,Yes
CUST14439,Male,41,Bengaluru,17,Quarterly,Basic,DSL,Bank Transfer,778.19,12835.84,110.5,3.0,0.0,6.0,5.0,No
CUST14440,Female,46,Hyderabad,72,Monthly,Premium,Fiber,Debit Card,1630.32,99927.32,129.8,3.0,2.0,6.0,15.0,Yes
CUST14441,Male,60,Mumbai,10,Yearly,Standard,Fiber,Debit Card,1087.3,10523.14,113.9,3.0,1.0,5.0,5.0,Yes
CUST14442,Female,42,Hyderabad,16,Quarterly,Premium,DSL,UPI,1448.41,21441.59,89.0,,1.0,5.0,10.0,No
CUST14443,Male,53,Ahmedabad,17,Monthly,Basic,,Credit Card,642.67,11613.0,6.0,2.0,2.0,5.0,0.0,No
CUST14444,Female,43,Kochi,72,Yearly,Premium,Fiber,Credit Card,1589.76,103290.04,227.3,2.0,0.0,7.0,10.0,No
CUST14445,Male,55,Pune,25,Monthly,Standard,Fiber,Credit Card,1162.19,,104.4,0.0,0.0,8.0,15.0,No
CUST14446,Male,18,Delhi,32,Yearly,Premium,Fiber,Debit Card,1677.48,53786.25,158.5,4.0,2.0,5.0,0.0,Yes
CUST14447,Female,37,Chennai,5,Monthly,Standard,Fiber,UPI,1201.1,7215.01,207.7,1.0,0.0,9.0,0.0,No
CUST14448,Female,45,Delhi,25,Quarterly,Standard,Fiber,UPI,1149.63,26291.19,230.4,0.0,2.0,6.0,5.0,No
CUST14449,Male,33,Jaipur,21,Monthly,,,Credit Card,1181.09,21999.38,2.4,3.0,0.0,8.0,10.0,No
CUST14450,Female,64,Jaipur,5,Quarterly,,Fiber,Credit Card,1195.69,4990.06,206.7,2.0,1.0,6.0,10.0,No
CUST14451,Male,34,Chennai,10,Monthly,Standard,Fiber,Credit Card,1147.07,11382.62,321.5,2.0,0.0,8.0,10.0,No
CUST14452,Female,57,Delhi,15,Monthly,Standard,,Cash,922.12,12347.18,0.8,1.0,1.0,7.0,10.0,No
CUST14453,Male,45,Delhi,23,Monthly,Standard,Fiber,Bank Transfer,1139.13,23898.01,197.2,0.0,0.0,6.0,5.0,No
CUST14454,Female,29,Bengaluru,24,Yearly,Premium,DSL,Credit Card,1472.26,31403.61,81.3,1.0,2.0,5.0,10.0,No
CUST14455,Male,44,Ahmedabad,6,Monthly,Basic,Fiber,UPI,933.59,5889.02,199.6,5.0,0.0,5.0,0.0,Yes
CUST14456,Female,70,Hyderabad,15,Quarterly,Standard,,Debit Card,900.63,13534.6,6.4,1.0,1.0,5.0,0.0,Yes
CUST14457,Male,59,Delhi,23,Yearly,Premium,Fiber,Debit Card,1725.58,37662.26,210.0,6.0,0.0,6.0,,No
CUST14458,Male,64,Hyderabad,26,Yearly,Standard,,,741.79,17469.82,4.3,5.0,0.0,7.0,10.0,No
CUST14459,Female,47,Ahmedabad,9,Monthly,Premium,Fiber,UPI,1648.63,13192.58,248.4,,2.0,5.0,15.0,Yes
CUST14460,Female,58,Bengaluru,38,Yearly,Premium,Fiber,UPI,1649.84,56895.85,206.0,1.0,0.0,7.0,10.0,No
CUST14461,Male,51,Ahmedabad,70,Monthly,Standard,Fiber,UPI,1113.09,73622.57,75.5,2.0,0.0,7.0,5.0,No
CUST14462,Male,54,Jaipur,23,Quarterly,Standard,Fiber,Credit Card,1220.85,28237.3,223.4,1.0,0.0,8.0,0.0,No
CUST14463,Male,23,Kochi,19,Quarterly,Premium,Fiber,Bank Transfer,1566.44,29059.43,157.9,1.0,1.0,8.0,5.0,No
CUST14464,Male,24,Delhi,22,Monthly,Premium,,Bank Transfer,1362.16,30085.26,6.3,1.0,0.0,7.0,0.0,No
CUST14465,Female,49,Mumbai,27,Monthly,Premium,Fiber,Credit Card,1554.52,37489.04,117.1,2.0,1.0,5.0,10.0,Yes
CUST14466,Male,49,Delhi,19,Monthly,Basic,DSL,Bank Transfer,732.78,13359.5,146.8,2.0,1.0,7.0,0.0,No
CUST14467,Male,70,Delhi,47,Monthly,Basic,Fiber,Cash,869.57,40997.23,288.6,2.0,1.0,7.0,0.0,No
CUST14468,Male,42,Mumbai,32,Yearly,Standard,DSL,Bank Transfer,982.95,28211.41,118.4,3.0,1.0,5.0,10.0,Yes
CUST14469,Female,50,Chennai,25,Monthly,Standard,Fiber,Bank Transfer,1076.05,26794.77,114.8,1.0,0.0,,0.0,No
CUST14470,Male,24,Hyderabad,19,Yearly,Basic,,Cash,483.38,8381.2,,2.0,2.0,,10.0,Yes
CUST14471,Female,69,Ahmedabad,10,Monthly,Basic,Fiber,Credit Card,911.51,7866.26,235.5,4.0,1.0,5.0,10.0,No
CUST14472,Female,29,Bengaluru,30,Yearly,Basic,Fiber,UPI,922.59,24172.19,,2.0,0.0,6.0,15.0,Yes
CUST14473,Female,33,Pune,33,Quarterly,Standard,Fiber,Cash,1264.99,41709.3,67.4,2.0,1.0,8.0,0.0,No
CUST14474,Female,33,Kolkata,14,Yearly,Premium,DSL,Credit Card,1533.99,22468.86,114.3,0.0,1.0,9.0,0.0,No
CUST14475,Female,60,Kolkata,46,Monthly,Premium,DSL,Bank Transfer,1482.05,58464.8,133.4,3.0,1.0,7.0,15.0,No
CUST14476,Female,70,Jaipur,21,Quarterly,Standard,DSL,Bank Transfer,1113.73,23350.36,102.8,5.0,1.0,7.0,0.0,No
CUST14477,Female,53,Kolkata,34,Monthly,Standard,Fiber,Credit Card,1241.92,33140.76,170.3,0.0,0.0,7.0,20.0,No
CUST14478,Male,30,Jaipur,28,Monthly,Standard,DSL,Debit Card,961.9,27264.67,119.0,1.0,0.0,8.0,0.0,No
CUST14479,Male,24,Delhi,11,Quarterly,Standard,,Debit Card,880.51,8953.52,1.7,3.0,1.0,5.0,10.0,No
CUST14480,Female,53,Hyderabad,64,Quarterly,Standard,Fiber,UPI,1200.95,,174.7,0.0,1.0,9.0,0.0,No
CUST14481,Male,64,,21,Monthly,Standard,Fiber,UPI,1154.81,22465.24,148.6,0.0,0.0,9.0,5.0,No
CUST14482,Male,68,Bengaluru,16,Monthly,Basic,DSL,Debit Card,750.98,9605.93,93.8,2.0,1.0,6.0,20.0,No
CUST14483,Female,26,Mumbai,29,Quarterly,Standard,Fiber,UPI,1228.58,32182.98,127.6,2.0,2.0,6.0,10.0,No
CUST14484,Male,49,Bengaluru,58,,Basic,DSL,Credit Card,733.85,38387.02,127.8,0.0,1.0,7.0,10.0,No
CUST14485,Female,28,Mumbai,9,Monthly,Basic,Fiber,UPI,979.34,8815.69,183.2,1.0,1.0,7.0,0.0,Yes
CUST14486,Male,25,Mumbai,35,Quarterly,Standard,,Bank Transfer,877.29,25161.7,11.1,0.0,0.0,8.0,20.0,No
CUST14487,Female,50,Bengaluru,18,Monthly,Basic,DSL,Bank Transfer,819.94,12965.26,109.2,2.0,1.0,7.0,10.0,Yes
CUST14488,Female,40,Jaipur,38,Quarterly,Standard,DSL,Debit Card,1150.52,44667.51,198.5,2.0,1.0,6.0,0.0,No
CUST14489,Male,42,Bengaluru,36,Quarterly,Basic,Fiber,Credit Card,868.34,30426.89,315.4,2.0,0.0,9.0,0.0,No
CUST14490,Male,25,Kolkata,6,Yearly,Standard,Fiber,Cash,1164.42,6622.25,75.2,3.0,2.0,7.0,0.0,Yes
CUST14491,Female,62,Bengaluru,17,Monthly,Premium,DSL,UPI,1542.54,25626.45,84.3,2.0,0.0,7.0,,Yes
CUST14492,Female,39,Jaipur,11,Yearly,Standard,DSL,Credit Card,988.44,8808.65,117.5,5.0,0.0,4.0,20.0,Yes
CUST14493,Female,21,Jaipur,42,Monthly,Standard,DSL,UPI,1042.14,41780.88,38.4,1.0,1.0,5.0,5.0,No
CUST14494,Male,57,Pune,29,Monthly,Premium,Fiber,Credit Card,1561.01,46145.99,90.5,4.0,2.0,4.0,0.0,Yes
CUST14495,Male,20,Pune,44,Monthly,Standard,Fiber,UPI,1120.74,46953.93,286.1,3.0,1.0,7.0,5.0,No
CUST14496,Male,46,Bengaluru,36,Yearly,Basic,Fiber,UPI,939.83,32565.6,226.1,1.0,0.0,7.0,5.0,No
CUST14497,Male,58,Kochi,14,Quarterly,Basic,Fiber,UPI,878.6,11756.19,194.8,2.0,2.0,8.0,0.0,No
CUST14498,Female,46,Jaipur,14,Monthly,Standard,DSL,Credit Card,975.8,12970.55,55.9,5.0,1.0,6.0,0.0,Yes
CUST14499,Female,51,Jaipur,27,Monthly,Standard,DSL,Credit Card,1124.02,31002.7,41.7,0.0,0.0,6.0,0.0,Yes
CUST14500,Female,51,Pune,72,Monthly,Basic,Fiber,Debit Card,,51924.54,212.3,5.0,0.0,5.0,10.0,No
CUST14501,Female,45,Delhi,19,Monthly,,DSL,Credit Card,1438.18,,74.1,2.0,1.0,5.0,5.0,No
CUST14502,Male,30,Jaipur,27,Quarterly,Basic,DSL,UPI,821.23,17300.51,107.6,1.0,1.0,7.0,20.0,No
CUST14503,Female,32,Delhi,35,Quarterly,Premium,DSL,Bank Transfer,1523.2,51861.78,104.4,1.0,1.0,8.0,5.0,No
CUST14504,Female,40,Chennai,21,Yearly,Premium,Fiber,Credit Card,1634.2,33016.69,186.3,4.0,0.0,6.0,5.0,No
CUST14505,Male,61,Bengaluru,72,Yearly,Premium,Fiber,UPI,1529.59,87758.71,173.5,2.0,1.0,7.0,20.0,No
CUST14506,Male,43,Jaipur,17,Quarterly,Premium,DSL,UPI,1462.84,23651.27,53.5,3.0,1.0,5.0,5.0,No
CUST14507,Female,21,Bengaluru,9,Monthly,Basic,Fiber,Bank Transfer,928.45,7208.95,136.8,3.0,0.0,9.0,5.0,No
CUST14508,Male,43,Mumbai,36,Monthly,Standard,DSL,Bank Transfer,1014.65,34761.92,66.2,1.0,0.0,8.0,5.0,No
CUST14509,Female,57,Chennai,11,Monthly,,DSL,Credit Card,780.13,7491.04,66.7,6.0,0.0,7.0,10.0,No
CUST14510,Male,26,,18,Monthly,Premium,DSL,Credit Card,1331.78,23967.11,159.4,2.0,2.0,7.0,5.0,Yes
CUST14511,Male,22,Pune,26,Quarterly,Basic,,Credit Card,409.73,9968.64,3.2,2.0,0.0,8.0,10.0,No
CUST14512,Female,49,Mumbai,19,Yearly,Basic,DSL,Debit Card,698.62,11345.6,85.1,1.0,0.0,8.0,5.0,No
CUST14513,Male,37,Bengaluru,24,Yearly,Premium,Fiber,Bank Transfer,1655.45,38664.58,165.9,2.0,0.0,6.0,5.0,No
CUST14514,Female,67,Kolkata,23,Monthly,Basic,Fiber,Debit Card,968.82,19142.28,164.0,0.0,1.0,7.0,15.0,No
CUST14515,Male,28,Kochi,65,Monthly,Basic,Fiber,UPI,797.66,50025.53,136.0,3.0,3.0,5.0,5.0,No
CUST14516,Male,32,Ahmedabad,30,Yearly,Standard,Fiber,,1317.43,39661.78,203.0,0.0,0.0,,0.0,No
CUST14517,Male,49,Hyderabad,20,Yearly,Standard,Fiber,UPI,1207.2,21805.6,261.0,1.0,0.0,5.0,10.0,No
CUST14518,Male,45,Jaipur,15,Monthly,Standard,Fiber,Debit Card,1076.12,,86.9,3.0,1.0,6.0,20.0,No
CUST14519,Male,39,Hyderabad,15,Quarterly,Standard,Fiber,UPI,1224.29,16854.61,163.3,4.0,0.0,7.0,10.0,Yes
CUST14520,Female,58,Chennai,4,Quarterly,Premium,Fiber,Credit Card,1701.78,7351.64,171.1,1.0,1.0,6.0,0.0,No
CUST14521,Male,34,Hyderabad,51,Monthly,Basic,DSL,Debit Card,711.22,26327.58,104.3,2.0,0.0,6.0,25.0,No
CUST14522,Female,43,Hyderabad,20,Monthly,Standard,DSL,Credit Card,1128.17,,28.7,3.0,0.0,7.0,0.0,No
CUST14523,Male,61,Kolkata,32,Yearly,Standard,,Debit Card,965.39,22553.57,0.5,1.0,0.0,8.0,25.0,No
CUST14524,Female,24,Chennai,22,Quarterly,Standard,Fiber,Debit Card,1203.24,27363.75,192.6,4.0,1.0,6.0,0.0,No
CUST14525,Male,59,Delhi,28,Monthly,Standard,Fiber,Credit Card,1140.38,24508.37,142.7,3.0,1.0,7.0,25.0,No
CUST14526,Female,43,Mumbai,9,Quarterly,Basic,Fiber,Bank Transfer,993.63,8762.94,243.1,1.0,0.0,8.0,0.0,No
CUST14527,Female,42,Bengaluru,38,Quarterly,Basic,Fiber,Debit Card,993.34,34510.02,163.8,2.0,0.0,7.0,10.0,No
CUST14528,Male,27,Chennai,6,Yearly,Basic,DSL,Credit Card,649.33,2822.3,,3.0,1.0,6.0,10.0,No
CUST14529,Male,62,Mumbai,19,Monthly,Basic,Fiber,Bank Transfer,891.86,15403.11,314.4,2.0,0.0,7.0,10.0,No
CUST14530,Male,36,Bengaluru,29,Yearly,Basic,Fiber,Bank Transfer,957.67,24073.63,180.0,1.0,3.0,7.0,15.0,Yes
CUST14531,Female,28,Pune,30,Monthly,Standard,DSL,Bank Transfer,1112.09,31424.22,104.8,4.0,1.0,6.0,5.0,Yes
CUST14532,Female,30,Pune,15,Quarterly,Basic,DSL,Debit Card,726.86,10898.7,140.8,2.0,3.0,6.0,0.0,No
CUST14533,Male,70,Kolkata,6,Quarterly,Standard,DSL,Credit Card,973.31,5799.39,113.7,2.0,0.0,8.0,5.0,No
CUST14534,Male,25,Hyderabad,30,Monthly,Premium,Fiber,Credit Card,,47169.48,191.6,1.0,0.0,8.0,10.0,No
CUST14535,Female,57,Jaipur,15,Monthly,Standard,Fiber,Debit Card,1207.15,15533.72,110.8,3.0,0.0,4.0,10.0,No
CUST14536,Female,21,Jaipur,30,Yearly,Standard,Fiber,UPI,1185.71,35485.92,140.7,1.0,0.0,6.0,0.0,No
CUST14537,Male,64,Ahmedabad,22,Quarterly,Premium,,Bank Transfer,,26004.99,6.2,1.0,1.0,8.0,0.0,No
CUST14538,Female,48,Pune,6,Monthly,Standard,DSL,Credit Card,1033.88,6166.78,121.6,2.0,2.0,6.0,5.0,No
CUST14539,Male,45,Delhi,35,Monthly,Premium,Fiber,Debit Card,1474.03,46278.28,119.7,2.0,0.0,8.0,10.0,No
CUST14540,Male,28,Kochi,10,Monthly,Basic,Fiber,Credit Card,979.92,8736.65,190.3,3.0,1.0,5.0,15.0,Yes
CUST14541,Male,60,Mumbai,13,Monthly,Premium,DSL,Credit Card,1428.33,17896.76,93.0,2.0,0.0,8.0,0.0,No
CUST14542,Female,18,Mumbai,48,Yearly,Standard,Fiber,Bank Transfer,1031.94,39389.53,169.8,0.0,0.0,7.0,20.0,No
CUST14543,Female,66,Hyderabad,22,Quarterly,Basic,,Debit Card,471.21,9295.11,0.5,4.0,1.0,7.0,20.0,Yes
CUST14544,Female,64,Bengaluru,16,Yearly,Premium,DSL,UPI,1526.61,24323.96,39.1,3.0,1.0,5.0,0.0,Yes
CUST14545,Female,69,Kochi,72,Monthly,Premium,Fiber,UPI,1588.62,109202.55,181.9,3.0,0.0,6.0,5.0,No
CUST14546,Male,55,Chennai,9,Quarterly,Standard,Fiber,Bank Transfer,1136.9,8680.32,146.3,2.0,0.0,7.0,10.0,No
CUST14547,Female,41,Chennai,44,Monthly,Premium,DSL,Bank Transfer,1460.59,57095.79,53.9,1.0,1.0,6.0,10.0,No
CUST14548,Male,64,Pune,24,Quarterly,Basic,Fiber,UPI,876.1,19626.37,285.6,4.0,2.0,4.0,10.0,Yes
CUST14549,Male,48,Hyderabad,4,Monthly,Standard,DSL,Credit Card,1058.84,4426.53,113.2,1.0,0.0,9.0,5.0,Yes
CUST14550,Male,58,Bengaluru,18,Monthly,Basic,Fiber,UPI,925.57,16451.51,181.3,1.0,0.0,9.0,0.0,No
CUST14551,Female,63,Pune,61,Quarterly,Basic,Fiber,Cash,834.69,51733.16,225.9,0.0,1.0,7.0,0.0,No
CUST14552,Male,67,Kolkata,41,Monthly,Standard,DSL,UPI,1003.91,40849.74,107.4,2.0,0.0,7.0,0.0,No
CUST14553,Male,43,Hyderabad,10,Quarterly,Standard,Fiber,UPI,1141.25,9843.04,137.5,2.0,2.0,5.0,10.0,No
CUST14554,Female,66,Kolkata,26,Quarterly,Basic,Fiber,UPI,843.61,21941.59,184.1,0.0,1.0,8.0,0.0,No
CUST14555,Male,67,Mumbai,20,Quarterly,Standard,Fiber,Bank Transfer,1149.76,19410.67,187.7,1.0,1.0,7.0,15.0,No
CUST14556,Female,22,Mumbai,20,Yearly,Basic,DSL,Bank Transfer,726.77,13228.72,146.7,1.0,1.0,6.0,,No
CUST14557,Female,37,Mumbai,15,Monthly,Standard,DSL,Credit Card,1001.37,14210.83,133.5,0.0,0.0,8.0,5.0,No
CUST14558,,69,Delhi,24,Monthly,Basic,Fiber,UPI,912.79,18747.04,273.8,3.0,0.0,5.0,15.0,No
CUST14559,Male,58,Ahmedabad,13,Yearly,Premium,DSL,Debit Card,1424.91,18938.8,102.7,3.0,0.0,7.0,0.0,No
CUST14560,Female,28,Ahmedabad,39,Quarterly,Basic,Fiber,UPI,843.47,34224.5,148.8,4.0,3.0,5.0,0.0,No
CUST14561,Female,50,Delhi,20,Monthly,Standard,Fiber,UPI,1045.96,16301.66,261.9,2.0,1.0,7.0,25.0,No
CUST14562,Female,67,Chennai,41,Yearly,Basic,DSL,Bank Transfer,677.75,25868.68,84.1,3.0,1.0,5.0,5.0,Yes
CUST14563,Female,55,Kolkata,14,Monthly,Standard,DSL,Bank Transfer,1020.84,15653.16,37.0,2.0,0.0,7.0,0.0,No
CUST14564,Male,44,Mumbai,14,Monthly,Basic,Fiber,Cash,976.61,13697.97,198.8,4.0,0.0,4.0,0.0,No
CUST14565,Female,51,,21,Monthly,Standard,Fiber,Credit Card,1194.4,21485.98,195.7,3.0,1.0,7.0,15.0,No
CUST14566,Male,32,Kochi,12,Monthly,Basic,Fiber,UPI,778.93,8072.81,191.6,5.0,0.0,6.0,10.0,No
CUST14567,Female,49,Pune,19,Monthly,Premium,DSL,Bank Transfer,1457.84,27694.54,123.9,2.0,2.0,4.0,0.0,Yes
CUST14568,Male,38,Kochi,13,Monthly,Basic,Fiber,UPI,863.8,8971.04,311.8,,0.0,8.0,20.0,No
CUST14569,Female,63,Delhi,27,Monthly,Premium,Fiber,UPI,1645.68,42552.03,158.0,1.0,1.0,8.0,5.0,Yes
CUST14570,Male,22,Pune,11,Monthly,Basic,Fiber,UPI,783.0,6913.72,210.6,4.0,1.0,5.0,25.0,Yes
CUST14571,Female,23,Mumbai,37,Monthly,Basic,Fiber,Cash,996.89,36695.26,190.5,2.0,0.0,6.0,0.0,No
CUST14572,Male,55,,22,Quarterly,Basic,DSL,Bank Transfer,785.76,17018.52,,3.0,1.0,6.0,5.0,No
CUST14573,Male,39,Chennai,18,Monthly,Basic,Fiber,UPI,883.29,15626.49,186.5,3.0,0.0,4.0,0.0,No
CUST14574,Male,35,Delhi,8,Monthly,Standard,Fiber,UPI,1076.49,8739.57,164.5,0.0,1.0,8.0,5.0,No
CUST14575,Female,31,Mumbai,7,Monthly,Premium,Fiber,Bank Transfer,1483.13,10053.16,149.4,1.0,1.0,,0.0,No
CUST14576,Male,27,Mumbai,59,Monthly,Basic,Fiber,Bank Transfer,954.83,55768.26,122.9,1.0,1.0,7.0,0.0,No
CUST14577,Male,63,Bengaluru,29,Monthly,Standard,Fiber,Debit Card,1264.26,36514.73,279.2,3.0,1.0,6.0,0.0,Yes
CUST14578,Male,30,Pune,28,Monthly,Standard,Fiber,UPI,1283.33,,118.8,0.0,2.0,9.0,0.0,No
CUST14579,Male,48,Hyderabad,13,Quarterly,,Fiber,Credit Card,1033.38,9583.08,169.5,2.0,2.0,8.0,25.0,No
CUST14580,,47,Bengaluru,32,Quarterly,Basic,DSL,Debit Card,809.93,25728.12,86.0,4.0,0.0,7.0,0.0,No
CUST14581,Male,20,Mumbai,21,Yearly,Premium,DSL,Cash,1482.6,29306.87,85.0,1.0,0.0,6.0,5.0,No
CUST14582,Male,47,Bengaluru,17,Monthly,Basic,Fiber,UPI,1091.08,16694.88,222.2,2.0,4.0,7.0,10.0,Yes
CUST14583,Male,23,Pune,9,Monthly,Standard,Fiber,Credit Card,1156.36,9640.24,204.5,2.0,0.0,8.0,10.0,No
CUST14584,Female,46,,27,Monthly,Basic,Fiber,UPI,891.94,20428.98,152.6,3.0,1.0,7.0,15.0,No
CUST14585,Male,25,Kolkata,63,Quarterly,Standard,,Credit Card,1076.7,57190.14,129.4,4.0,1.0,6.0,15.0,No
CUST14586,Male,61,Bengaluru,48,Monthly,Standard,DSL,UPI,1099.96,39416.59,0.5,2.0,1.0,8.0,25.0,No
CUST14587,Male,62,Mumbai,38,Monthly,Basic,,Bank Transfer,533.72,17734.76,1.4,1.0,2.0,,15.0,No
CUST14588,Male,60,Jaipur,9,Monthly,Basic,DSL,UPI,700.39,5026.53,114.1,1.0,0.0,7.0,15.0,Yes
CUST14589,Female,61,Kolkata,9,Quarterly,Basic,Fiber,Credit Card,852.05,6804.37,259.0,4.0,2.0,4.0,5.0,Yes
CUST14590,Male,50,Bengaluru,33,Yearly,Basic,DSL,Credit Card,686.4,19617.3,129.7,3.0,1.0,7.0,10.0,No
CUST14591,Male,34,,24,Yearly,Premium,Fiber,Bank Transfer,1586.49,35829.85,152.0,2.0,2.0,6.0,5.0,No
CUST14592,Female,65,Hyderabad,17,Monthly,Basic,DSL,Bank Transfer,634.65,11201.68,59.2,2.0,2.0,10.0,0.0,No
CUST14593,Female,28,Ahmedabad,15,Monthly,Standard,Fiber,UPI,1091.86,16012.53,164.9,0.0,1.0,8.0,0.0,Yes
CUST14594,Female,30,Chennai,3,Yearly,Basic,Fiber,UPI,811.43,2294.42,165.6,2.0,2.0,5.0,5.0,No
CUST14595,Male,67,Pune,32,Monthly,Premium,,Debit Card,1550.39,49367.52,219.2,1.0,1.0,8.0,0.0,No
CUST14596,Female,28,Kochi,23,Monthly,Standard,Fiber,Credit Card,1162.88,25134.15,199.1,1.0,1.0,7.0,5.0,No
CUST14597,Male,48,Mumbai,12,Quarterly,Basic,DSL,UPI,586.09,7689.8,54.4,,1.0,7.0,0.0,No
CUST14598,Female,45,Pune,56,Quarterly,Premium,DSL,Bank Transfer,1408.79,74873.12,84.8,1.0,1.0,7.0,5.0,No
CUST14599,Male,61,Hyderabad,9,Yearly,Basic,DSL,UPI,682.7,4288.14,130.1,1.0,1.0,5.0,20.0,No
CUST14600,Female,23,Bengaluru,9,Quarterly,Standard,,,912.62,,0.5,1.0,0.0,7.0,5.0,No
CUST14601,Male,58,Bengaluru,19,Monthly,Standard,Fiber,UPI,1128.0,20903.04,180.6,2.0,0.0,6.0,0.0,No
CUST14602,Female,33,Bengaluru,28,Monthly,Standard,Fiber,UPI,1280.32,35262.58,151.5,3.0,2.0,3.0,0.0,No
CUST14603,Male,21,Pune,47,Yearly,Premium,Fiber,Credit Card,1739.35,65830.2,159.2,3.0,2.0,5.0,20.0,Yes
CUST14604,Male,52,Chennai,25,Quarterly,Premium,DSL,Credit Card,1543.35,30762.96,101.3,2.0,1.0,6.0,20.0,No
CUST14605,Male,65,Chennai,35,Quarterly,Premium,Fiber,UPI,1521.46,42633.72,233.8,2.0,1.0,5.0,20.0,No
CUST14606,Male,43,Bengaluru,38,Yearly,Premium,Fiber,Bank Transfer,1641.56,62253.9,222.6,3.0,2.0,7.0,0.0,No
CUST14607,Male,29,Hyderabad,40,Quarterly,Standard,Fiber,Credit Card,1122.84,42567.04,157.1,0.0,0.0,8.0,5.0,No
CUST14608,Male,28,Jaipur,25,Monthly,Basic,,UPI,483.96,,2.1,1.0,2.0,7.0,25.0,No
CUST14609,Male,54,Delhi,25,Quarterly,Standard,DSL,Bank Transfer,989.33,25241.27,136.1,1.0,3.0,7.0,0.0,Yes
CUST14610,Male,42,Pune,14,Quarterly,Standard,Fiber,Cash,1210.89,17846.9,161.5,3.0,0.0,7.0,0.0,No
CUST14611,Female,35,Kolkata,20,Monthly,Basic,DSL,Debit Card,680.09,13162.7,47.8,1.0,2.0,7.0,0.0,No
CUST14612,Male,36,Kolkata,16,Monthly,Standard,Fiber,Bank Transfer,1203.09,14241.66,230.5,2.0,1.0,8.0,25.0,Yes
CUST14613,Male,40,Chennai,28,Quarterly,Premium,Fiber,UPI,1701.0,45344.09,201.1,4.0,0.0,4.0,5.0,No
CUST14614,Female,55,Ahmedabad,45,Monthly,Basic,DSL,UPI,661.86,24613.59,87.2,1.0,3.0,7.0,20.0,No
CUST14615,Male,35,Delhi,16,Quarterly,Premium,,,1471.35,23194.31,177.1,0.0,1.0,7.0,0.0,No
CUST14616,Female,43,Jaipur,34,Monthly,Standard,Fiber,Cash,1148.79,33672.84,158.8,2.0,1.0,8.0,15.0,No
CUST14617,Male,23,Mumbai,8,Yearly,Basic,DSL,Credit Card,864.24,6609.05,76.1,1.0,0.0,8.0,0.0,No
CUST14618,Female,21,Delhi,35,Monthly,Premium,DSL,UPI,1505.09,53164.97,106.7,0.0,2.0,7.0,0.0,No
CUST14619,Female,61,Bengaluru,11,Monthly,Premium,,Credit Card,1181.64,11744.79,8.5,1.0,0.0,9.0,10.0,Yes
CUST14620,Male,68,Ahmedabad,65,Monthly,Basic,Fiber,UPI,816.36,49888.87,314.6,4.0,1.0,6.0,5.0,No
CUST14621,Female,46,Hyderabad,32,Monthly,Basic,Fiber,UPI,925.89,26606.62,130.6,2.0,3.0,7.0,10.0,No
CUST14622,Male,51,Mumbai,36,Monthly,Standard,Fiber,Credit Card,1207.81,32917.86,247.7,2.0,1.0,6.0,25.0,No
CUST14623,Male,34,Mumbai,43,Monthly,Premium,DSL,Credit Card,1499.82,63052.07,,4.0,0.0,6.0,0.0,Yes
CUST14624,Male,60,Jaipur,16,Quarterly,Basic,Fiber,UPI,807.58,,140.7,4.0,0.0,8.0,0.0,No
CUST14625,Male,60,Ahmedabad,21,Monthly,Basic,Fiber,UPI,893.3,16150.6,299.5,4.0,2.0,6.0,10.0,No
CUST14626,Female,70,,15,Quarterly,Standard,Fiber,Debit Card,1271.68,15150.97,276.9,2.0,2.0,7.0,20.0,No
CUST14627,Male,33,Pune,15,Quarterly,Standard,DSL,Debit Card,1140.29,14484.17,74.2,2.0,1.0,5.0,15.0,Yes
CUST14628,Female,19,Hyderabad,5,Quarterly,Basic,Fiber,Credit Card,800.9,2440.34,140.3,1.0,2.0,9.0,5.0,Yes
CUST14629,Female,51,Delhi,25,Monthly,Premium,Fiber,Bank Transfer,1593.17,35539.04,83.2,1.0,0.0,6.0,10.0,No
CUST14630,Male,25,Jaipur,22,Quarterly,Premium,Fiber,UPI,1577.12,34905.55,249.0,3.0,1.0,6.0,0.0,No
CUST14631,Male,30,Bengaluru,4,Monthly,Premium,Fiber,UPI,1533.06,7063.7,67.4,1.0,0.0,,0.0,Yes
CUST14632,Male,59,Hyderabad,32,Yearly,Basic,Fiber,Bank Transfer,841.16,24636.68,172.0,6.0,1.0,6.0,10.0,No
CUST14633,Male,25,Delhi,19,,Premium,Fiber,Credit Card,1645.36,27025.26,130.9,4.0,0.0,5.0,15.0,Yes
CUST14634,Female,47,Hyderabad,14,Monthly,Standard,DSL,Credit Card,988.72,12070.77,106.0,3.0,0.0,7.0,5.0,No
CUST14635,Male,49,Hyderabad,25,Monthly,Basic,Fiber,Cash,890.14,19877.49,281.5,2.0,1.0,5.0,10.0,No
CUST14636,Female,53,Chennai,19,Monthly,Standard,Fiber,Credit Card,1238.94,23272.67,86.3,2.0,,8.0,5.0,Yes
CUST14637,Male,64,Bengaluru,72,Monthly,Basic,Fiber,UPI,1040.2,71648.84,184.5,2.0,0.0,6.0,5.0,No
CUST14638,Male,47,Chennai,59,Quarterly,Standard,,Cash,873.95,40994.25,2.8,3.0,1.0,6.0,20.0,No
CUST14639,Male,18,Mumbai,40,Quarterly,Standard,Fiber,UPI,1257.66,47848.23,164.2,3.0,1.0,7.0,5.0,No
CUST14640,Male,60,Mumbai,7,Monthly,Standard,DSL,Debit Card,1071.04,7987.17,161.7,0.0,1.0,7.0,0.0,No
CUST14641,Female,56,Bengaluru,28,Quarterly,Basic,DSL,Credit Card,733.55,17935.66,69.9,2.0,0.0,9.0,15.0,No
CUST14642,Female,34,Kolkata,35,Yearly,Standard,Fiber,Credit Card,1182.12,37173.58,151.2,1.0,3.0,8.0,10.0,No
CUST14643,Male,37,Hyderabad,53,Quarterly,Basic,,Debit Card,890.7,42364.0,289.0,1.0,0.0,8.0,10.0,No
CUST14644,Female,41,Pune,24,Monthly,Premium,DSL,Credit Card,1278.83,24774.43,76.5,1.0,2.0,6.0,20.0,Yes
CUST14645,Female,67,Kolkata,27,Quarterly,Standard,DSL,Bank Transfer,1023.84,28131.17,110.9,4.0,2.0,5.0,0.0,Yes
CUST14646,Male,39,Pune,9,Monthly,Basic,DSL,Cash,785.06,6516.08,156.5,1.0,0.0,6.0,5.0,No
CUST14647,Male,46,Hyderabad,8,Yearly,Basic,DSL,UPI,691.04,4050.49,98.8,1.0,1.0,6.0,10.0,No
CUST14648,Female,39,Delhi,10,Monthly,Standard,Fiber,Bank Transfer,1316.22,13122.16,82.2,1.0,1.0,7.0,0.0,Yes
CUST14649,Female,61,Delhi,8,Monthly,Standard,DSL,UPI,1060.02,6576.59,74.6,3.0,1.0,7.0,15.0,No
CUST14650,Female,26,Pune,23,Quarterly,Standard,Fiber,UPI,1189.51,25589.55,115.1,0.0,0.0,8.0,10.0,No
CUST14651,Female,54,,20,Monthly,Basic,Fiber,Cash,966.87,16927.03,225.3,2.0,1.0,6.0,10.0,No
CUST14652,Male,27,Ahmedabad,22,Quarterly,Standard,DSL,Credit Card,1095.13,20420.02,142.6,2.0,2.0,6.0,15.0,No
CUST14653,Male,53,Jaipur,24,Monthly,Basic,Fiber,UPI,990.63,23419.98,255.6,5.0,2.0,6.0,0.0,No
CUST14654,Female,54,Mumbai,47,Quarterly,Standard,Fiber,Debit Card,1306.21,54993.68,211.5,1.0,1.0,7.0,10.0,No
CUST14655,Male,45,Bengaluru,52,Monthly,Premium,Fiber,UPI,1717.22,76318.18,169.4,1.0,1.0,8.0,15.0,No
CUST14656,Female,45,Pune,52,Monthly,Standard,Fiber,Credit Card,1236.55,55181.99,184.6,1.0,2.0,7.0,15.0,No
CUST14657,Female,59,Delhi,30,Quarterly,Basic,DSL,Debit Card,667.04,19338.56,123.3,2.0,0.0,8.0,5.0,No
CUST14658,Male,60,Bengaluru,13,Monthly,Premium,Fiber,Bank Transfer,1580.93,20008.48,169.3,2.0,1.0,6.0,5.0,Yes
CUST14659,Female,38,Jaipur,9,Monthly,Basic,DSL,UPI,881.12,7666.97,75.3,2.0,0.0,7.0,0.0,No
CUST14660,Female,41,Mumbai,6,Quarterly,Standard,Fiber,UPI,1220.75,5677.81,158.9,4.0,0.0,6.0,15.0,No
CUST14661,Male,59,Jaipur,29,Quarterly,Standard,Fiber,UPI,1165.27,31728.6,149.0,2.0,1.0,6.0,5.0,No
CUST14662,Male,57,Kolkata,22,Monthly,Basic,Fiber,UPI,856.41,17172.44,235.3,2.0,0.0,6.0,10.0,No
CUST14663,,19,Kolkata,18,Quarterly,Basic,Fiber,Cash,813.8,15256.88,128.1,3.0,1.0,6.0,0.0,No
CUST14664,Female,25,Mumbai,36,Monthly,Basic,Fiber,Cash,973.55,30925.72,212.2,3.0,0.0,5.0,10.0,No
CUST14665,Male,65,Mumbai,21,Monthly,Premium,DSL,Bank Transfer,1413.86,29513.39,66.2,3.0,1.0,5.0,0.0,No
CUST14666,Female,44,Chennai,70,Monthly,Premium,Fiber,Debit Card,1521.38,85060.77,207.2,1.0,2.0,8.0,20.0,No
CUST14667,Female,39,Mumbai,7,Monthly,Standard,Fiber,Bank Transfer,1130.41,6339.42,113.8,1.0,0.0,9.0,15.0,Yes
CUST14668,Male,54,Delhi,23,Yearly,Basic,Fiber,UPI,691.26,16197.41,186.3,1.0,1.0,8.0,0.0,No
CUST14669,Male,44,Delhi,5,Monthly,Premium,Fiber,UPI,1656.49,7953.5,229.1,2.0,0.0,7.0,10.0,No
CUST14670,Male,46,Bengaluru,34,Quarterly,Standard,Fiber,Credit Card,1181.01,37365.38,164.1,2.0,1.0,7.0,10.0,No
CUST14671,Male,20,Mumbai,7,Yearly,Standard,DSL,Bank Transfer,951.7,6650.08,123.0,2.0,0.0,9.0,15.0,No
CUST14672,Male,61,Kolkata,25,Yearly,Standard,Fiber,Credit Card,1310.97,28253.14,131.1,0.0,2.0,8.0,15.0,Yes
CUST14673,Male,30,Mumbai,13,Monthly,Standard,Fiber,Credit Card,1203.72,11506.4,197.7,3.0,1.0,3.0,25.0,No
CUST14674,Female,62,Bengaluru,11,Yearly,Standard,DSL,UPI,870.68,9452.09,61.7,3.0,0.0,6.0,5.0,No
CUST14675,Female,27,Pune,13,Yearly,Standard,Fiber,Debit Card,1257.74,15373.16,146.0,1.0,1.0,7.0,0.0,No
CUST14676,Male,53,Kochi,19,Monthly,Standard,Fiber,Bank Transfer,1119.14,19467.93,64.6,1.0,2.0,9.0,,No
CUST14677,Male,26,Delhi,8,Monthly,Premium,DSL,Credit Card,1497.63,10366.71,123.1,1.0,0.0,8.0,15.0,No
CUST14678,Female,44,Bengaluru,7,Monthly,Basic,DSL,Debit Card,790.41,5571.33,88.6,,0.0,6.0,0.0,No
CUST14679,Female,51,Chennai,31,Quarterly,Standard,Fiber,Credit Card,1210.99,37149.9,224.8,1.0,0.0,8.0,0.0,Yes
CUST14680,Female,68,Jaipur,3,Quarterly,Basic,DSL,Bank Transfer,649.86,2054.09,75.0,1.0,1.0,10.0,15.0,No
CUST14681,Male,18,Kolkata,25,Monthly,Standard,Fiber,Credit Card,1101.39,22909.71,367.3,3.0,0.0,8.0,15.0,No
CUST14682,Male,49,Pune,4,Quarterly,Basic,DSL,Credit Card,746.09,3511.97,115.6,2.0,1.0,6.0,0.0,No
CUST14683,Female,42,Delhi,23,Monthly,Basic,,Credit Card,474.69,9580.66,7.7,1.0,0.0,9.0,15.0,No
CUST14684,Male,46,Chennai,11,Yearly,Premium,Fiber,UPI,1697.55,18887.78,94.8,4.0,3.0,6.0,0.0,Yes
CUST14685,Male,24,Bengaluru,35,Monthly,Basic,Fiber,Bank Transfer,891.88,30723.81,68.5,2.0,0.0,6.0,0.0,No
CUST14686,Male,66,Pune,46,Quarterly,Standard,Fiber,Cash,1119.61,48600.82,48.7,0.0,0.0,8.0,5.0,No
CUST14687,Female,20,Kolkata,17,Monthly,Premium,Fiber,Credit Card,1679.88,22102.85,170.7,3.0,2.0,6.0,20.0,Yes
CUST14688,Female,37,Kochi,24,Monthly,Standard,Fiber,UPI,1047.14,23038.33,125.1,0.0,2.0,7.0,10.0,No
CUST14689,Male,37,Mumbai,41,Quarterly,Basic,DSL,Debit Card,739.45,28819.73,116.5,1.0,2.0,6.0,5.0,Yes
CUST14690,Male,70,Bengaluru,16,Monthly,Basic,Fiber,Credit Card,944.49,14843.11,259.1,2.0,1.0,6.0,0.0,No
CUST14691,Male,47,Chennai,33,Monthly,Premium,Fiber,UPI,1517.68,45006.93,208.4,1.0,1.0,7.0,10.0,No
CUST14692,Male,52,Pune,11,Yearly,Standard,DSL,UPI,1015.41,10577.45,70.7,3.0,1.0,7.0,10.0,No
CUST14693,Male,52,Ahmedabad,26,Monthly,Standard,DSL,Bank Transfer,996.05,18853.27,94.7,,0.0,6.0,25.0,No
CUST14694,Female,66,Mumbai,26,Yearly,Standard,Fiber,Bank Transfer,1110.04,24312.67,141.7,3.0,0.0,5.0,15.0,No
CUST14695,Male,56,Mumbai,25,Monthly,Standard,DSL,Bank Transfer,1056.12,25613.14,74.6,2.0,0.0,,0.0,No
CUST14696,Male,44,Chennai,59,Monthly,Standard,,Credit Card,918.08,48223.96,1.8,2.0,1.0,6.0,10.0,No
CUST14697,Male,43,Delhi,25,Monthly,Basic,Fiber,Bank Transfer,1060.3,26382.08,222.8,4.0,1.0,5.0,0.0,No
CUST14698,Female,31,Ahmedabad,25,Yearly,Standard,Fiber,Debit Card,1260.96,24185.12,277.4,1.0,0.0,7.0,25.0,No
CUST14699,Female,34,Hyderabad,23,Monthly,Standard,DSL,Credit Card,1028.45,,78.8,2.0,1.0,6.0,0.0,Yes
CUST14700,Male,35,Ahmedabad,44,Yearly,Basic,DSL,Bank Transfer,839.17,37418.25,133.6,3.0,2.0,5.0,0.0,No
CUST14701,Female,62,Chennai,11,Yearly,Basic,Fiber,Cash,809.67,8792.68,232.6,0.0,0.0,6.0,5.0,No
CUST14702,Female,69,Kolkata,50,Monthly,Standard,Fiber,Bank Transfer,1157.1,57374.61,209.9,3.0,2.0,6.0,0.0,No
CUST14703,Female,46,Delhi,24,Quarterly,Standard,DSL,Bank Transfer,1126.21,27876.41,118.2,0.0,1.0,8.0,0.0,No
CUST14704,Female,37,Ahmedabad,9,Quarterly,Standard,,Bank Transfer,797.36,7188.41,0.5,2.0,0.0,9.0,5.0,Yes
CUST14705,Female,70,Mumbai,27,Monthly,Standard,DSL,Debit Card,1054.62,27949.37,119.8,3.0,1.0,7.0,5.0,No
CUST14706,Female,44,Chennai,26,Monthly,Standard,,Bank Transfer,793.91,20446.5,0.5,3.0,1.0,6.0,5.0,No
CUST14707,Male,35,Mumbai,6,Monthly,Premium,DSL,Credit Card,1432.75,6831.51,116.6,1.0,0.0,8.0,20.0,Yes
CUST14708,Female,21,Hyderabad,21,Quarterly,Standard,,UPI,844.46,16602.46,8.9,1.0,0.0,7.0,5.0,Yes
CUST14709,Female,18,Delhi,40,Quarterly,Basic,DSL,Bank Transfer,787.71,24089.38,157.2,2.0,0.0,6.0,20.0,No
CUST14710,Male,67,Mumbai,26,Monthly,Standard,,Cash,863.26,22527.88,8.3,1.0,0.0,8.0,0.0,No
CUST14711,Male,18,Kochi,5,Monthly,Standard,Fiber,Credit Card,1257.2,6266.35,40.6,4.0,1.0,6.0,0.0,Yes
CUST14712,Male,43,,20,Yearly,Premium,DSL,Bank Transfer,,26345.12,118.1,3.0,0.0,5.0,10.0,Yes
CUST14713,Male,62,Kolkata,7,Monthly,Basic,Fiber,UPI,884.01,5938.6,161.4,2.0,0.0,7.0,0.0,No
CUST14714,Female,37,Kochi,12,Quarterly,Standard,Fiber,Cash,1151.26,14074.69,,3.0,0.0,,0.0,Yes
CUST14715,Female,69,Bengaluru,37,Monthly,Basic,Fiber,Debit Card,826.83,23532.12,89.4,2.0,1.0,8.0,20.0,No
CUST14716,Female,40,,17,Yearly,Basic,Fiber,Debit Card,681.79,11651.3,183.3,4.0,1.0,5.0,5.0,No
CUST14717,Female,27,Mumbai,30,Yearly,Standard,Fiber,Bank Transfer,1190.79,36161.12,181.0,4.0,0.0,8.0,0.0,No
CUST14718,Male,28,Bengaluru,38,Monthly,Basic,,Bank Transfer,458.56,,4.3,6.0,1.0,6.0,15.0,No
CUST14719,Female,58,Hyderabad,50,Monthly,Standard,DSL,Bank Transfer,979.91,48957.5,102.6,1.0,1.0,6.0,0.0,No
CUST14720,Female,58,Jaipur,44,Monthly,Premium,,Cash,1225.96,48706.79,7.2,1.0,1.0,6.0,10.0,No
CUST14721,Male,22,Bengaluru,44,Monthly,Premium,,UPI,1208.31,53573.1,0.5,4.0,0.0,7.0,0.0,No
CUST14722,Female,18,Chennai,33,Monthly,Basic,Fiber,UPI,943.81,32160.12,222.0,0.0,1.0,8.0,0.0,No
CUST14723,Female,34,Hyderabad,48,Quarterly,Standard,Fiber,Bank Transfer,1186.67,56697.09,127.4,4.0,0.0,6.0,0.0,No
CUST14724,Female,39,Jaipur,11,Monthly,Premium,Fiber,Cash,1730.14,15907.21,165.0,3.0,1.0,6.0,20.0,Yes
CUST14725,Female,51,Bengaluru,24,Monthly,Basic,Fiber,Credit Card,1075.52,25701.69,270.7,3.0,0.0,7.0,0.0,No
CUST14726,Male,62,Pune,14,Quarterly,Standard,DSL,UPI,1025.51,13440.3,95.7,3.0,1.0,7.0,5.0,No
CUST14727,Male,58,Pune,3,Quarterly,Premium,Fiber,Credit Card,1532.24,4467.73,236.5,2.0,2.0,6.0,0.0,No
CUST14728,Male,46,Pune,22,Monthly,Basic,Fiber,Credit Card,758.94,16403.31,166.0,1.0,0.0,8.0,,No
CUST14729,Male,21,Kochi,16,Quarterly,Premium,Fiber,Bank Transfer,1746.22,26256.5,231.5,1.0,2.0,7.0,5.0,Yes
CUST14730,Male,22,Ahmedabad,5,Quarterly,Standard,Fiber,UPI,1142.09,5478.29,177.0,0.0,0.0,9.0,5.0,No
CUST14731,Female,28,Bengaluru,31,Quarterly,Basic,Fiber,UPI,856.78,23647.64,165.2,3.0,1.0,6.0,10.0,No
CUST14732,Female,68,Hyderabad,26,Monthly,Standard,DSL,Bank Transfer,994.03,20461.58,107.8,1.0,1.0,7.0,20.0,No
CUST14733,Male,38,Delhi,26,Monthly,,Fiber,UPI,873.87,23395.98,118.5,2.0,,7.0,0.0,No
CUST14734,Male,52,Delhi,12,Yearly,Basic,Fiber,Bank Transfer,861.84,10336.75,,1.0,0.0,7.0,0.0,Yes
CUST14735,Male,29,Hyderabad,9,Yearly,Standard,Fiber,Credit Card,1266.14,8783.17,213.6,5.0,1.0,5.0,20.0,No
CUST14736,Female,43,Delhi,37,Quarterly,Standard,DSL,Debit Card,830.33,,98.6,1.0,0.0,7.0,25.0,No
CUST14737,Male,68,Hyderabad,17,Monthly,Standard,Fiber,UPI,1184.99,19277.26,129.9,0.0,0.0,9.0,5.0,No
CUST14738,Female,36,Kochi,31,Quarterly,Basic,Fiber,UPI,957.44,28170.49,274.8,3.0,0.0,8.0,5.0,Yes
CUST14739,Female,62,Bengaluru,30,Yearly,Premium,Fiber,Credit Card,1544.77,46344.32,279.4,1.0,0.0,5.0,0.0,No
CUST14740,Female,24,Jaipur,17,Monthly,Standard,,Bank Transfer,897.07,14338.25,1.5,0.0,1.0,9.0,5.0,No
CUST14741,Female,64,Hyderabad,14,Monthly,Premium,,Debit Card,1257.16,18122.26,10.5,1.0,0.0,8.0,0.0,No
CUST14742,Male,24,Pune,19,Quarterly,Premium,Fiber,UPI,1542.58,22270.02,178.3,1.0,0.0,9.0,25.0,No
CUST14743,Female,43,Ahmedabad,47,Yearly,Basic,DSL,Bank Transfer,605.02,28323.62,75.1,3.0,2.0,6.0,0.0,No
CUST14744,Female,57,Delhi,5,Monthly,Basic,Fiber,UPI,932.52,4494.44,211.5,1.0,0.0,9.0,5.0,No
CUST14745,Male,22,Hyderabad,24,Quarterly,Premium,Fiber,Cash,1625.46,34702.58,163.2,1.0,2.0,7.0,10.0,Yes
CUST14746,Female,38,Hyderabad,10,Quarterly,Standard,Fiber,UPI,1140.75,11370.63,110.5,2.0,0.0,7.0,0.0,No
CUST14747,Female,31,Delhi,15,Quarterly,Basic,Fiber,Credit Card,960.79,13346.11,72.4,1.0,1.0,8.0,5.0,No
CUST14748,,21,Jaipur,46,Quarterly,Standard,DSL,UPI,1011.2,34984.2,88.9,5.0,0.0,8.0,25.0,No
CUST14749,Male,40,Ahmedabad,23,Quarterly,Basic,,Debit Card,632.75,13773.85,7.0,0.0,1.0,,5.0,No
CUST14750,Female,59,Bengaluru,42,Monthly,Basic,Fiber,Credit Card,924.24,30934.02,180.2,4.0,1.0,6.0,20.0,No
CUST14751,Female,37,Bengaluru,31,Monthly,Standard,Fiber,Credit Card,1318.4,40941.84,202.8,4.0,2.0,5.0,0.0,No
CUST14752,Male,32,Hyderabad,35,Quarterly,Basic,Fiber,UPI,929.04,32665.69,191.6,3.0,0.0,6.0,0.0,No
CUST14753,Male,67,Bengaluru,29,Monthly,Premium,DSL,Bank Transfer,1452.24,34237.16,72.3,3.0,0.0,6.0,20.0,No
CUST14754,Female,69,Pune,35,Quarterly,Premium,,Bank Transfer,1099.23,38862.34,5.4,1.0,0.0,6.0,0.0,No
CUST14755,Female,62,Bengaluru,32,Quarterly,Standard,DSL,Debit Card,1054.29,30839.09,64.4,4.0,1.0,6.0,10.0,No
CUST14756,Male,46,Chennai,62,Monthly,Basic,DSL,Debit Card,730.86,42871.64,113.9,1.0,2.0,7.0,5.0,No
CUST14757,Female,25,Bengaluru,16,Quarterly,Basic,Fiber,Debit Card,1029.21,15787.85,205.7,1.0,1.0,6.0,5.0,No
CUST14758,Male,58,Delhi,5,Monthly,Standard,DSL,UPI,1067.08,5669.3,118.5,4.0,1.0,5.0,10.0,No
CUST14759,Female,65,Pune,37,Monthly,Standard,Fiber,Cash,1262.6,41996.15,108.3,3.0,2.0,7.0,10.0,Yes
CUST14760,Male,36,Hyderabad,15,Monthly,Basic,,UPI,662.31,8012.39,8.8,3.0,2.0,5.0,20.0,No
CUST14761,Female,65,Kochi,17,Yearly,Standard,Fiber,Debit Card,1307.16,22293.08,187.0,1.0,0.0,10.0,0.0,No
CUST14762,Male,56,Jaipur,8,Monthly,Standard,DSL,Debit Card,1043.04,7457.91,115.4,2.0,0.0,7.0,10.0,No
CUST14763,Male,63,Delhi,50,Quarterly,Premium,Fiber,Debit Card,1770.31,89159.58,159.8,2.0,0.0,7.0,0.0,No
CUST14764,Male,45,Bengaluru,54,Monthly,Premium,Fiber,Bank Transfer,1559.51,75571.13,155.0,0.0,1.0,7.0,10.0,No
CUST14765,Male,63,Ahmedabad,18,Monthly,Standard,DSL,UPI,1156.44,21355.89,85.8,3.0,0.0,5.0,0.0,No
CUST14766,Male,44,Jaipur,25,Monthly,Standard,DSL,Bank Transfer,990.27,23903.67,167.4,,0.0,5.0,5.0,No
CUST14767,Female,21,Ahmedabad,13,Quarterly,Basic,DSL,Debit Card,,10614.01,38.3,2.0,1.0,8.0,0.0,No
CUST14768,Female,32,Bengaluru,72,Monthly,Basic,DSL,UPI,,48243.27,,1.0,2.0,8.0,0.0,No
CUST14769,Male,52,Kochi,8,Monthly,Premium,,Credit Card,1649.5,11860.05,229.9,4.0,0.0,5.0,10.0,Yes
CUST14770,Female,54,Mumbai,29,Quarterly,Standard,DSL,Bank Transfer,981.69,29048.62,59.7,5.0,0.0,6.0,0.0,No
CUST14771,Female,18,Kolkata,21,Monthly,Basic,DSL,Credit Card,667.06,13145.87,114.6,2.0,0.0,9.0,10.0,No
CUST14772,Female,20,Jaipur,21,Monthly,Standard,Fiber,Credit Card,1122.7,22797.85,71.4,4.0,1.0,4.0,5.0,Yes
CUST14773,Female,64,Mumbai,28,Monthly,Premium,DSL,Credit Card,,41672.31,121.6,2.0,0.0,7.0,0.0,Yes
CUST14774,Female,41,Jaipur,8,Monthly,Basic,,Debit Card,589.56,4502.44,4.0,2.0,1.0,6.0,5.0,No
CUST14775,Female,44,Delhi,66,Quarterly,Basic,DSL,Bank Transfer,789.22,44588.4,32.4,2.0,3.0,6.0,15.0,No
CUST14776,Male,57,Kochi,33,Monthly,,Fiber,UPI,1617.71,39919.9,211.1,3.0,2.0,7.0,25.0,No
CUST14777,Female,53,Delhi,28,Monthly,Standard,DSL,Credit Card,1011.28,27318.84,131.7,3.0,0.0,7.0,5.0,No
CUST14778,Female,51,Kochi,32,Yearly,Standard,Fiber,Credit Card,1142.29,36629.14,198.8,3.0,2.0,7.0,0.0,No
CUST14779,Female,46,Bengaluru,21,Yearly,Basic,DSL,UPI,667.2,14518.18,129.1,2.0,1.0,4.0,0.0,No
CUST14780,Male,41,Pune,45,Yearly,Premium,,Cash,1512.4,57142.1,229.7,0.0,1.0,8.0,15.0,No
CUST14781,Female,41,Chennai,54,Yearly,Premium,,UPI,1347.04,65162.56,3.3,3.0,0.0,7.0,10.0,No
CUST14782,Female,59,Hyderabad,11,Quarterly,Standard,DSL,UPI,965.29,10451.71,86.3,4.0,1.0,8.0,0.0,No
CUST14783,Female,21,Mumbai,27,Quarterly,Basic,Fiber,Bank Transfer,825.43,21378.54,248.4,5.0,2.0,6.0,5.0,No
CUST14784,Male,20,Pune,28,Quarterly,Standard,DSL,UPI,970.15,22901.65,,2.0,0.0,7.0,15.0,No
CUST14785,Female,51,Mumbai,10,Quarterly,Basic,Fiber,Bank Transfer,793.86,8631.76,203.7,1.0,0.0,10.0,5.0,No
CUST14786,Male,66,Chennai,20,Quarterly,Basic,Fiber,Bank Transfer,924.37,15104.94,225.2,1.0,1.0,7.0,15.0,No
CUST14787,Female,40,Mumbai,64,Monthly,Standard,Fiber,UPI,1157.13,74566.15,262.2,1.0,2.0,7.0,0.0,No
CUST14788,Male,70,Kochi,40,Yearly,Basic,Fiber,UPI,886.9,32543.49,186.6,,0.0,5.0,10.0,No
CUST14789,Male,69,Bengaluru,22,Quarterly,Premium,,UPI,1240.68,26179.35,5.7,1.0,1.0,7.0,,No
CUST14790,Male,40,Mumbai,42,Yearly,Basic,Fiber,UPI,923.09,36673.51,115.2,1.0,2.0,6.0,5.0,Yes
CUST14791,Female,62,Mumbai,38,Monthly,Standard,DSL,UPI,1058.1,36177.43,93.5,0.0,0.0,,10.0,No
CUST14792,Male,22,Hyderabad,37,Monthly,Basic,Fiber,Bank Transfer,,35372.23,262.9,0.0,1.0,6.0,5.0,No
CUST14793,Male,48,Mumbai,6,Monthly,Standard,DSL,Bank Transfer,996.57,4881.16,71.1,2.0,1.0,5.0,5.0,No
CUST14794,Male,70,Hyderabad,30,Monthly,Basic,DSL,UPI,702.63,20761.75,119.7,4.0,3.0,5.0,0.0,No
CUST14795,Male,58,Jaipur,16,Monthly,Standard,Fiber,Bank Transfer,1192.89,14045.89,164.3,1.0,3.0,5.0,25.0,Yes
CUST14796,Female,23,Kolkata,25,,Standard,,UPI,844.14,17155.11,4.6,2.0,0.0,8.0,20.0,No
CUST14797,Female,54,Chennai,33,Monthly,Premium,Fiber,Debit Card,1481.37,46985.44,170.6,1.0,1.0,9.0,5.0,No
CUST14798,Female,27,Bengaluru,12,Monthly,Standard,DSL,UPI,923.87,12076.93,136.0,2.0,0.0,7.0,0.0,No
CUST14799,Female,57,Pune,13,Quarterly,Basic,Fiber,UPI,888.74,10621.48,148.7,1.0,0.0,8.0,0.0,No
CUST14800,Male,24,Mumbai,29,Yearly,Basic,Fiber,Bank Transfer,1010.86,24403.82,184.3,2.0,1.0,4.0,15.0,No
CUST14801,Female,56,Kolkata,9,Monthly,Standard,DSL,Credit Card,1168.78,8244.15,84.3,2.0,1.0,7.0,20.0,No
CUST14802,Male,55,Mumbai,32,Quarterly,Basic,DSL,Debit Card,660.62,21417.9,58.6,0.0,0.0,8.0,0.0,No
CUST14803,Female,38,Hyderabad,55,Monthly,Standard,Fiber,Credit Card,1165.56,58077.42,85.1,2.0,0.0,8.0,10.0,No
CUST14804,Female,37,Delhi,40,Monthly,Premium,,UPI,1263.0,44878.6,4.7,2.0,1.0,5.0,10.0,No
CUST14805,Female,20,Ahmedabad,52,Quarterly,,Fiber,Bank Transfer,1624.31,84652.31,224.3,3.0,2.0,6.0,0.0,No
CUST14806,Male,68,Bengaluru,19,Quarterly,Premium,DSL,Bank Transfer,1372.11,23486.65,58.9,1.0,0.0,9.0,5.0,No
CUST14807,Female,39,Chennai,30,Yearly,Premium,Fiber,UPI,1736.2,47023.36,223.4,1.0,3.0,,10.0,Yes
CUST14808,Female,64,Bengaluru,40,Monthly,Standard,DSL,Credit Card,1004.38,40162.13,126.1,,1.0,7.0,0.0,No
CUST14809,Female,21,,8,Yearly,Standard,Fiber,Debit Card,1229.51,9786.26,259.4,1.0,1.0,8.0,0.0,Yes
CUST14810,Male,45,Jaipur,12,Monthly,Standard,Fiber,Debit Card,1173.66,13888.0,311.3,5.0,3.0,,0.0,Yes
CUST14811,Female,29,Hyderabad,28,Monthly,Premium,,Debit Card,1224.05,27373.88,11.6,2.0,1.0,8.0,20.0,No
CUST14812,Female,55,Hyderabad,18,Monthly,Basic,Fiber,Debit Card,960.54,15721.55,222.2,2.0,1.0,6.0,10.0,Yes
CUST14813,Male,68,Jaipur,8,Quarterly,Standard,Fiber,Cash,1278.8,10549.23,268.2,5.0,1.0,5.0,5.0,Yes
CUST14814,Male,53,Chennai,15,Monthly,Basic,Fiber,Credit Card,954.46,12242.59,232.9,1.0,0.0,7.0,10.0,No
CUST14815,Female,64,Hyderabad,17,Monthly,Basic,Fiber,Debit Card,,10437.77,205.0,4.0,0.0,5.0,25.0,Yes
CUST14816,Female,58,,34,Quarterly,Standard,Fiber,Debit Card,1092.35,37410.33,174.0,2.0,1.0,6.0,0.0,Yes
CUST14817,Female,22,Pune,45,Monthly,Standard,Fiber,Debit Card,1412.83,63547.2,117.6,1.0,1.0,7.0,0.0,No
CUST14818,Male,30,Bengaluru,13,Monthly,Standard,Fiber,Credit Card,1224.56,15981.35,164.8,2.0,3.0,8.0,0.0,Yes
CUST14819,Male,40,Ahmedabad,17,Monthly,Standard,DSL,Debit Card,978.17,13009.8,86.9,2.0,1.0,8.0,20.0,Yes
CUST14820,Male,67,Hyderabad,3,Monthly,Standard,DSL,Debit Card,1125.38,3620.02,4.1,4.0,0.0,7.0,5.0,Yes
CUST14821,Female,47,Bengaluru,41,Quarterly,Basic,,Debit Card,477.53,15555.74,12.1,3.0,1.0,5.0,15.0,No
CUST14822,Male,54,Kolkata,17,Quarterly,Standard,DSL,UPI,1207.47,20030.65,68.3,4.0,1.0,5.0,0.0,No
CUST14823,Female,42,Delhi,13,Monthly,Premium,Fiber,Credit Card,,20334.88,165.8,4.0,2.0,5.0,5.0,Yes
CUST14824,Male,65,Bengaluru,10,Monthly,Basic,Fiber,Bank Transfer,968.71,,103.4,1.0,1.0,8.0,0.0,No
CUST14825,Male,44,Pune,72,Yearly,Standard,DSL,Bank Transfer,1046.41,71138.42,53.6,2.0,0.0,8.0,5.0,No
CUST14826,Male,68,Jaipur,46,Monthly,Standard,DSL,Bank Transfer,928.07,42297.39,69.7,2.0,0.0,7.0,,No
CUST14827,Female,31,Jaipur,14,Quarterly,Premium,Fiber,Debit Card,1521.28,19962.46,179.8,3.0,0.0,7.0,5.0,No
CUST14828,Female,65,Kochi,49,Monthly,Standard,Fiber,UPI,1138.6,47413.04,,1.0,1.0,7.0,15.0,No
CUST14829,Female,64,Ahmedabad,25,Monthly,Basic,DSL,Credit Card,695.21,14443.7,68.4,,3.0,5.0,20.0,Yes
CUST14830,Female,53,Bengaluru,30,Yearly,Premium,DSL,UPI,1465.0,44188.71,104.0,1.0,1.0,6.0,0.0,No
CUST14831,Male,56,Delhi,21,Quarterly,Premium,DSL,Bank Transfer,1255.46,23610.14,121.8,2.0,0.0,7.0,10.0,No
CUST14832,Female,33,Ahmedabad,26,Monthly,Standard,Fiber,UPI,1215.54,26157.79,177.4,0.0,0.0,8.0,20.0,No
CUST14833,Male,39,Delhi,3,Monthly,Standard,DSL,Bank Transfer,891.94,2467.21,66.1,5.0,1.0,5.0,0.0,No
CUST14834,Female,38,Chennai,15,Monthly,Standard,DSL,Bank Transfer,1078.63,14590.3,122.3,0.0,0.0,6.0,10.0,No
CUST14835,Female,38,Chennai,12,Monthly,Standard,DSL,Bank Transfer,,10708.0,92.0,3.0,1.0,6.0,10.0,No
CUST14836,Male,25,Delhi,5,Yearly,Standard,DSL,Bank Transfer,1060.77,5727.35,92.5,3.0,1.0,6.0,0.0,Yes
CUST14837,Male,66,Jaipur,10,Yearly,Premium,DSL,Debit Card,1343.28,12857.25,59.1,0.0,3.0,,0.0,Yes
CUST14838,Female,33,Hyderabad,19,Monthly,Premium,DSL,Debit Card,1399.65,26081.45,64.2,3.0,0.0,7.0,0.0,Yes
CUST14839,Female,48,Hyderabad,54,Monthly,Standard,Fiber,Credit Card,1036.29,50835.04,187.3,2.0,2.0,3.0,10.0,Yes
CUST14840,Male,59,Kochi,27,Quarterly,Premium,Fiber,UPI,1500.3,41400.5,184.5,4.0,1.0,6.0,0.0,No
CUST14841,Male,27,Hyderabad,28,Monthly,Basic,DSL,UPI,862.11,23957.03,103.2,0.0,1.0,6.0,0.0,No
CUST14842,Male,49,Mumbai,19,Quarterly,Basic,Fiber,UPI,1014.23,16712.49,176.3,2.0,0.0,6.0,10.0,No
CUST14843,Male,51,Chennai,43,Quarterly,Standard,DSL,Cash,950.47,38231.65,105.2,2.0,1.0,4.0,5.0,Yes
CUST14844,Male,26,Ahmedabad,15,Quarterly,Standard,,UPI,822.92,12861.9,3.4,1.0,0.0,9.0,0.0,No
CUST14845,Female,34,Kolkata,49,Quarterly,Basic,,Bank Transfer,586.67,26466.21,3.5,3.0,0.0,8.0,5.0,No
CUST14846,,28,Kolkata,17,Quarterly,Standard,DSL,UPI,1056.44,13501.52,98.8,3.0,1.0,5.0,25.0,No
CUST14847,Female,49,Pune,21,Yearly,Basic,Fiber,Cash,,17844.42,119.0,0.0,0.0,9.0,,No
CUST14848,Female,27,Mumbai,7,Monthly,Standard,Fiber,Credit Card,1075.43,7190.3,286.9,2.0,1.0,9.0,0.0,No
CUST14849,Male,39,Ahmedabad,23,Yearly,Premium,,Credit Card,1320.16,29934.5,0.5,2.0,0.0,7.0,0.0,No
CUST14850,Male,34,Jaipur,69,Monthly,Standard,Fiber,Credit Card,1159.37,80344.61,213.9,1.0,0.0,7.0,0.0,Yes
CUST14851,Male,21,Mumbai,47,Monthly,Standard,,Bank Transfer,718.36,30775.33,0.5,4.0,1.0,6.0,10.0,Yes
CUST14852,Female,65,Bengaluru,60,Monthly,Premium,Fiber,UPI,1596.38,72420.76,194.4,1.0,,8.0,25.0,No
CUST14853,Male,69,Kochi,11,Quarterly,Standard,,Bank Transfer,1022.51,10365.02,99.7,0.0,2.0,9.0,10.0,No
CUST14854,Male,64,Ahmedabad,15,Monthly,Premium,Fiber,Debit Card,1559.31,22223.95,181.8,0.0,0.0,8.0,5.0,No
CUST14855,Female,42,Jaipur,22,Yearly,Standard,Fiber,UPI,1210.12,,132.4,2.0,2.0,5.0,5.0,No
CUST14856,Female,38,Jaipur,58,Quarterly,Premium,,UPI,1232.97,72007.67,9.1,5.0,1.0,6.0,0.0,No
CUST14857,Female,54,Chennai,6,Monthly,Premium,DSL,Bank Transfer,1539.7,8384.43,191.2,3.0,1.0,6.0,0.0,No
CUST14858,Male,55,Pune,11,Quarterly,Standard,Fiber,UPI,1126.94,10758.87,68.6,1.0,1.0,7.0,15.0,No
CUST14859,Male,66,Chennai,15,Yearly,Standard,Fiber,Bank Transfer,1138.33,15932.07,104.7,4.0,0.0,6.0,5.0,No
CUST14860,Female,18,Bengaluru,12,Quarterly,Standard,DSL,,1111.73,,55.0,2.0,1.0,7.0,0.0,Yes
CUST14861,Female,42,Kolkata,8,Monthly,Standard,Fiber,Debit Card,1399.63,10681.76,143.7,2.0,1.0,5.0,0.0,Yes
CUST14862,Male,68,Hyderabad,11,Yearly,Standard,DSL,Debit Card,1237.11,13352.83,84.6,6.0,0.0,6.0,5.0,No
CUST14863,Female,53,Pune,23,Quarterly,Basic,Fiber,Debit Card,958.55,19033.44,267.9,3.0,0.0,8.0,15.0,No
CUST14864,Male,34,Hyderabad,14,Monthly,Standard,Fiber,Credit Card,1171.96,15234.37,165.9,0.0,2.0,7.0,5.0,Yes
CUST14865,Female,58,Hyderabad,43,Monthly,Standard,Fiber,Bank Transfer,1157.28,42065.05,146.6,0.0,1.0,8.0,15.0,No
CUST14866,Female,41,Mumbai,25,Monthly,Premium,Fiber,Bank Transfer,1569.03,35023.68,277.3,3.0,1.0,5.0,10.0,Yes
CUST14867,Female,19,Mumbai,3,Yearly,Standard,Fiber,Credit Card,1060.7,3210.71,,2.0,0.0,8.0,0.0,No
CUST14868,Male,57,Bengaluru,11,Monthly,Basic,,Debit Card,604.64,6003.17,0.5,3.0,0.0,8.0,25.0,No
CUST14869,Male,32,Mumbai,8,Monthly,Basic,Fiber,Debit Card,1005.71,7136.83,226.5,2.0,0.0,9.0,0.0,No
CUST14870,Female,49,Kochi,5,Yearly,Basic,Fiber,Cash,889.2,4608.84,166.4,1.0,0.0,5.0,0.0,No
CUST14871,Male,56,Bengaluru,6,Monthly,Basic,Fiber,Bank Transfer,1067.43,5659.28,159.3,2.0,1.0,7.0,15.0,No
CUST14872,Female,23,Mumbai,19,Yearly,Basic,DSL,UPI,968.09,18128.23,106.9,4.0,1.0,4.0,0.0,No
CUST14873,Female,18,Chennai,46,Monthly,Standard,DSL,UPI,1120.81,48142.61,148.6,1.0,2.0,7.0,5.0,No
CUST14874,Male,64,Pune,18,Monthly,Premium,DSL,Cash,1396.37,21263.95,129.6,0.0,1.0,7.0,15.0,No
CUST14875,Male,40,Bengaluru,42,Monthly,Standard,Fiber,UPI,1131.34,42155.87,215.5,3.0,0.0,7.0,10.0,No
CUST14876,Male,56,Ahmedabad,13,Yearly,Standard,DSL,Cash,1111.93,14733.31,140.7,4.0,0.0,7.0,0.0,Yes
CUST14877,Male,34,Kolkata,22,Quarterly,Standard,DSL,Debit Card,1134.26,21767.36,97.2,1.0,0.0,8.0,10.0,No
CUST14878,Female,51,Mumbai,41,Yearly,Premium,Fiber,UPI,1547.45,53903.6,154.7,4.0,2.0,5.0,15.0,No
CUST14879,Male,58,Delhi,11,Quarterly,Premium,Fiber,Credit Card,1507.24,15365.25,64.5,0.0,1.0,8.0,5.0,No
CUST14880,Male,46,Jaipur,23,Monthly,Basic,DSL,Credit Card,613.14,13250.48,118.4,0.0,0.0,9.0,10.0,No
CUST14881,Female,26,Ahmedabad,59,Monthly,Basic,Fiber,Bank Transfer,816.51,36915.47,152.4,1.0,2.0,7.0,25.0,No
CUST14882,Female,30,Pune,27,,Basic,Fiber,Credit Card,866.54,17367.9,140.6,2.0,1.0,,25.0,No
CUST14883,Female,23,Bengaluru,72,Quarterly,Standard,Fiber,Credit Card,1287.24,87521.67,180.7,2.0,0.0,6.0,5.0,Yes
CUST14884,Female,23,Hyderabad,21,Yearly,Standard,Fiber,Cash,1154.18,25074.05,205.2,3.0,0.0,7.0,0.0,No
CUST14885,,37,Chennai,25,Monthly,Basic,Fiber,UPI,654.59,14660.1,173.7,3.0,1.0,6.0,10.0,No
CUST14886,Male,69,Mumbai,27,Quarterly,Premium,DSL,Debit Card,1397.58,37891.74,45.2,5.0,2.0,6.0,0.0,Yes
CUST14887,Female,70,Hyderabad,8,Yearly,Standard,DSL,Credit Card,1023.35,7307.47,73.7,2.0,2.0,7.0,10.0,No
CUST14888,Female,20,Chennai,20,Monthly,Premium,DSL,UPI,1421.59,26907.4,74.1,6.0,1.0,4.0,5.0,No
CUST14889,Male,34,Delhi,10,Yearly,Basic,Fiber,UPI,693.32,5993.46,249.8,1.0,0.0,8.0,10.0,No
CUST14890,Male,66,Kolkata,23,Monthly,Basic,DSL,Credit Card,722.71,14846.71,124.9,0.0,1.0,7.0,5.0,No
CUST14891,Male,29,Ahmedabad,8,Quarterly,Basic,DSL,UPI,855.6,6359.59,67.3,3.0,2.0,6.0,20.0,Yes
CUST14892,Male,65,Delhi,10,Monthly,Basic,Fiber,Credit Card,862.71,8726.09,270.6,1.0,0.0,8.0,0.0,No
CUST14893,Male,64,Ahmedabad,27,Monthly,Standard,DSL,Debit Card,996.02,26851.79,120.3,2.0,0.0,7.0,0.0,No
CUST14894,Female,62,Bengaluru,34,Monthly,Basic,DSL,Debit Card,688.23,20353.91,135.3,4.0,1.0,4.0,15.0,No
CUST14895,Female,18,Ahmedabad,28,Yearly,Standard,Fiber,Debit Card,1212.26,31966.37,129.7,2.0,0.0,9.0,5.0,No
CUST14896,Female,34,Bengaluru,28,Yearly,Basic,Fiber,Credit Card,778.13,,111.0,2.0,1.0,8.0,5.0,No
CUST14897,Female,20,Bengaluru,37,Monthly,Basic,Fiber,UPI,809.32,23571.07,192.4,1.0,1.0,7.0,20.0,No
CUST14898,Male,43,Pune,23,Yearly,Premium,,UPI,1339.77,27560.73,5.5,3.0,0.0,7.0,10.0,No
CUST14899,Female,32,,11,Quarterly,Premium,Fiber,Credit Card,1653.69,16663.74,295.4,2.0,2.0,7.0,10.0,No
CUST14900,Male,53,Jaipur,61,Yearly,Standard,Fiber,Cash,1156.61,70690.65,177.7,3.0,0.0,6.0,0.0,No
CUST14901,,49,Delhi,15,Monthly,Premium,Fiber,UPI,,21962.26,207.8,1.0,0.0,9.0,10.0,No
CUST14902,Male,49,Delhi,12,Monthly,Standard,DSL,Credit Card,976.43,11496.76,61.2,2.0,0.0,5.0,5.0,No
CUST14903,Male,21,Hyderabad,8,Quarterly,Standard,Fiber,,1125.43,8164.65,168.7,1.0,0.0,6.0,5.0,No
CUST14904,Male,35,Hyderabad,34,Monthly,Premium,DSL,Bank Transfer,1373.81,39245.99,65.4,0.0,0.0,7.0,15.0,No
CUST14905,Male,66,Delhi,14,Monthly,Basic,DSL,Cash,624.42,8078.46,76.0,4.0,1.0,,5.0,Yes
CUST14906,,36,Pune,56,Monthly,Basic,DSL,UPI,742.42,31066.43,98.8,1.0,1.0,7.0,25.0,No
CUST14907,Female,60,Kolkata,15,Monthly,Standard,DSL,UPI,1209.21,,122.5,2.0,3.0,6.0,15.0,No
CUST14908,Male,69,Ahmedabad,8,,Standard,Fiber,Credit Card,1040.19,7275.91,116.6,0.0,1.0,8.0,10.0,No
CUST14909,Female,52,Kochi,18,Yearly,Basic,,UPI,684.88,11546.89,,2.0,2.0,6.0,10.0,No
CUST14910,Female,57,Mumbai,24,Monthly,Basic,DSL,Debit Card,532.8,12899.67,131.6,1.0,2.0,5.0,5.0,Yes
CUST14911,Male,31,Kolkata,16,Monthly,Standard,,Bank Transfer,889.93,14173.61,1.9,1.0,0.0,6.0,,No
CUST14912,Male,50,Delhi,21,Monthly,Standard,DSL,Debit Card,901.42,19225.75,122.8,2.0,0.0,6.0,0.0,No
CUST14913,Female,31,Pune,38,Quarterly,Standard,DSL,UPI,1090.89,41086.25,90.7,2.0,0.0,6.0,,No
CUST14914,Female,51,Hyderabad,41,Quarterly,Premium,Fiber,UPI,1534.97,47152.99,121.3,2.0,1.0,5.0,25.0,No
CUST14915,Female,21,Kochi,34,Quarterly,Standard,Fiber,Cash,1257.45,42985.02,137.3,4.0,2.0,4.0,0.0,Yes
CUST14916,Female,41,Kolkata,24,Monthly,Standard,Fiber,Credit Card,1135.62,24108.84,189.8,1.0,0.0,7.0,10.0,Yes
CUST14917,Male,46,Kochi,16,Monthly,Premium,Fiber,Cash,1639.46,23983.18,128.5,2.0,1.0,8.0,10.0,No
CUST14918,Male,36,Ahmedabad,30,Quarterly,Premium,DSL,Bank Transfer,1432.69,38319.08,,0.0,0.0,8.0,10.0,No
CUST14919,Male,23,Jaipur,32,Yearly,Standard,Fiber,Cash,1296.65,37854.18,163.3,5.0,0.0,5.0,10.0,Yes
CUST14920,Female,50,Ahmedabad,70,Quarterly,Standard,Fiber,Bank Transfer,1184.46,83336.99,239.6,3.0,2.0,5.0,0.0,Yes
CUST14921,Male,66,Hyderabad,37,Monthly,Standard,DSL,Credit Card,1066.54,32127.38,133.2,3.0,2.0,8.0,20.0,Yes
CUST14922,Female,57,Mumbai,26,Monthly,Standard,,Bank Transfer,854.44,18284.27,3.0,0.0,0.0,7.0,20.0,No
CUST14923,,36,Delhi,40,Monthly,Basic,DSL,Credit Card,819.84,30480.56,66.5,1.0,0.0,6.0,10.0,No
CUST14924,Female,70,Bengaluru,43,Quarterly,Standard,DSL,UPI,1124.45,41352.37,,0.0,1.0,7.0,15.0,No
CUST14925,Male,18,Chennai,41,Monthly,Basic,DSL,UPI,752.87,30144.33,43.8,0.0,0.0,7.0,0.0,No
CUST14926,Male,22,Hyderabad,6,Monthly,Basic,,Credit Card,611.07,3730.85,123.8,3.0,0.0,6.0,0.0,Yes
CUST14927,Female,44,Chennai,16,Monthly,Standard,Fiber,UPI,1121.66,15923.07,201.4,1.0,1.0,7.0,10.0,No
CUST14928,Female,33,Kochi,20,Monthly,Premium,,UPI,1312.45,21629.26,0.5,2.0,2.0,8.0,15.0,No
CUST14929,Female,23,Jaipur,30,Monthly,Basic,Fiber,Credit Card,775.77,23912.49,272.5,1.0,,6.0,0.0,No
CUST14930,Female,57,Mumbai,9,Monthly,Basic,DSL,Cash,690.77,5752.97,68.9,,1.0,,5.0,No
CUST14931,Female,30,Delhi,35,Quarterly,Standard,DSL,Debit Card,1000.85,34284.41,109.5,4.0,1.0,7.0,0.0,No
CUST14932,Male,65,Hyderabad,19,Monthly,Standard,DSL,Credit Card,1030.95,14368.65,163.4,3.0,1.0,7.0,25.0,No
CUST14933,Female,52,Delhi,25,Monthly,Basic,DSL,UPI,719.53,16422.54,87.7,3.0,1.0,7.0,15.0,No
CUST14934,Male,36,Ahmedabad,17,Monthly,Basic,DSL,UPI,,12837.53,138.0,1.0,1.0,8.0,5.0,No
CUST14935,Male,29,,17,Monthly,Standard,DSL,Debit Card,964.03,12656.13,109.3,4.0,3.0,4.0,25.0,No
CUST14936,Male,33,Chennai,5,Quarterly,,Fiber,Bank Transfer,1529.97,7965.24,226.7,5.0,1.0,7.0,0.0,Yes
CUST14937,Male,60,Ahmedabad,35,Monthly,Basic,Fiber,Credit Card,1041.63,34182.5,165.7,1.0,0.0,8.0,5.0,No
CUST14938,Male,27,Ahmedabad,8,Quarterly,Basic,Fiber,Debit Card,1011.72,7604.4,92.8,0.0,0.0,10.0,0.0,No
CUST14939,Female,42,Bengaluru,3,Quarterly,Standard,Fiber,Bank Transfer,1240.59,4000.78,203.4,2.0,2.0,4.0,0.0,No
CUST14940,Female,37,Kolkata,7,Yearly,Basic,Fiber,UPI,948.74,7435.41,245.3,0.0,2.0,10.0,0.0,No
CUST14941,Male,48,Hyderabad,4,Monthly,Basic,DSL,Credit Card,770.45,2573.58,132.7,,4.0,5.0,0.0,Yes
CUST14942,Male,21,Delhi,63,Monthly,Standard,Fiber,Bank Transfer,1194.32,60145.45,169.5,7.0,2.0,5.0,20.0,No
CUST14943,Female,61,Bengaluru,15,Quarterly,Premium,DSL,Debit Card,1378.97,19767.45,119.7,2.0,1.0,6.0,5.0,No
CUST14944,,40,Hyderabad,47,Monthly,Basic,Fiber,UPI,1014.45,47438.42,246.0,2.0,0.0,8.0,,No
CUST14945,Male,19,Delhi,13,Monthly,Standard,DSL,UPI,1197.95,13928.08,101.0,4.0,1.0,7.0,10.0,Yes
CUST14946,,39,Mumbai,30,Quarterly,Standard,Fiber,Debit Card,1154.18,30648.58,69.4,2.0,0.0,5.0,10.0,No
CUST14947,Female,68,Pune,44,Monthly,Premium,DSL,UPI,1536.21,50849.31,111.5,1.0,0.0,8.0,25.0,Yes
CUST14948,Female,54,Kolkata,23,Monthly,,DSL,Bank Transfer,713.33,15672.39,111.9,6.0,0.0,5.0,5.0,No
CUST14949,Male,25,Mumbai,37,Quarterly,Standard,Fiber,UPI,1134.47,35987.22,205.5,3.0,0.0,7.0,15.0,Yes
CUST14950,Female,24,Bengaluru,31,Yearly,Premium,Fiber,UPI,1562.49,45913.26,229.3,2.0,3.0,5.0,5.0,No
CUST14951,Male,31,Ahmedabad,57,Yearly,Premium,Fiber,UPI,1567.18,89685.66,122.7,3.0,3.0,7.0,0.0,Yes
CUST14952,Male,20,Bengaluru,48,Monthly,Standard,DSL,Cash,1095.1,50105.92,52.6,3.0,1.0,6.0,5.0,No
CUST14953,Male,67,Jaipur,26,Monthly,Standard,DSL,Bank Transfer,1011.28,25596.28,28.8,2.0,1.0,8.0,5.0,No
CUST14954,Male,33,Pune,38,Monthly,Standard,DSL,Bank Transfer,1115.26,40128.41,106.6,2.0,0.0,8.0,5.0,No
CUST14955,Male,36,Delhi,11,Monthly,Standard,Fiber,Credit Card,1138.42,11741.75,119.3,4.0,2.0,6.0,10.0,Yes
CUST14956,Female,68,Mumbai,13,Quarterly,Standard,Fiber,Bank Transfer,1192.08,14610.09,248.3,2.0,1.0,6.0,5.0,No
CUST14957,Male,35,Bengaluru,38,Monthly,Standard,Fiber,Bank Transfer,1106.24,31848.62,194.0,1.0,3.0,7.0,25.0,Yes
CUST14958,Male,69,Mumbai,50,Monthly,Premium,Fiber,Credit Card,1492.53,56634.18,158.9,1.0,0.0,7.0,25.0,No
CUST14959,Male,33,Bengaluru,23,Yearly,Standard,Fiber,Cash,1226.19,27379.7,196.7,2.0,0.0,7.0,5.0,No
CUST14960,Female,25,Pune,36,Yearly,Standard,Fiber,Bank Transfer,1205.48,38955.62,144.0,1.0,1.0,7.0,10.0,No
CUST14961,Female,50,Mumbai,24,Quarterly,Premium,DSL,Cash,1409.99,31884.95,155.4,4.0,2.0,4.0,5.0,Yes
CUST14962,Female,66,Chennai,61,Yearly,Premium,Fiber,Bank Transfer,1522.66,88723.71,125.1,0.0,0.0,8.0,5.0,No
CUST14963,Female,29,Chennai,54,Quarterly,Standard,Fiber,Bank Transfer,1103.93,44482.41,196.3,3.0,0.0,6.0,25.0,No
CUST14964,Female,70,Delhi,31,Monthly,Standard,DSL,Cash,1075.47,33834.5,121.0,3.0,0.0,7.0,0.0,Yes
CUST14965,Female,28,Bengaluru,55,Monthly,Standard,DSL,Credit Card,991.65,51216.19,112.6,1.0,1.0,7.0,5.0,No
CUST14966,Female,22,Bengaluru,14,Monthly,Basic,DSL,Bank Transfer,877.62,12523.56,,1.0,0.0,7.0,0.0,Yes
CUST14967,Male,44,Bengaluru,19,Monthly,Basic,Fiber,UPI,911.43,15401.34,131.1,0.0,1.0,10.0,10.0,No
CUST14968,Male,29,Kolkata,5,Yearly,Standard,DSL,Bank Transfer,1089.56,4614.83,94.4,3.0,1.0,,0.0,No
CUST14969,Female,34,Delhi,13,Monthly,Basic,,Bank Transfer,660.2,6479.03,7.2,2.0,2.0,6.0,20.0,No
CUST14970,Male,23,Ahmedabad,10,Monthly,Standard,Fiber,Bank Transfer,1131.25,10553.38,240.4,2.0,0.0,9.0,5.0,No
CUST14971,Male,50,Hyderabad,9,Monthly,Standard,Fiber,Bank Transfer,1233.43,9843.03,116.0,2.0,0.0,,20.0,No
CUST14972,Female,22,Hyderabad,72,Monthly,Standard,DSL,Credit Card,1087.68,57236.9,143.8,4.0,0.0,7.0,25.0,No
CUST14973,Male,45,Chennai,43,Yearly,Basic,,Debit Card,506.17,18334.04,0.9,1.0,1.0,6.0,15.0,No
CUST14974,Male,31,Kolkata,39,Quarterly,Basic,Fiber,UPI,774.75,27019.27,238.6,5.0,0.0,5.0,10.0,No
CUST14975,Female,22,Mumbai,15,Quarterly,Basic,Fiber,UPI,725.04,10390.56,246.8,3.0,1.0,7.0,0.0,Yes
CUST14976,Male,50,Bengaluru,11,Monthly,Basic,DSL,Debit Card,675.04,5746.3,108.4,2.0,0.0,8.0,20.0,No
CUST14977,Female,67,Chennai,11,Quarterly,Premium,Fiber,Debit Card,1686.87,15698.28,168.4,3.0,0.0,6.0,15.0,No
CUST14978,Female,65,Delhi,4,Quarterly,Basic,,UPI,484.99,1604.99,4.3,3.0,0.0,7.0,0.0,No
CUST14979,Male,58,Hyderabad,34,Quarterly,Basic,Fiber,UPI,974.46,31653.74,145.0,2.0,1.0,6.0,5.0,No
CUST14980,Male,36,Pune,17,Yearly,Basic,DSL,Credit Card,686.64,12463.75,32.7,3.0,0.0,,0.0,Yes
CUST14981,Male,39,Hyderabad,8,Yearly,Standard,Fiber,Bank Transfer,1201.25,8624.22,192.0,5.0,0.0,7.0,10.0,No
CUST14982,Female,22,Pune,12,Yearly,Standard,Fiber,Debit Card,1240.02,14536.95,193.0,2.0,0.0,,0.0,Yes
CUST14983,Female,19,Chennai,21,Quarterly,Basic,,UPI,,11854.31,10.3,6.0,0.0,4.0,10.0,Yes
CUST14984,Female,47,Kolkata,37,Yearly,Premium,Fiber,Bank Transfer,1560.81,51801.01,190.0,1.0,0.0,6.0,10.0,No
CUST14985,Male,64,Pune,16,Monthly,Premium,Fiber,UPI,1546.39,25290.62,242.8,1.0,1.0,7.0,0.0,No
CUST14986,Male,56,Chennai,49,Yearly,Basic,DSL,Debit Card,589.32,22869.22,78.8,1.0,0.0,6.0,20.0,No
CUST14987,Female,21,Pune,54,Yearly,Standard,Fiber,UPI,1163.32,53640.1,217.0,2.0,1.0,7.0,15.0,No
CUST14988,Male,50,Jaipur,56,Yearly,Standard,Fiber,Cash,1463.37,77995.74,105.0,3.0,2.0,8.0,5.0,No
CUST14989,Male,30,Hyderabad,17,Yearly,Basic,Fiber,UPI,880.27,12025.03,87.6,2.0,,6.0,20.0,Yes
CUST14990,Female,37,,25,Monthly,Premium,DSL,Bank Transfer,1333.99,27779.22,83.2,2.0,0.0,8.0,15.0,No
CUST14991,Female,24,Kolkata,14,Monthly,Basic,DSL,Debit Card,735.61,8961.54,123.1,4.0,0.0,5.0,10.0,Yes
CUST14992,Male,32,Chennai,19,Monthly,Standard,DSL,UPI,,20936.71,56.6,2.0,0.0,8.0,0.0,No
CUST14993,Female,40,Bengaluru,15,Quarterly,Standard,Fiber,UPI,1149.8,15789.33,185.5,3.0,3.0,7.0,5.0,No
CUST14994,Male,31,Jaipur,9,Monthly,Standard,Fiber,Credit Card,1110.74,8007.3,232.6,2.0,0.0,7.0,15.0,No
CUST14995,Female,40,Bengaluru,23,Monthly,Premium,Fiber,Bank Transfer,1801.01,37041.01,209.3,3.0,,7.0,10.0,No
CUST14996,Female,36,Kolkata,20,Quarterly,Basic,DSL,UPI,779.76,14986.34,27.6,2.0,0.0,8.0,5.0,No
CUST14997,Female,46,Kolkata,33,Quarterly,Basic,DSL,Bank Transfer,872.53,22299.22,179.9,4.0,2.0,4.0,25.0,No
CUST14998,Male,37,Kochi,34,Yearly,Standard,,Debit Card,817.98,27944.93,7.3,1.0,1.0,8.0,0.0,No
CUST14999,Male,46,Bengaluru,21,Quarterly,Basic,,UPI,691.87,14592.73,7.1,3.0,0.0,6.0,0.0,No
CUST15000,Female,41,Chennai,31,Quarterly,Basic,Fiber,UPI,972.59,24155.11,238.1,1.0,1.0,7.0,20.0,No
